Date,Year,Month,Source,Data_Source,Recipient / Details,Description,Amount,Orig_Code,Orig_Label,Orig_Entity,Corr_Code,Corr_Label,Corr_Entity,Changed?,Reason,Your Verified Entity,Your Verified Category,Your Notes
2025-07-09,2025,7,Bank of Marin,2025 v3.xlsx,Funds Transfer,Funds Transfer,5000.0,4,Other Income,Revenue,71,Transfer (exclude),Exclude,YES,Other Income → Transfer (exclude),,,
2025-12-30,2025,12,Capital One CC,2025 v3.xlsx,PURCHASE ADJUSTMENT,PURCHASE ADJUSTMENT,4105.92,62,Amazon,Personal,71,Transfer (exclude),Exclude,YES,Amazon → Transfer (exclude),,,
2025-01-06,2025,1,Bank of Marin,2025 v3.xlsx,Funds Transfer,Funds Transfer,4000.0,4,Other Income,Revenue,71,Transfer (exclude),Exclude,YES,Other Income → Transfer (exclude),,,
2025-10-14,2025,10,Bank of Marin,2025 v3.xlsx,Deposit,Deposit,2771.0,4,Other Income,Revenue,3,Deposits,Revenue,YES,Other Income → Deposits,,,
2025-03-05,2025,3,Bank of Marin,2025 v3.xlsx,Funds Transfer,Funds Transfer,2000.0,4,Other Income,Revenue,71,Transfer (exclude),Exclude,YES,Other Income → Transfer (exclude),,,
2025-03-05,2025,3,Bank of Marin,2025 v3.xlsx,Funds Transfer,Funds Transfer,2000.0,4,Other Income,Revenue,71,Transfer (exclude),Exclude,YES,Other Income → Transfer (exclude),,,
2025-06-16,2025,6,Bank of Marin,2025 v3.xlsx,Funds Transfer,Funds Transfer,2000.0,4,Other Income,Revenue,71,Transfer (exclude),Exclude,YES,Other Income → Transfer (exclude),,,
2025-08-07,2025,8,Bank of Marin,2025 v3.xlsx,Funds Transfer,Funds Transfer,2000.0,4,Other Income,Revenue,71,Transfer (exclude),Exclude,YES,Other Income → Transfer (exclude),,,
2025-12-04,2025,12,Bank of Marin,2025 v3.xlsx,Funds Transfer,Funds Transfer,2000.0,4,Other Income,Revenue,71,Transfer (exclude),Exclude,YES,Other Income → Transfer (exclude),,,
2025-07-29,2025,7,Bank of Marin,2025 v3.xlsx,Funds Transfer,Funds Transfer,1500.0,4,Other Income,Revenue,71,Transfer (exclude),Exclude,YES,Other Income → Transfer (exclude),,,
2025-09-04,2025,9,Bank of Marin,2025 v3.xlsx,Funds Transfer,Funds Transfer,1500.0,4,Other Income,Revenue,71,Transfer (exclude),Exclude,YES,Other Income → Transfer (exclude),,,
2025-07-10,2025,7,Capital One CC,2025 v3.xlsx,PURCHASE ADJUSTMENT,PURCHASE ADJUSTMENT,1320.0,62,Amazon,Personal,71,Transfer (exclude),Exclude,YES,Amazon → Transfer (exclude),,,
2025-05-15,2025,5,Bank of Marin,2025 v3.xlsx,Credit Memo Dispute,Credit Memo Dispute,1224.28,42,Misc,Business,71,Transfer (exclude),Exclude,YES,Misc → Transfer (exclude),,,
2025-08-15,2025,8,Bank of Marin,2025 v3.xlsx,Check #5248 — PAYEE UNKNOWN,Return Item Check #5248,1178.0,11,Flowers,Business,71,Transfer (exclude),Exclude,YES,Flowers → Transfer (exclude),,,
2025-08-18,2025,8,Bank of Marin,2025 v3.xlsx,Funds Transfer,Funds Transfer,1000.0,4,Other Income,Revenue,71,Transfer (exclude),Exclude,YES,Other Income → Transfer (exclude),,,
2025-09-02,2025,9,Bank of Marin,2025 v3.xlsx,Funds Transfer,Funds Transfer,1000.0,4,Other Income,Revenue,71,Transfer (exclude),Exclude,YES,Other Income → Transfer (exclude),,,
2025-09-02,2025,9,Bank of Marin,2025 v3.xlsx,Funds Transfer,Funds Transfer,1000.0,4,Other Income,Revenue,71,Transfer (exclude),Exclude,YES,Other Income → Transfer (exclude),,,
2025-02-05,2025,2,Capital One CC,2025 v3.xlsx,PURCHASE ADJUSTMENT,PURCHASE ADJUSTMENT,964.08,62,Amazon,Personal,71,Transfer (exclude),Exclude,YES,Amazon → Transfer (exclude),,,
2025-07-30,2025,7,Bank of Marin,2025 v3.xlsx,Credit Memo Dispute,Credit Memo Dispute,922.6,42,Misc,Business,71,Transfer (exclude),Exclude,YES,Misc → Transfer (exclude),,,
2025-08-15,2025,8,Bank of Marin,2025 v3.xlsx,Check #5234 — PAYEE UNKNOWN,Return Item Check #5234,823.5,11,Flowers,Business,71,Transfer (exclude),Exclude,YES,Flowers → Transfer (exclude),,,
2025-12-15,2025,12,Bank of Marin,2025 v3.xlsx,Venmo — RECIPIENT UNKNOWN,Transfer from Venmo,500.0,22,Venmo,Business,71,Transfer (exclude),Exclude,YES,Venmo → Transfer (exclude),,,
2025-05-15,2025,5,Bank of Marin,2025 v3.xlsx,Credit Memo Dispute,Credit Memo Dispute,396.28,42,Misc,Business,71,Transfer (exclude),Exclude,YES,Misc → Transfer (exclude),,,
2025-06-09,2025,6,Capital One CC,2025 v3.xlsx,PURCHASE ADJUSTMENT,PURCHASE ADJUSTMENT,344.15,11,Flowers,Business,71,Transfer (exclude),Exclude,YES,Flowers → Transfer (exclude),,,
2025-04-23,2025,4,Capital One CC,2025 v3.xlsx,PURCHASE ADJUSTMENT,PURCHASE ADJUSTMENT,313.41,61,Subscriptions,Personal,71,Transfer (exclude),Exclude,YES,Subscriptions → Transfer (exclude),,,
2025-03-12,2025,3,Bank of Marin,2025 v3.xlsx,Venmo — RECIPIENT UNKNOWN,Transfer from Venmo,295.0,22,Venmo,Business,71,Transfer (exclude),Exclude,YES,Venmo → Transfer (exclude),,,
2025-04-23,2025,4,Capital One CC,2025 v3.xlsx,PURCHASE ADJUSTMENT,PURCHASE ADJUSTMENT,262.69,61,Subscriptions,Personal,71,Transfer (exclude),Exclude,YES,Subscriptions → Transfer (exclude),,,
2025-06-17,2025,6,Capital One CC,2025 v3.xlsx,NATURALIZER,NATURALIZER,221.48,15,Merchandise,Business,71,Transfer (exclude),Exclude,YES,Merchandise → Transfer (exclude),,,
2025-03-25,2025,3,Bank of Marin,2025 v3.xlsx,California State Tax Refund,California State Tax Refund,198.0,12,Tax,Business,4,Other Income,Revenue,YES,Tax → Other Income,,,
2025-11-14,2025,11,Capital One CC,2025 v3.xlsx,PURCHASE ADJUSTMENT,PURCHASE ADJUSTMENT,139.87,11,Flowers,Business,71,Transfer (exclude),Exclude,YES,Flowers → Transfer (exclude),,,
2025-11-25,2025,11,Capital One CC,2025 v3.xlsx,NATURALIZER,NATURALIZER,117.85,15,Merchandise,Business,71,Transfer (exclude),Exclude,YES,Merchandise → Transfer (exclude),,,
2025-11-28,2025,11,Capital One CC,2025 v3.xlsx,ONEQUINCE* Q14973277,ONEQUINCE* Q14973277,110.64,11,Flowers,Business,71,Transfer (exclude),Exclude,YES,Flowers → Transfer (exclude),,,
2025-04-24,2025,4,Bank of Marin,2025 v3.xlsx,Venmo — RECIPIENT UNKNOWN,Transfer from Venmo,80.0,22,Venmo,Business,71,Transfer (exclude),Exclude,YES,Venmo → Transfer (exclude),,,
2025-09-23,2025,9,Capital One CC,2025 v3.xlsx,PURCHASE ADJUSTMENT,PURCHASE ADJUSTMENT,68.0,62,Amazon,Personal,71,Transfer (exclude),Exclude,YES,Amazon → Transfer (exclude),,,
2025-05-29,2025,5,Capital One CC,2025 v3.xlsx,AMAZON MKTPLACE PMTS,AMAZON MKTPLACE PMTS,60.9,62,Amazon,Personal,71,Transfer (exclude),Exclude,YES,Amazon → Transfer (exclude),,,
2025-12-19,2025,12,Capital One CC,2025 v3.xlsx,PURCHASE ADJUSTMENT,PURCHASE ADJUSTMENT,60.73,11,Flowers,Business,71,Transfer (exclude),Exclude,YES,Flowers → Transfer (exclude),,,
2025-04-14,2025,4,Capital One CC,2025 v3.xlsx,AMAZON MKTPLACE PMTS,AMAZON MKTPLACE PMTS,55.76,62,Amazon,Personal,71,Transfer (exclude),Exclude,YES,Amazon → Transfer (exclude),,,
2025-07-30,2025,7,Bank of Marin,2025 v3.xlsx,Credit Memo Dispute,Credit Memo Dispute,55.25,11,Flowers,Business,71,Transfer (exclude),Exclude,YES,Flowers → Transfer (exclude),,,
2025-12-20,2025,12,Capital One CC,2025 v3.xlsx,PURCHASE ADJUSTMENT,PURCHASE ADJUSTMENT,54.65,11,Flowers,Business,71,Transfer (exclude),Exclude,YES,Flowers → Transfer (exclude),,,
2025-11-14,2025,11,Capital One CC,2025 v3.xlsx,PURCHASE ADJUSTMENT,PURCHASE ADJUSTMENT,50.0,11,Flowers,Business,71,Transfer (exclude),Exclude,YES,Flowers → Transfer (exclude),,,
2025-11-14,2025,11,Capital One CC,2025 v3.xlsx,PURCHASE ADJUSTMENT,PURCHASE ADJUSTMENT,50.0,11,Flowers,Business,71,Transfer (exclude),Exclude,YES,Flowers → Transfer (exclude),,,
2025-11-25,2025,11,Capital One CC,2025 v3.xlsx,AMAZON MKTPLACE PMTS,AMAZON MKTPLACE PMTS,48.99,62,Amazon,Personal,71,Transfer (exclude),Exclude,YES,Amazon → Transfer (exclude),,,
2025-10-24,2025,10,Capital One CC,2025 v3.xlsx,Etsy.com*PinkandBright,Etsy.com*PinkandBright,42.94,11,Flowers,Business,71,Transfer (exclude),Exclude,YES,Flowers → Transfer (exclude),,,
2025-11-22,2025,11,Capital One CC,2025 v3.xlsx,AMAZON MKTPLACE PMTS,AMAZON MKTPLACE PMTS,35.36,62,Amazon,Personal,71,Transfer (exclude),Exclude,YES,Amazon → Transfer (exclude),,,
2025-01-09,2025,1,Capital One CC,2025 v3.xlsx,REFUND IKEA 469123172,REFUND IKEA 469123172,35.32,45,Furniture,Business,4,Other Income,Revenue,YES,Furniture → Other Income,,,
2025-11-22,2025,11,Capital One CC,2025 v3.xlsx,AMAZON MKTPLACE PMTS,AMAZON MKTPLACE PMTS,20.52,62,Amazon,Personal,71,Transfer (exclude),Exclude,YES,Amazon → Transfer (exclude),,,
2025-05-27,2025,5,Capital One CC,2025 v3.xlsx,SP ROARK,SP ROARK,15.43,11,Flowers,Business,71,Transfer (exclude),Exclude,YES,Flowers → Transfer (exclude),,,
2025-11-14,2025,11,Capital One CC,2025 v3.xlsx,PURCHASE ADJUSTMENT,PURCHASE ADJUSTMENT,10.77,11,Flowers,Business,71,Transfer (exclude),Exclude,YES,Flowers → Transfer (exclude),,,
2025-11-14,2025,11,Capital One CC,2025 v3.xlsx,PURCHASE ADJUSTMENT,PURCHASE ADJUSTMENT,10.0,11,Flowers,Business,71,Transfer (exclude),Exclude,YES,Flowers → Transfer (exclude),,,
2025-11-14,2025,11,Capital One CC,2025 v3.xlsx,PURCHASE ADJUSTMENT,PURCHASE ADJUSTMENT,10.0,11,Flowers,Business,71,Transfer (exclude),Exclude,YES,Flowers → Transfer (exclude),,,
2023-11-22,2023,11,Capital One CC,CC uploads,AMZN Mktp US,AMZN Mktp US,0.0,15,Merchandise,Business,62,Amazon,Personal,YES,Merchandise → Amazon,,,
2023-02-01,2023,2,Capital One CC,CC uploads,CARIBEANTRAVEL,CARIBEANTRAVEL,0.0,42,Misc,Business,67,Travel,Personal,YES,Misc → Travel,,,
2026-05-07,2026,5,Capital One CC,CC uploads,AMAZON MKTPLACE PMTS,AMAZON MKTPLACE PMTS,0.0,15,Merchandise,Business,62,Amazon,Personal,YES,Merchandise → Amazon,,,
2026-02-24,2026,2,Capital One CC,CC uploads,AMAZON MKTPLACE PMTS,AMAZON MKTPLACE PMTS,0.0,15,Merchandise,Business,62,Amazon,Personal,YES,Merchandise → Amazon,,,
2026-01-03,2026,1,Capital One CC,CC uploads,AMAZON MKTPLACE PMTS,AMAZON MKTPLACE PMTS,0.0,15,Merchandise,Business,62,Amazon,Personal,YES,Merchandise → Amazon,,,
2025-02-28,2025,2,Capital One CC,2025 v3.xlsx,SQ *DANDELION FLOWERS,SQ *DANDELION FLOWERS,-0.1,11,Flowers,Business,15,Merchandise,Business,YES,Flowers → Merchandise,,,
2025-02-26,2025,2,Capital One CC,2025 v3.xlsx,SQ *DANDELION FLOWERS,SQ *DANDELION FLOWERS,-0.5,11,Flowers,Business,15,Merchandise,Business,YES,Flowers → Merchandise,,,
2025-08-05,2025,8,Bank of Marin,2025 v3.xlsx,Berkeley Ips Meter,Berkeley Ips Meter,-0.5,64,Car (personal),Personal,42,Misc,Business,YES,Car (personal) → Misc,,,
2025-01-02,2025,1,Bank of Marin,2025 v3.xlsx,California Department of Motor Vehicles,California Department of Motor Vehicles,-0.7,64,Car (personal),Personal,44,Car,Business,YES,Car (personal) → Car,,,
2025-06-23,2025,6,Bank of Marin,2025 v3.xlsx,City of Alameda,City of Alameda,-0.75,31,Car (shop),Business,33,Utilities,Business,YES,Car (shop) → Utilities,,,
2025-09-08,2025,9,Bank of Marin,2025 v3.xlsx,Coa Ips Parking,Coa Ips Parking,-0.75,64,Car (personal),Personal,42,Misc,Business,YES,Car (personal) → Misc,,,
2025-12-22,2025,12,Bank of Marin,2025 v3.xlsx,Coa Ips Parking,Coa Ips Parking,-0.75,64,Car (personal),Personal,42,Misc,Business,YES,Car (personal) → Misc,,,
2025-08-18,2025,8,Capital One CC,2025 v3.xlsx,Brindisi Multiservizi,Brindisi Multiservizi,-0.88,67,Travel,Personal,31,Car (shop),Business,YES,Travel → Car (shop),,,
2025-09-22,2025,9,Capital One CC,2025 v3.xlsx,Prime Video *X78OX8NB3,Prime Video *X78OX8NB3,-0.99,62,Amazon,Personal,61,Subscriptions,Personal,YES,Amazon → Subscriptions,,,
2025-02-26,2025,2,Capital One CC,2025 v3.xlsx,SQ *DANDELION FLOWERS,SQ *DANDELION FLOWERS,-1.0,11,Flowers,Business,15,Merchandise,Business,YES,Flowers → Merchandise,,,
2025-01-06,2025,1,Bank of Marin,2025 v3.xlsx,City of Alameda,City of Alameda,-1.0,31,Car (shop),Business,33,Utilities,Business,YES,Car (shop) → Utilities,,,
2025-03-17,2025,3,Bank of Marin,2025 v3.xlsx,City of Alameda,City of Alameda,-1.0,31,Car (shop),Business,33,Utilities,Business,YES,Car (shop) → Utilities,,,
2025-03-17,2025,3,Bank of Marin,2025 v3.xlsx,City of Alameda,City of Alameda,-1.0,31,Car (shop),Business,33,Utilities,Business,YES,Car (shop) → Utilities,,,
2025-03-17,2025,3,Bank of Marin,2025 v3.xlsx,City of Alameda,City of Alameda,-1.0,31,Car (shop),Business,33,Utilities,Business,YES,Car (shop) → Utilities,,,
2025-03-24,2025,3,Bank of Marin,2025 v3.xlsx,City of Alameda,City of Alameda,-1.0,31,Car (shop),Business,33,Utilities,Business,YES,Car (shop) → Utilities,,,
2025-04-07,2025,4,Bank of Marin,2025 v3.xlsx,City of Alameda,City of Alameda,-1.0,31,Car (shop),Business,33,Utilities,Business,YES,Car (shop) → Utilities,,,
2025-05-05,2025,5,Bank of Marin,2025 v3.xlsx,City of Alameda,City of Alameda,-1.0,31,Car (shop),Business,33,Utilities,Business,YES,Car (shop) → Utilities,,,
2025-07-22,2025,7,Bank of Marin,2025 v3.xlsx,City of Alameda,City of Alameda,-1.0,31,Car (shop),Business,33,Utilities,Business,YES,Car (shop) → Utilities,,,
2025-09-08,2025,9,Bank of Marin,2025 v3.xlsx,Coa Ips Parking,Coa Ips Parking,-1.0,64,Car (personal),Personal,42,Misc,Business,YES,Car (personal) → Misc,,,
2025-12-22,2025,12,Bank of Marin,2025 v3.xlsx,Coa Ips Parking,Coa Ips Parking,-1.0,64,Car (personal),Personal,42,Misc,Business,YES,Car (personal) → Misc,,,
2025-05-09,2025,5,Bank of Marin,2025 v3.xlsx,Rev Com,Rev Com,-1.0,64,Car (personal),Personal,43,Food,Business,YES,Car (personal) → Food,,,
2024-11-21,2024,11,Capital One CC,2024.xlsx Capital 1 Clean,AMAZON MARK* V22CS1YE3,AMAZON MARK* V22CS1YE3,-1.11,15,Merchandise,Business,62,Amazon,Personal,YES,Merchandise → Amazon,,,
2024-11-26,2024,11,Capital One CC,2024.xlsx Capital 1 Clean,AMAZON MARK* V22CS1YE3,AMAZON MARK* V22CS1YE3,-1.11,15,Merchandise,Business,62,Amazon,Personal,YES,Merchandise → Amazon,,,
2025-12-22,2025,12,Bank of Marin,2025 v3.xlsx,Coa Ips Parking,Coa Ips Parking,-1.25,64,Car (personal),Personal,42,Misc,Business,YES,Car (personal) → Misc,,,
2025-07-31,2025,7,Capital One CC,2025 v3.xlsx,VALVI PORT DE LA SELVA,VALVI PORT DE LA SELVA,-1.41,11,Flowers,Business,15,Merchandise,Business,YES,Flowers → Merchandise,,,
2025-01-03,2025,1,Bank of Marin,2025 v3.xlsx,City of Alameda,City of Alameda,-1.5,31,Car (shop),Business,33,Utilities,Business,YES,Car (shop) → Utilities,,,
2025-10-27,2025,10,Bank of Marin,2025 v3.xlsx,Coa Ips Parking,Coa Ips Parking,-1.5,64,Car (personal),Personal,42,Misc,Business,YES,Car (personal) → Misc,,,
2023-07-03,2023,7,Bank of Marin,BoM master,Jitter Bean Co,Jitter Bean Co,-1.55,42,Misc,Business,43,Food,Business,YES,Misc → Food,,,
2025-08-14,2025,8,Capital One CC,2025 v3.xlsx,ASPIT FANO           -,ASPIT FANO           -,-1.75,67,Travel,Personal,31,Car (shop),Business,YES,Travel → Car (shop),,,
2025-11-06,2025,11,Capital One CC,2025 v3.xlsx,APPLE.COM/BILL,APPLE.COM/BILL,-1.99,61,Subscriptions,Personal,65,Entertainment,Personal,YES,Subscriptions → Entertainment,,,
2025-03-24,2025,3,Bank of Marin,2025 v3.xlsx,City of Alameda,City of Alameda,-2.0,31,Car (shop),Business,33,Utilities,Business,YES,Car (shop) → Utilities,,,
2025-09-08,2025,9,Bank of Marin,2025 v3.xlsx,Coa Ips Parking,Coa Ips Parking,-2.0,64,Car (personal),Personal,42,Misc,Business,YES,Car (personal) → Misc,,,
2025-12-08,2025,12,Bank of Marin,2025 v3.xlsx,Coa Ips Parking,Coa Ips Parking,-2.0,64,Car (personal),Personal,42,Misc,Business,YES,Car (personal) → Misc,,,
2025-12-08,2025,12,Bank of Marin,2025 v3.xlsx,Coa Ips Parking,Coa Ips Parking,-2.0,64,Car (personal),Personal,42,Misc,Business,YES,Car (personal) → Misc,,,
2025-12-23,2025,12,Bank of Marin,2025 v3.xlsx,Coa Ips Parking,Coa Ips Parking,-2.0,64,Car (personal),Personal,42,Misc,Business,YES,Car (personal) → Misc,,,
2025-12-23,2025,12,Bank of Marin,2025 v3.xlsx,Coa Ips Parking,Coa Ips Parking,-2.0,64,Car (personal),Personal,42,Misc,Business,YES,Car (personal) → Misc,,,
2025-12-26,2025,12,Bank of Marin,2025 v3.xlsx,Coa Ips Parking,Coa Ips Parking,-2.0,64,Car (personal),Personal,42,Misc,Business,YES,Car (personal) → Misc,,,
2025-12-29,2025,12,Capital One CC,2025 v3.xlsx,Chantal,Chantal,-2.05,11,Flowers,Business,15,Merchandise,Business,YES,Flowers → Merchandise,,,
2025-12-29,2025,12,Capital One CC,2025 v3.xlsx,Shakespeare Mini Marke,Shakespeare Mini Marke,-2.08,11,Flowers,Business,15,Merchandise,Business,YES,Flowers → Merchandise,,,
2025-01-30,2025,1,Capital One CC,2025 v3.xlsx,Prime Video *ZC8P97ZN1,Prime Video *ZC8P97ZN1,-2.49,62,Amazon,Personal,61,Subscriptions,Personal,YES,Amazon → Subscriptions,,,
2025-06-03,2025,6,Bank of Marin,2025 v3.xlsx,City of Alameda,City of Alameda,-2.5,31,Car (shop),Business,33,Utilities,Business,YES,Car (shop) → Utilities,,,
2025-07-11,2025,7,Bank of Marin,2025 v3.xlsx,Oakland Parking Meter,Oakland Parking Meter,-2.55,64,Car (personal),Personal,42,Misc,Business,YES,Car (personal) → Misc,,,
2025-12-17,2025,12,Capital One CC,2025 v3.xlsx,LYLO AUCKLAND,LYLO AUCKLAND,-2.62,64,Car (personal),Personal,42,Misc,Business,YES,Car (personal) → Misc,,,
2023-07-03,2023,7,Bank of Marin,BoM master,Jitter Bean Co,Jitter Bean Co,-2.7,42,Misc,Business,43,Food,Business,YES,Misc → Food,,,
2025-12-16,2025,12,Capital One CC,2025 v3.xlsx,EXPRESS SUPERMARKET,EXPRESS SUPERMARKET,-2.84,11,Flowers,Business,15,Merchandise,Business,YES,Flowers → Merchandise,,,
2025-07-22,2025,7,Capital One CC,2025 v3.xlsx,MTA*NYCT PAYGO,MTA*NYCT PAYGO,-2.9,64,Car (personal),Personal,42,Misc,Business,YES,Car (personal) → Misc,,,
2025-07-22,2025,7,Capital One CC,2025 v3.xlsx,MTA*NYCT PAYGO,MTA*NYCT PAYGO,-2.9,64,Car (personal),Personal,42,Misc,Business,YES,Car (personal) → Misc,,,
2025-07-22,2025,7,Capital One CC,2025 v3.xlsx,MTA*NYCT PAYGO,MTA*NYCT PAYGO,-2.9,64,Car (personal),Personal,42,Misc,Business,YES,Car (personal) → Misc,,,
2025-07-22,2025,7,Capital One CC,2025 v3.xlsx,MTA*NYCT PAYGO,MTA*NYCT PAYGO,-2.9,64,Car (personal),Personal,42,Misc,Business,YES,Car (personal) → Misc,,,
2025-07-23,2025,7,Capital One CC,2025 v3.xlsx,MTA*NYCT PAYGO,MTA*NYCT PAYGO,-2.9,64,Car (personal),Personal,42,Misc,Business,YES,Car (personal) → Misc,,,
2025-07-23,2025,7,Capital One CC,2025 v3.xlsx,MTA*NYCT PAYGO,MTA*NYCT PAYGO,-2.9,64,Car (personal),Personal,42,Misc,Business,YES,Car (personal) → Misc,,,
2025-01-29,2025,1,Capital One CC,2025 v3.xlsx,APPLE.COM/BILL,APPLE.COM/BILL,-2.99,61,Subscriptions,Personal,65,Entertainment,Personal,YES,Subscriptions → Entertainment,,,
2025-03-03,2025,3,Capital One CC,2025 v3.xlsx,APPLE.COM/BILL,APPLE.COM/BILL,-2.99,61,Subscriptions,Personal,65,Entertainment,Personal,YES,Subscriptions → Entertainment,,,
2025-03-29,2025,3,Capital One CC,2025 v3.xlsx,APPLE.COM/BILL,APPLE.COM/BILL,-2.99,61,Subscriptions,Personal,65,Entertainment,Personal,YES,Subscriptions → Entertainment,,,
2025-06-16,2025,6,Capital One CC,2025 v3.xlsx,APPLE.COM/BILL,APPLE.COM/BILL,-2.99,61,Subscriptions,Personal,65,Entertainment,Personal,YES,Subscriptions → Entertainment,,,
2025-08-04,2025,8,Capital One CC,2025 v3.xlsx,APPLE.COM/BILL,APPLE.COM/BILL,-2.99,61,Subscriptions,Personal,65,Entertainment,Personal,YES,Subscriptions → Entertainment,,,
2025-08-15,2025,8,Capital One CC,2025 v3.xlsx,APPLE.COM/BILL,APPLE.COM/BILL,-2.99,61,Subscriptions,Personal,65,Entertainment,Personal,YES,Subscriptions → Entertainment,,,
2025-09-15,2025,9,Capital One CC,2025 v3.xlsx,APPLE.COM/BILL,APPLE.COM/BILL,-2.99,61,Subscriptions,Personal,65,Entertainment,Personal,YES,Subscriptions → Entertainment,,,
2025-10-15,2025,10,Capital One CC,2025 v3.xlsx,APPLE.COM/BILL,APPLE.COM/BILL,-2.99,61,Subscriptions,Personal,65,Entertainment,Personal,YES,Subscriptions → Entertainment,,,
2025-11-15,2025,11,Capital One CC,2025 v3.xlsx,APPLE.COM/BILL,APPLE.COM/BILL,-2.99,61,Subscriptions,Personal,65,Entertainment,Personal,YES,Subscriptions → Entertainment,,,
2025-12-16,2025,12,Capital One CC,2025 v3.xlsx,APPLE.COM/BILL,APPLE.COM/BILL,-2.99,61,Subscriptions,Personal,65,Entertainment,Personal,YES,Subscriptions → Entertainment,,,
2023-07-05,2023,7,Bank of Marin,BoM master,Prime Video,Prime Video,-2.99,42,Misc,Business,61,Subscriptions,Personal,YES,Misc → Subscriptions,,,
2023-04-17,2023,4,Bank of Marin,BoM master,Prime Video,Prime Video,-2.99,42,Misc,Business,61,Subscriptions,Personal,YES,Misc → Subscriptions,,,
2023-04-13,2023,4,Bank of Marin,BoM master,Prime Video,Prime Video,-2.99,42,Misc,Business,61,Subscriptions,Personal,YES,Misc → Subscriptions,,,
2025-12-19,2025,12,Capital One CC,2025 v3.xlsx,The Warehouse 144 New,The Warehouse 144 New,-3.18,11,Flowers,Business,15,Merchandise,Business,YES,Flowers → Merchandise,,,
2023-12-13,2023,12,Capital One CC,CC uploads,AMZN Mktp US*TB8M02UN3,AMZN Mktp US*TB8M02UN3,-3.31,15,Merchandise,Business,62,Amazon,Personal,YES,Merchandise → Amazon,,,
2023-12-01,2023,12,Capital One CC,CC uploads,Amazon.com*I12SK9YN3,Amazon.com*I12SK9YN3,-3.31,15,Merchandise,Business,62,Amazon,Personal,YES,Merchandise → Amazon,,,
2025-02-12,2025,2,Bank of Marin,2025 v3.xlsx,Jazeera Market,Jazeera Market,-3.49,11,Flowers,Business,42,Misc,Business,YES,Flowers → Misc,,,
2024-05-22,2024,5,Capital One CC,2024.xlsx Capital 1 Clean,AMAZON PRIME*YM1N58CD3,AMAZON PRIME*YM1N58CD3,-3.59,65,Entertainment,Personal,62,Amazon,Personal,YES,Entertainment → Amazon,,,
2024-07-20,2024,7,Capital One CC,2024.xlsx Capital 1 Clean,Prime Video *RJ1NU1442,Prime Video *RJ1NU1442,-3.79,65,Entertainment,Personal,61,Subscriptions,Personal,YES,Entertainment → Subscriptions,,,
2024-07-20,2024,7,Capital One CC,2024.xlsx Capital 1 Clean,Prime Video *RJ93Q4LC2,Prime Video *RJ93Q4LC2,-3.79,65,Entertainment,Personal,61,Subscriptions,Personal,YES,Entertainment → Subscriptions,,,
2025-07-23,2025,7,Capital One CC,2025 v3.xlsx,Prime Video *5I30W80F3,Prime Video *5I30W80F3,-3.79,62,Amazon,Personal,61,Subscriptions,Personal,YES,Amazon → Subscriptions,,,
2025-09-01,2025,9,Capital One CC,2025 v3.xlsx,Prime Video *JY68379W3,Prime Video *JY68379W3,-3.79,62,Amazon,Personal,61,Subscriptions,Personal,YES,Amazon → Subscriptions,,,
2025-04-14,2025,4,Capital One CC,2025 v3.xlsx,Prime Video *LA1YO37I3,Prime Video *LA1YO37I3,-3.79,62,Amazon,Personal,61,Subscriptions,Personal,YES,Amazon → Subscriptions,,,
2025-06-30,2025,6,Capital One CC,2025 v3.xlsx,Prime Video *NQ0TZ18A0,Prime Video *NQ0TZ18A0,-3.89,62,Amazon,Personal,61,Subscriptions,Personal,YES,Amazon → Subscriptions,,,
2025-05-23,2025,5,Capital One CC,2025 v3.xlsx,Prime Video Channels,Prime Video Channels,-3.89,62,Amazon,Personal,61,Subscriptions,Personal,YES,Amazon → Subscriptions,,,
2025-06-24,2025,6,Capital One CC,2025 v3.xlsx,Prime Video Channels,Prime Video Channels,-3.89,62,Amazon,Personal,61,Subscriptions,Personal,YES,Amazon → Subscriptions,,,
2025-07-23,2025,7,Capital One CC,2025 v3.xlsx,Prime Video Channels,Prime Video Channels,-3.89,62,Amazon,Personal,61,Subscriptions,Personal,YES,Amazon → Subscriptions,,,
2024-02-04,2024,2,Capital One CC,2024.xlsx Capital 1 Clean,Prime Video *R22CY8UG2,Prime Video *R22CY8UG2,-3.99,65,Entertainment,Personal,61,Subscriptions,Personal,YES,Entertainment → Subscriptions,,,
2024-03-17,2024,3,Capital One CC,2024.xlsx Capital 1 Clean,AMAZON PRIME*RH23H7GO0,AMAZON PRIME*RH23H7GO0,-3.99,65,Entertainment,Personal,62,Amazon,Personal,YES,Entertainment → Amazon,,,
2024-07-17,2024,7,Capital One CC,2024.xlsx Capital 1 Clean,Prime Video *RS1RR1H40,Prime Video *RS1RR1H40,-3.99,65,Entertainment,Personal,61,Subscriptions,Personal,YES,Entertainment → Subscriptions,,,
2025-01-06,2025,1,Bank of Marin,2025 v3.xlsx,Prime Video,Prime Video,-3.99,62,Amazon,Personal,61,Subscriptions,Personal,YES,Amazon → Subscriptions,,,
2025-09-29,2025,9,Capital One CC,2025 v3.xlsx,Prime Video *HW4BV2U13,Prime Video *HW4BV2U13,-3.99,62,Amazon,Personal,61,Subscriptions,Personal,YES,Amazon → Subscriptions,,,
2025-10-11,2025,10,Capital One CC,2025 v3.xlsx,Prime Video *NF0UZ8JD2,Prime Video *NF0UZ8JD2,-3.99,62,Amazon,Personal,61,Subscriptions,Personal,YES,Amazon → Subscriptions,,,
2025-07-11,2025,7,Capital One CC,2025 v3.xlsx,Prime Video *NL84147D0,Prime Video *NL84147D0,-3.99,62,Amazon,Personal,61,Subscriptions,Personal,YES,Amazon → Subscriptions,,,
2023-09-05,2023,9,Bank of Marin,BoM master,Prime Video,Prime Video,-3.99,42,Misc,Business,61,Subscriptions,Personal,YES,Misc → Subscriptions,,,
2023-06-06,2023,6,Bank of Marin,BoM master,Prime Video,Prime Video,-3.99,42,Misc,Business,61,Subscriptions,Personal,YES,Misc → Subscriptions,,,
2023-05-30,2023,5,Bank of Marin,BoM master,Prime Video,Prime Video,-3.99,42,Misc,Business,61,Subscriptions,Personal,YES,Misc → Subscriptions,,,
2023-04-24,2023,4,Bank of Marin,BoM master,Prime Video,Prime Video,-3.99,42,Misc,Business,61,Subscriptions,Personal,YES,Misc → Subscriptions,,,
2023-04-12,2023,4,Bank of Marin,BoM master,Prime Video,Prime Video,-3.99,42,Misc,Business,61,Subscriptions,Personal,YES,Misc → Subscriptions,,,
2023-04-05,2023,4,Bank of Marin,BoM master,Prime Video,Prime Video,-3.99,42,Misc,Business,61,Subscriptions,Personal,YES,Misc → Subscriptions,,,
2023-04-03,2023,4,Bank of Marin,BoM master,Prime Video,Prime Video,-3.99,42,Misc,Business,61,Subscriptions,Personal,YES,Misc → Subscriptions,,,
2023-03-20,2023,3,Bank of Marin,BoM master,Prime Video,Prime Video,-3.99,42,Misc,Business,61,Subscriptions,Personal,YES,Misc → Subscriptions,,,
2023-03-13,2023,3,Bank of Marin,BoM master,Prime Video,Prime Video,-3.99,42,Misc,Business,61,Subscriptions,Personal,YES,Misc → Subscriptions,,,
2023-02-22,2023,2,Bank of Marin,BoM master,Prime Video,Prime Video,-3.99,42,Misc,Business,61,Subscriptions,Personal,YES,Misc → Subscriptions,,,
2023-02-06,2023,2,Bank of Marin,BoM master,Prime Video,Prime Video,-3.99,42,Misc,Business,61,Subscriptions,Personal,YES,Misc → Subscriptions,,,
2026-06-15,2026,6,Capital One CC,CC uploads,Prime Video *2P2KM3JB3,Prime Video *2P2KM3JB3,-3.99,65,Entertainment,Personal,61,Subscriptions,Personal,YES,Entertainment → Subscriptions,,,
2026-05-26,2026,5,Capital One CC,CC uploads,Prime Video Channels,Prime Video Channels,-3.99,65,Entertainment,Personal,61,Subscriptions,Personal,YES,Entertainment → Subscriptions,,,
2026-04-22,2026,4,Capital One CC,CC uploads,Prime Video *BY43N2ID1,Prime Video *BY43N2ID1,-3.99,65,Entertainment,Personal,61,Subscriptions,Personal,YES,Entertainment → Subscriptions,,,
2026-03-29,2026,3,Capital One CC,CC uploads,Prime Video *BG5EE8CN1,Prime Video *BG5EE8CN1,-3.99,65,Entertainment,Personal,61,Subscriptions,Personal,YES,Entertainment → Subscriptions,,,
2026-02-28,2026,2,Capital One CC,CC uploads,Prime Video *BE6IX68D2,Prime Video *BE6IX68D2,-3.99,65,Entertainment,Personal,61,Subscriptions,Personal,YES,Entertainment → Subscriptions,,,
2023-03-17,2023,3,Bank of Marin,BoM master,Prime Video,Prime Video,-4.29,42,Misc,Business,61,Subscriptions,Personal,YES,Misc → Subscriptions,,,
2023-08-28,2023,8,Bank of Marin,BoM master,McDonald's,McDonald's,-4.3,42,Misc,Business,43,Food,Business,YES,Misc → Food,,,
2026-05-19,2026,5,Bank of Marin,BoM master,Five Guys,Five Guys,-4.4,42,Misc,Business,43,Food,Business,YES,Misc → Food,,,
2023-10-17,2023,10,Bank of Marin,BoM master,Signal Coffee Roas Alameda Ca,Signal Coffee Roas Alameda Ca,-4.46,42,Misc,Business,43,Food,Business,YES,Misc → Food,,,
2025-12-15,2025,12,Capital One CC,2025 v3.xlsx,Chemist Warehouse,Chemist Warehouse,-4.65,64,Car (personal),Personal,42,Misc,Business,YES,Car (personal) → Misc,,,
2023-12-09,2023,12,Capital One CC,CC uploads,AMZN Mktp US*8Q2771FI3,AMZN Mktp US*8Q2771FI3,-4.82,15,Merchandise,Business,62,Amazon,Personal,YES,Merchandise → Amazon,,,
2024-05-08,2024,5,Capital One CC,2024.xlsx Capital 1 Clean,AMAZON.COM*BO65W8HQ3,AMAZON.COM*BO65W8HQ3,-4.92,15,Merchandise,Business,62,Amazon,Personal,YES,Merchandise → Amazon,,,
2026-03-14,2026,3,Capital One CC,CC uploads,Amazon.com*BP4784GB0,Amazon.com*BP4784GB0,-4.98,15,Merchandise,Business,62,Amazon,Personal,YES,Merchandise → Amazon,,,
2024-07-09,2024,7,Capital One CC,2024.xlsx Capital 1 Clean,Prime Video *R70005YS2,Prime Video *R70005YS2,-4.99,65,Entertainment,Personal,61,Subscriptions,Personal,YES,Entertainment → Subscriptions,,,
2024-07-20,2024,7,Capital One CC,2024.xlsx Capital 1 Clean,Prime Video *RJ2JU0NU0,Prime Video *RJ2JU0NU0,-4.99,65,Entertainment,Personal,61,Subscriptions,Personal,YES,Entertainment → Subscriptions,,,
2025-12-16,2025,12,Capital One CC,2025 v3.xlsx,APPLE.COM/BILL,APPLE.COM/BILL,-4.99,61,Subscriptions,Personal,65,Entertainment,Personal,YES,Subscriptions → Entertainment,,,
2025-04-29,2025,4,Capital One CC,2025 v3.xlsx,Prime Video *5T1T30MR3,Prime Video *5T1T30MR3,-4.99,62,Amazon,Personal,61,Subscriptions,Personal,YES,Amazon → Subscriptions,,,
2025-06-16,2025,6,Capital One CC,2025 v3.xlsx,Prime Video *NA92Q6AE0,Prime Video *NA92Q6AE0,-4.99,62,Amazon,Personal,61,Subscriptions,Personal,YES,Amazon → Subscriptions,,,
2025-05-20,2025,5,Capital One CC,2025 v3.xlsx,Prime Video *NZ7MA7972,Prime Video *NZ7MA7972,-4.99,62,Amazon,Personal,61,Subscriptions,Personal,YES,Amazon → Subscriptions,,,
2023-06-20,2023,6,Bank of Marin,BoM master,Prime Video,Prime Video,-4.99,42,Misc,Business,61,Subscriptions,Personal,YES,Misc → Subscriptions,,,
2023-04-19,2023,4,Bank of Marin,BoM master,Prime Video,Prime Video,-4.99,42,Misc,Business,61,Subscriptions,Personal,YES,Misc → Subscriptions,,,
2023-10-19,2023,10,Capital One CC,CC uploads,Prime Video *TJ1EI0LO3,Prime Video *TJ1EI0LO3,-4.99,65,Entertainment,Personal,61,Subscriptions,Personal,YES,Entertainment → Subscriptions,,,
2023-10-08,2023,10,Capital One CC,CC uploads,Prime Video *TE0YY6MB2,Prime Video *TE0YY6MB2,-4.99,65,Entertainment,Personal,61,Subscriptions,Personal,YES,Entertainment → Subscriptions,,,
2026-07-21,2026,7,Capital One CC,CC uploads,Prime Video *9H1P13I13,Prime Video *9H1P13I13,-4.99,65,Entertainment,Personal,61,Subscriptions,Personal,YES,Entertainment → Subscriptions,,,
2026-06-15,2026,6,Capital One CC,CC uploads,Amazon.com*SB4HR7PG3,Amazon.com*SB4HR7PG3,-4.99,15,Merchandise,Business,62,Amazon,Personal,YES,Merchandise → Amazon,,,
2026-03-01,2026,3,Capital One CC,CC uploads,Prime Video *B90MN0GD0,Prime Video *B90MN0GD0,-4.99,65,Entertainment,Personal,61,Subscriptions,Personal,YES,Entertainment → Subscriptions,,,
2026-07-21,2026,7,Capital One CC,CC uploads,Amazon Tips*7V93Z0213,Amazon Tips*7V93Z0213,-5.0,15,Merchandise,Business,62,Amazon,Personal,YES,Merchandise → Amazon,,,
2026-07-17,2026,7,Capital One CC,CC uploads,Amazon Tips*O40ET0D33,Amazon Tips*O40ET0D33,-5.0,15,Merchandise,Business,62,Amazon,Personal,YES,Merchandise → Amazon,,,
2026-07-04,2026,7,Capital One CC,CC uploads,Amazon Tips*5F8XI0273,Amazon Tips*5F8XI0273,-5.0,15,Merchandise,Business,62,Amazon,Personal,YES,Merchandise → Amazon,,,
2026-06-16,2026,6,Capital One CC,CC uploads,Amazon Tips*O03A17L33,Amazon Tips*O03A17L33,-5.0,15,Merchandise,Business,62,Amazon,Personal,YES,Merchandise → Amazon,,,
2026-04-10,2026,4,Capital One CC,CC uploads,Amazon Tips*BY1KF70R2,Amazon Tips*BY1KF70R2,-5.0,15,Merchandise,Business,62,Amazon,Personal,YES,Merchandise → Amazon,,,
2026-03-21,2026,3,Capital One CC,CC uploads,Amazon Tips*BD5K25WO1,Amazon Tips*BD5K25WO1,-5.0,15,Merchandise,Business,62,Amazon,Personal,YES,Merchandise → Amazon,,,
2025-12-29,2025,12,Capital One CC,2025 v3.xlsx,New World Wairoa,New World Wairoa,-5.02,11,Flowers,Business,15,Merchandise,Business,YES,Flowers → Merchandise,,,
2025-12-29,2025,12,Capital One CC,2025 v3.xlsx,OCEAN SEAFOODS,OCEAN SEAFOODS,-5.05,11,Flowers,Business,15,Merchandise,Business,YES,Flowers → Merchandise,,,
2025-12-17,2025,12,Capital One CC,2025 v3.xlsx,ROYAL SAVE MART,ROYAL SAVE MART,-5.41,11,Flowers,Business,15,Merchandise,Business,YES,Flowers → Merchandise,,,
2025-12-22,2025,12,Capital One CC,2025 v3.xlsx,New World Feilding,New World Feilding,-5.43,11,Flowers,Business,15,Merchandise,Business,YES,Flowers → Merchandise,,,
2023-11-06,2023,11,Capital One CC,CC uploads,AMZN Mktp US*BQ0NX3JN3,AMZN Mktp US*BQ0NX3JN3,-5.48,15,Merchandise,Business,62,Amazon,Personal,YES,Merchandise → Amazon,,,
2026-04-10,2026,4,Capital One CC,CC uploads,AMAZON MKTPL*BY2OT0AI2,AMAZON MKTPL*BY2OT0AI2,-5.53,15,Merchandise,Business,62,Amazon,Personal,YES,Merchandise → Amazon,,,
2025-08-14,2025,8,Bank of Marin,2025 v3.xlsx,Walgreens,Walgreens,-5.54,64,Car (personal),Personal,42,Misc,Business,YES,Car (personal) → Misc,,,
2023-11-07,2023,11,Capital One CC,CC uploads,Amazon.com*5B47H45B3,Amazon.com*5B47H45B3,-5.54,15,Merchandise,Business,62,Amazon,Personal,YES,Merchandise → Amazon,,,
2023-11-17,2023,11,Capital One CC,CC uploads,AMZN Mktp US*FC54E2313,AMZN Mktp US*FC54E2313,-5.62,15,Merchandise,Business,62,Amazon,Personal,YES,Merchandise → Amazon,,,
2024-02-28,2024,2,Capital One CC,2024.xlsx Capital 1 Clean,AMZN Mktp US*RW82X4DT1,AMZN Mktp US*RW82X4DT1,-5.76,15,Merchandise,Business,62,Amazon,Personal,YES,Merchandise → Amazon,,,
2025-12-19,2025,12,Capital One CC,2025 v3.xlsx,Chemist Warehouse,Chemist Warehouse,-5.78,64,Car (personal),Personal,42,Misc,Business,YES,Car (personal) → Misc,,,
2025-12-17,2025,12,Capital One CC,2025 v3.xlsx,ROYAL SAVE MART,ROYAL SAVE MART,-5.88,11,Flowers,Business,15,Merchandise,Business,YES,Flowers → Merchandise,,,
2025-12-29,2025,12,Capital One CC,2025 v3.xlsx,Cafe Nosh 2020,Cafe Nosh 2020,-5.97,65,Entertainment,Personal,43,Food,Business,YES,Entertainment → Food,,,
2025-04-28,2025,4,Capital One CC,2025 v3.xlsx,Prime Video *089C41LZ3,Prime Video *089C41LZ3,-5.98,62,Amazon,Personal,61,Subscriptions,Personal,YES,Amazon → Subscriptions,,,
2024-01-23,2024,1,Capital One CC,2024.xlsx Capital 1 Clean,Prime Video Channels,Prime Video Channels,-5.99,65,Entertainment,Personal,61,Subscriptions,Personal,YES,Entertainment → Subscriptions,,,
2024-02-23,2024,2,Capital One CC,2024.xlsx Capital 1 Clean,Prime Video Channels,Prime Video Channels,-5.99,65,Entertainment,Personal,61,Subscriptions,Personal,YES,Entertainment → Subscriptions,,,
2024-03-23,2024,3,Capital One CC,2024.xlsx Capital 1 Clean,Prime Video Channels,Prime Video Channels,-5.99,65,Entertainment,Personal,61,Subscriptions,Personal,YES,Entertainment → Subscriptions,,,
2024-04-23,2024,4,Capital One CC,2024.xlsx Capital 1 Clean,Prime Video Channels,Prime Video Channels,-5.99,65,Entertainment,Personal,61,Subscriptions,Personal,YES,Entertainment → Subscriptions,,,
2024-05-23,2024,5,Capital One CC,2024.xlsx Capital 1 Clean,Prime Video Channels,Prime Video Channels,-5.99,65,Entertainment,Personal,61,Subscriptions,Personal,YES,Entertainment → Subscriptions,,,
2024-06-08,2024,6,Capital One CC,2024.xlsx Capital 1 Clean,AMAZON PRIME*NP83N9CE3,AMAZON PRIME*NP83N9CE3,-5.99,65,Entertainment,Personal,62,Amazon,Personal,YES,Entertainment → Amazon,,,
2024-06-23,2024,6,Capital One CC,2024.xlsx Capital 1 Clean,Prime Video Channels,Prime Video Channels,-5.99,65,Entertainment,Personal,61,Subscriptions,Personal,YES,Entertainment → Subscriptions,,,
2024-07-22,2024,7,Capital One CC,2024.xlsx Capital 1 Clean,Prime Video *RJ5SL90E2,Prime Video *RJ5SL90E2,-5.99,65,Entertainment,Personal,61,Subscriptions,Personal,YES,Entertainment → Subscriptions,,,
2024-07-23,2024,7,Capital One CC,2024.xlsx Capital 1 Clean,Prime Video Channels,Prime Video Channels,-5.99,65,Entertainment,Personal,61,Subscriptions,Personal,YES,Entertainment → Subscriptions,,,
2025-11-19,2025,11,Capital One CC,2025 v3.xlsx,Prime Video *B06IO1NA2,Prime Video *B06IO1NA2,-5.99,62,Amazon,Personal,61,Subscriptions,Personal,YES,Amazon → Subscriptions,,,
2025-11-28,2025,11,Capital One CC,2025 v3.xlsx,Prime Video *B21ET3WV1,Prime Video *B21ET3WV1,-5.99,62,Amazon,Personal,61,Subscriptions,Personal,YES,Amazon → Subscriptions,,,
2025-11-17,2025,11,Capital One CC,2025 v3.xlsx,Prime Video *B89O32270,Prime Video *B89O32270,-5.99,62,Amazon,Personal,61,Subscriptions,Personal,YES,Amazon → Subscriptions,,,
2025-05-28,2025,5,Capital One CC,2025 v3.xlsx,Prime Video *NN0237ZV0,Prime Video *NN0237ZV0,-5.99,62,Amazon,Personal,61,Subscriptions,Personal,YES,Amazon → Subscriptions,,,
2025-05-14,2025,5,Capital One CC,2025 v3.xlsx,Prime Video *NW5594R02,Prime Video *NW5594R02,-5.99,62,Amazon,Personal,61,Subscriptions,Personal,YES,Amazon → Subscriptions,,,
2025-05-26,2025,5,Capital One CC,2025 v3.xlsx,Prime Video *NZ56B8WD1,Prime Video *NZ56B8WD1,-5.99,62,Amazon,Personal,61,Subscriptions,Personal,YES,Amazon → Subscriptions,,,
2025-08-25,2025,8,Capital One CC,2025 v3.xlsx,Prime Video *QR29D7MK3,Prime Video *QR29D7MK3,-5.99,62,Amazon,Personal,61,Subscriptions,Personal,YES,Amazon → Subscriptions,,,
2025-02-03,2025,2,Capital One CC,2025 v3.xlsx,Prime Video *Z74HH4J40,Prime Video *Z74HH4J40,-5.99,62,Amazon,Personal,61,Subscriptions,Personal,YES,Amazon → Subscriptions,,,
2025-01-11,2025,1,Capital One CC,2025 v3.xlsx,Prime Video *ZD6YL62W0,Prime Video *ZD6YL62W0,-5.99,62,Amazon,Personal,61,Subscriptions,Personal,YES,Amazon → Subscriptions,,,
2025-01-13,2025,1,Capital One CC,2025 v3.xlsx,Prime Video *ZD8JI3E51,Prime Video *ZD8JI3E51,-5.99,62,Amazon,Personal,61,Subscriptions,Personal,YES,Amazon → Subscriptions,,,
2025-03-17,2025,3,Capital One CC,2025 v3.xlsx,Prime Video *ZM85Q1PZ0,Prime Video *ZM85Q1PZ0,-5.99,62,Amazon,Personal,61,Subscriptions,Personal,YES,Amazon → Subscriptions,,,
2025-01-24,2025,1,Capital One CC,2025 v3.xlsx,Prime Video Channels,Prime Video Channels,-5.99,62,Amazon,Personal,61,Subscriptions,Personal,YES,Amazon → Subscriptions,,,
2025-02-24,2025,2,Capital One CC,2025 v3.xlsx,Prime Video Channels,Prime Video Channels,-5.99,62,Amazon,Personal,61,Subscriptions,Personal,YES,Amazon → Subscriptions,,,
2025-03-24,2025,3,Capital One CC,2025 v3.xlsx,Prime Video Channels,Prime Video Channels,-5.99,62,Amazon,Personal,61,Subscriptions,Personal,YES,Amazon → Subscriptions,,,
2025-04-23,2025,4,Capital One CC,2025 v3.xlsx,Prime Video Channels,Prime Video Channels,-5.99,62,Amazon,Personal,61,Subscriptions,Personal,YES,Amazon → Subscriptions,,,
2025-08-23,2025,8,Capital One CC,2025 v3.xlsx,Prime Video Channels,Prime Video Channels,-5.99,62,Amazon,Personal,61,Subscriptions,Personal,YES,Amazon → Subscriptions,,,
2023-08-21,2023,8,Bank of Marin,BoM master,Prime Video,Prime Video,-5.99,42,Misc,Business,61,Subscriptions,Personal,YES,Misc → Subscriptions,,,
2023-07-05,2023,7,Bank of Marin,BoM master,Prime Video,Prime Video,-5.99,42,Misc,Business,61,Subscriptions,Personal,YES,Misc → Subscriptions,,,
2023-05-08,2023,5,Bank of Marin,BoM master,Prime Video,Prime Video,-5.99,42,Misc,Business,61,Subscriptions,Personal,YES,Misc → Subscriptions,,,
2023-04-24,2023,4,Bank of Marin,BoM master,Prime Video,Prime Video,-5.99,42,Misc,Business,61,Subscriptions,Personal,YES,Misc → Subscriptions,,,
2023-04-12,2023,4,Bank of Marin,BoM master,Prime Video,Prime Video,-5.99,42,Misc,Business,61,Subscriptions,Personal,YES,Misc → Subscriptions,,,
2023-03-23,2023,3,Bank of Marin,BoM master,Prime Video,Prime Video,-5.99,42,Misc,Business,61,Subscriptions,Personal,YES,Misc → Subscriptions,,,
2023-02-23,2023,2,Bank of Marin,BoM master,Prime Video,Prime Video,-5.99,42,Misc,Business,61,Subscriptions,Personal,YES,Misc → Subscriptions,,,
2023-02-06,2023,2,Bank of Marin,BoM master,Prime Video,Prime Video,-5.99,42,Misc,Business,61,Subscriptions,Personal,YES,Misc → Subscriptions,,,
2023-02-06,2023,2,Bank of Marin,BoM master,Prime Video,Prime Video,-5.99,42,Misc,Business,61,Subscriptions,Personal,YES,Misc → Subscriptions,,,
2023-01-09,2023,1,Bank of Marin,BoM master,Prime Video,Prime Video,-5.99,42,Misc,Business,61,Subscriptions,Personal,YES,Misc → Subscriptions,,,
2023-12-23,2023,12,Capital One CC,CC uploads,Prime Video Channels,Prime Video Channels,-5.99,65,Entertainment,Personal,61,Subscriptions,Personal,YES,Entertainment → Subscriptions,,,
2023-11-23,2023,11,Capital One CC,CC uploads,Prime Video Channels,Prime Video Channels,-5.99,65,Entertainment,Personal,61,Subscriptions,Personal,YES,Entertainment → Subscriptions,,,
2023-10-23,2023,10,Capital One CC,CC uploads,Prime Video Channels,Prime Video Channels,-5.99,65,Entertainment,Personal,61,Subscriptions,Personal,YES,Entertainment → Subscriptions,,,
2023-09-23,2023,9,Capital One CC,CC uploads,Prime Video Channels,Prime Video Channels,-5.99,65,Entertainment,Personal,61,Subscriptions,Personal,YES,Entertainment → Subscriptions,,,
2026-07-18,2026,7,Capital One CC,CC uploads,Prime Video *MP7TF2LS3,Prime Video *MP7TF2LS3,-5.99,65,Entertainment,Personal,61,Subscriptions,Personal,YES,Entertainment → Subscriptions,,,
2026-07-11,2026,7,Capital One CC,CC uploads,Prime Video *BN5IS4CF3,Prime Video *BN5IS4CF3,-5.99,65,Entertainment,Personal,61,Subscriptions,Personal,YES,Entertainment → Subscriptions,,,
2026-07-07,2026,7,Capital One CC,CC uploads,Prime Video *8E46C2MS3,Prime Video *8E46C2MS3,-5.99,65,Entertainment,Personal,61,Subscriptions,Personal,YES,Entertainment → Subscriptions,,,
2026-03-08,2026,3,Capital One CC,CC uploads,Prime Video *BP3X52732,Prime Video *BP3X52732,-5.99,65,Entertainment,Personal,61,Subscriptions,Personal,YES,Entertainment → Subscriptions,,,
2025-05-05,2025,5,Bank of Marin,2025 v3.xlsx,Oakland Parking Meter,Oakland Parking Meter,-6.0,64,Car (personal),Personal,42,Misc,Business,YES,Car (personal) → Misc,,,
2025-07-18,2025,7,Capital One CC,2025 v3.xlsx,DEPARTURES @SFO 684,DEPARTURES @SFO 684,-6.04,11,Flowers,Business,15,Merchandise,Business,YES,Flowers → Merchandise,,,
2026-01-30,2026,1,Bank of Marin,BoM master,Peet's Coffee,Peet's Coffee,-6.05,42,Misc,Business,43,Food,Business,YES,Misc → Food,,,
2025-12-22,2025,12,Bank of Marin,2025 v3.xlsx,Marin Sun Farm S in Oakland Ca,Marin Sun Farm S in Oakland Ca,-6.3,11,Flowers,Business,42,Misc,Business,YES,Flowers → Misc,,,
2026-07-01,2026,7,Bank of Marin,BoM master,Peet's Coffee,Peet's Coffee,-6.35,42,Misc,Business,43,Food,Business,YES,Misc → Food,,,
2025-08-04,2025,8,Bank of Marin,2025 v3.xlsx,Dim Sum Best O F Tast,Dim Sum Best O F Tast,-6.36,11,Flowers,Business,42,Misc,Business,YES,Flowers → Misc,,,
2026-03-30,2026,3,Bank of Marin,BoM master,Peet's Coffee,Peet's Coffee,-6.45,42,Misc,Business,43,Food,Business,YES,Misc → Food,,,
2025-02-11,2025,2,Bank of Marin,2025 v3.xlsx,Jazeera Market,Jazeera Market,-6.48,11,Flowers,Business,42,Misc,Business,YES,Flowers → Misc,,,
2023-10-12,2023,10,Capital One CC,CC uploads,AMZN Mktp US*TE8NZ3B41,AMZN Mktp US*TE8NZ3B41,-6.52,15,Merchandise,Business,62,Amazon,Personal,YES,Merchandise → Amazon,,,
2025-10-27,2025,10,Bank of Marin,2025 v3.xlsx,Peet's Coffee,Peet's Coffee,-6.55,65,Entertainment,Personal,43,Food,Business,YES,Entertainment → Food,,,
2026-05-05,2026,5,Bank of Marin,BoM master,Peet's Coffee,Peet's Coffee,-6.75,42,Misc,Business,43,Food,Business,YES,Misc → Food,,,
2026-03-24,2026,3,Bank of Marin,BoM master,Peet's Coffee,Peet's Coffee,-6.75,42,Misc,Business,43,Food,Business,YES,Misc → Food,,,
2023-10-17,2023,10,Capital One CC,CC uploads,Amazon.com*TD0562OQ0,Amazon.com*TD0562OQ0,-6.77,15,Merchandise,Business,62,Amazon,Personal,YES,Merchandise → Amazon,,,
2025-12-16,2025,12,Capital One CC,2025 v3.xlsx,ROYAL SAVE MART,ROYAL SAVE MART,-6.83,11,Flowers,Business,15,Merchandise,Business,YES,Flowers → Merchandise,,,
2025-12-16,2025,12,Capital One CC,2025 v3.xlsx,HOBSON SUPERMARKET,HOBSON SUPERMARKET,-6.87,11,Flowers,Business,15,Merchandise,Business,YES,Flowers → Merchandise,,,
2025-05-28,2025,5,Capital One CC,2025 v3.xlsx,UBER   *TRIP,UBER   *TRIP,-6.92,64,Car (personal),Personal,42,Misc,Business,YES,Car (personal) → Misc,,,
2025-12-22,2025,12,Capital One CC,2025 v3.xlsx,KMART - PALMERSTON N,KMART - PALMERSTON N,-6.94,11,Flowers,Business,15,Merchandise,Business,YES,Flowers → Merchandise,,,
2024-06-07,2024,6,Capital One CC,2024.xlsx Capital 1 Clean,AMAZON PRIME*OG25Q6DA3,AMAZON PRIME*OG25Q6DA3,-6.99,65,Entertainment,Personal,62,Amazon,Personal,YES,Entertainment → Amazon,,,
2025-09-23,2025,9,Capital One CC,2025 v3.xlsx,Prime Video Channels,Prime Video Channels,-6.99,62,Amazon,Personal,61,Subscriptions,Personal,YES,Amazon → Subscriptions,,,
2023-07-17,2023,7,Bank of Marin,BoM master,Prime Video,Prime Video,-6.99,42,Misc,Business,61,Subscriptions,Personal,YES,Misc → Subscriptions,,,
2023-06-26,2023,6,Bank of Marin,BoM master,Prime Video,Prime Video,-6.99,42,Misc,Business,61,Subscriptions,Personal,YES,Misc → Subscriptions,,,
2023-04-17,2023,4,Bank of Marin,BoM master,Prime Video,Prime Video,-6.99,42,Misc,Business,61,Subscriptions,Personal,YES,Misc → Subscriptions,,,
2026-06-26,2026,6,Capital One CC,CC uploads,Prime Video Channels,Prime Video Channels,-6.99,65,Entertainment,Personal,61,Subscriptions,Personal,YES,Entertainment → Subscriptions,,,
2026-04-26,2026,4,Capital One CC,CC uploads,Prime Video Channels,Prime Video Channels,-6.99,65,Entertainment,Personal,61,Subscriptions,Personal,YES,Entertainment → Subscriptions,,,
2026-03-26,2026,3,Capital One CC,CC uploads,Prime Video Channels,Prime Video Channels,-6.99,65,Entertainment,Personal,61,Subscriptions,Personal,YES,Entertainment → Subscriptions,,,
2026-02-26,2026,2,Capital One CC,CC uploads,Prime Video Channels,Prime Video Channels,-6.99,65,Entertainment,Personal,61,Subscriptions,Personal,YES,Entertainment → Subscriptions,,,
2026-01-26,2026,1,Capital One CC,CC uploads,Prime Video Channels,Prime Video Channels,-6.99,65,Entertainment,Personal,61,Subscriptions,Personal,YES,Entertainment → Subscriptions,,,
2026-01-04,2026,1,Capital One CC,CC uploads,Prime Video *R46138J43,Prime Video *R46138J43,-6.99,65,Entertainment,Personal,61,Subscriptions,Personal,YES,Entertainment → Subscriptions,,,
2026-05-26,2026,5,Bank of Marin,BoM master,Peet's Coffee,Peet's Coffee,-7.0,42,Misc,Business,43,Food,Business,YES,Misc → Food,,,
2026-07-09,2026,7,Capital One CC,CC uploads,Amazon Tips*XH53J7HU3,Amazon Tips*XH53J7HU3,-7.0,15,Merchandise,Business,62,Amazon,Personal,YES,Merchandise → Amazon,,,
2026-07-03,2026,7,Capital One CC,CC uploads,Amazon Tips*5O3SB7I73,Amazon Tips*5O3SB7I73,-7.0,15,Merchandise,Business,62,Amazon,Personal,YES,Merchandise → Amazon,,,
2026-01-31,2026,1,Capital One CC,CC uploads,Amazon Tips*8O1UE8X63,Amazon Tips*8O1UE8X63,-7.0,15,Merchandise,Business,62,Amazon,Personal,YES,Merchandise → Amazon,,,
2025-07-28,2025,7,Bank of Marin,2025 v3.xlsx,Peet's Coffee,Peet's Coffee,-7.2,65,Entertainment,Personal,43,Food,Business,YES,Entertainment → Food,,,
2026-04-08,2026,4,Bank of Marin,BoM master,Peet's Coffee,Peet's Coffee,-7.2,42,Misc,Business,43,Food,Business,YES,Misc → Food,,,
2023-10-12,2023,10,Capital One CC,CC uploads,AMZN Mktp US*TP5CA1TX0,AMZN Mktp US*TP5CA1TX0,-7.31,15,Merchandise,Business,62,Amazon,Personal,YES,Merchandise → Amazon,,,
2025-07-31,2025,7,Capital One CC,2025 v3.xlsx,THE LOAF BAKERIES,THE LOAF BAKERIES,-7.66,11,Flowers,Business,15,Merchandise,Business,YES,Flowers → Merchandise,,,
2023-12-02,2023,12,Capital One CC,CC uploads,AMZN Mktp US*857HB2ZT3,AMZN Mktp US*857HB2ZT3,-7.69,15,Merchandise,Business,62,Amazon,Personal,YES,Merchandise → Amazon,,,
2023-12-02,2023,12,Capital One CC,CC uploads,AMZN MKTP US*4X5WU0ST3,AMZN MKTP US*4X5WU0ST3,-7.71,15,Merchandise,Business,62,Amazon,Personal,YES,Merchandise → Amazon,,,
2024-02-14,2024,2,Capital One CC,2024.xlsx Capital 1 Clean,Amazon.com*RB45C2231,Amazon.com*RB45C2231,-7.73,15,Merchandise,Business,62,Amazon,Personal,YES,Merchandise → Amazon,,,
2023-09-21,2023,9,Capital One CC,CC uploads,AMAZON.COM*TX0E46WR0,AMAZON.COM*TX0E46WR0,-7.73,15,Merchandise,Business,62,Amazon,Personal,YES,Merchandise → Amazon,,,
2024-03-28,2024,3,Capital One CC,2024.xlsx Capital 1 Clean,AMZN Mktp US*RA22046O2,AMZN Mktp US*RA22046O2,-7.74,15,Merchandise,Business,62,Amazon,Personal,YES,Merchandise → Amazon,,,
2024-04-02,2024,4,Capital One CC,2024.xlsx Capital 1 Clean,AMZN Mktp US,AMZN Mktp US,-7.74,15,Merchandise,Business,62,Amazon,Personal,YES,Merchandise → Amazon,,,
2023-09-26,2023,9,Capital One CC,CC uploads,AMZN Mktp US*T16JZ0FD1,AMZN Mktp US*T16JZ0FD1,-7.74,15,Merchandise,Business,62,Amazon,Personal,YES,Merchandise → Amazon,,,
2025-12-19,2025,12,Capital One CC,2025 v3.xlsx,Chemist Warehouse,Chemist Warehouse,-7.87,65,Entertainment,Personal,42,Misc,Business,YES,Entertainment → Misc,,,
2025-12-30,2025,12,Capital One CC,2025 v3.xlsx,FOUR SQUARE TOKOMARU,FOUR SQUARE TOKOMARU,-7.89,11,Flowers,Business,15,Merchandise,Business,YES,Flowers → Merchandise,,,
2024-01-20,2024,1,Capital One CC,2024.xlsx Capital 1 Clean,Amazon.com*R88343JM1,Amazon.com*R88343JM1,-7.91,15,Merchandise,Business,62,Amazon,Personal,YES,Merchandise → Amazon,,,
2024-07-07,2024,7,Capital One CC,2024.xlsx Capital 1 Clean,Prime Video *R73TT2782,Prime Video *R73TT2782,-7.99,65,Entertainment,Personal,61,Subscriptions,Personal,YES,Entertainment → Subscriptions,,,
2025-05-27,2025,5,Bank of Marin,2025 v3.xlsx,Chestnut Market,Chestnut Market,-7.99,11,Flowers,Business,42,Misc,Business,YES,Flowers → Misc,,,
2025-09-29,2025,9,Capital One CC,2025 v3.xlsx,Prime Video *NJ2ZY4WS0,Prime Video *NJ2ZY4WS0,-7.99,62,Amazon,Personal,61,Subscriptions,Personal,YES,Amazon → Subscriptions,,,
2025-07-21,2025,7,Capital One CC,2025 v3.xlsx,NYC FERRY,NYC FERRY,-8.0,64,Car (personal),Personal,42,Misc,Business,YES,Car (personal) → Misc,,,
2025-10-27,2025,10,Bank of Marin,2025 v3.xlsx,Market on 28th,Market on 28th,-8.07,11,Flowers,Business,42,Misc,Business,YES,Flowers → Misc,,,
2025-08-06,2025,8,Capital One CC,2025 v3.xlsx,EL EQUIPO DE VIAJE,EL EQUIPO DE VIAJE,-8.12,11,Flowers,Business,15,Merchandise,Business,YES,Flowers → Merchandise,,,
2025-07-29,2025,7,Capital One CC,2025 v3.xlsx,SPAR PORT DE LA SELVA,SPAR PORT DE LA SELVA,-8.21,11,Flowers,Business,15,Merchandise,Business,YES,Flowers → Merchandise,,,
2023-07-03,2023,7,Bank of Marin,BoM master,Ultimate Yogur,Ultimate Yogur,-8.24,42,Misc,Business,43,Food,Business,YES,Misc → Food,,,
2024-07-14,2024,7,Capital One CC,2024.xlsx Capital 1 Clean,Prime Video *RY5371UM2,Prime Video *RY5371UM2,-8.59,65,Entertainment,Personal,61,Subscriptions,Personal,YES,Entertainment → Subscriptions,,,
2023-11-18,2023,11,Capital One CC,CC uploads,AMZN Mktp US*HC8DU3Y63,AMZN Mktp US*HC8DU3Y63,-8.63,15,Merchandise,Business,62,Amazon,Personal,YES,Merchandise → Amazon,,,
2025-02-13,2025,2,Bank of Marin,2025 v3.xlsx,Safeway,Safeway,-8.83,43,Food,Business,42,Misc,Business,YES,Food → Misc,,,
2024-02-01,2024,2,Capital One CC,2024.xlsx Capital 1 Clean,AMZN Mktp US*R28RD2TO2,AMZN Mktp US*R28RD2TO2,-8.85,15,Merchandise,Business,62,Amazon,Personal,YES,Merchandise → Amazon,,,
2025-12-22,2025,12,Capital One CC,2025 v3.xlsx,New World Feilding,New World Feilding,-8.85,11,Flowers,Business,15,Merchandise,Business,YES,Flowers → Merchandise,,,
2026-04-10,2026,4,Capital One CC,CC uploads,AMAZON MKTPL*BY6BK0TA2,AMAZON MKTPL*BY6BK0TA2,-8.85,15,Merchandise,Business,62,Amazon,Personal,YES,Merchandise → Amazon,,,
2023-03-23,2023,3,Bank of Marin,BoM master,Signal Coffee Roas Alameda Ca,Signal Coffee Roas Alameda Ca,-8.86,42,Misc,Business,43,Food,Business,YES,Misc → Food,,,
2025-06-09,2025,6,Bank of Marin,2025 v3.xlsx,Chestnut Market,Chestnut Market,-8.91,43,Food,Business,42,Misc,Business,YES,Food → Misc,,,
2023-07-03,2023,7,Bank of Marin,BoM master,Ultimate Yogur,Ultimate Yogur,-8.94,42,Misc,Business,43,Food,Business,YES,Misc → Food,,,
2024-06-20,2024,6,Capital One CC,2024.xlsx Capital 1 Clean,AMAZON MKTPL*GP70P9OI3,AMAZON MKTPL*GP70P9OI3,-9.07,15,Merchandise,Business,62,Amazon,Personal,YES,Merchandise → Amazon,,,
2025-12-19,2025,12,Capital One CC,2025 v3.xlsx,HOBSON SUPERMARKET,HOBSON SUPERMARKET,-9.23,11,Flowers,Business,15,Merchandise,Business,YES,Flowers → Merchandise,,,
2023-03-08,2023,3,Bank of Marin,BoM master,Signal Coffee Roas Alameda Ca,Signal Coffee Roas Alameda Ca,-9.23,42,Misc,Business,43,Food,Business,YES,Misc → Food,,,
2025-12-20,2025,12,Capital One CC,2025 v3.xlsx,New World Feilding,New World Feilding,-9.25,11,Flowers,Business,15,Merchandise,Business,YES,Flowers → Merchandise,,,
2023-11-03,2023,11,Capital One CC,CC uploads,AMZN Mktp US*G05BX6GQ3,AMZN Mktp US*G05BX6GQ3,-9.4,15,Merchandise,Business,62,Amazon,Personal,YES,Merchandise → Amazon,,,
2025-12-22,2025,12,Capital One CC,2025 v3.xlsx,New World Feilding,New World Feilding,-9.43,11,Flowers,Business,15,Merchandise,Business,YES,Flowers → Merchandise,,,
2025-12-15,2025,12,Capital One CC,2025 v3.xlsx,WOOLWORTHS NZ   9283,WOOLWORTHS NZ   9283,-9.58,11,Flowers,Business,15,Merchandise,Business,YES,Flowers → Merchandise,,,
2023-12-07,2023,12,Capital One CC,CC uploads,AMZN Mktp US*EG9CO3603,AMZN Mktp US*EG9CO3603,-9.83,15,Merchandise,Business,62,Amazon,Personal,YES,Merchandise → Amazon,,,
2025-08-06,2025,8,Capital One CC,2025 v3.xlsx,CERVECERIA ARAMBARRI,CERVECERIA ARAMBARRI,-9.86,65,Entertainment,Personal,43,Food,Business,YES,Entertainment → Food,,,
2026-03-29,2026,3,Capital One CC,CC uploads,AMAZON MKTPL*B54X18S40,AMAZON MKTPL*B54X18S40,-9.91,15,Merchandise,Business,62,Amazon,Personal,YES,Merchandise → Amazon,,,
2026-07-20,2026,7,Capital One CC,CC uploads,Amazon.com*451QH0ZG3,Amazon.com*451QH0ZG3,-9.92,15,Merchandise,Business,62,Amazon,Personal,YES,Merchandise → Amazon,,,
2025-04-16,2025,4,Bank of Marin,2025 v3.xlsx,Pagano's Hardware Towne,Pagano's Hardware Towne,-9.94,45,Furniture,Business,42,Misc,Business,YES,Furniture → Misc,,,
2024-12-23,2024,12,Bank of Marin,2024.xlsx Marin clean,Amazon,Amazon,-9.96,14,Materials,Business,62,Amazon,Personal,YES,Materials → Amazon,,,
2024-06-30,2024,6,Capital One CC,2024.xlsx Capital 1 Clean,Prime Video *RC7GV68X1,Prime Video *RC7GV68X1,-9.99,65,Entertainment,Personal,61,Subscriptions,Personal,YES,Entertainment → Subscriptions,,,
2025-07-08,2025,7,Capital One CC,2025 v3.xlsx,APPLE.COM/BILL,APPLE.COM/BILL,-9.99,61,Subscriptions,Personal,65,Entertainment,Personal,YES,Subscriptions → Entertainment,,,
2025-08-13,2025,8,Capital One CC,2025 v3.xlsx,APPLE.COM/BILL,APPLE.COM/BILL,-9.99,61,Subscriptions,Personal,65,Entertainment,Personal,YES,Subscriptions → Entertainment,,,
2025-10-06,2025,10,Capital One CC,2025 v3.xlsx,Prime Video *NV79N6W90,Prime Video *NV79N6W90,-9.99,62,Amazon,Personal,61,Subscriptions,Personal,YES,Amazon → Subscriptions,,,
2025-03-17,2025,3,Capital One CC,2025 v3.xlsx,Prime Video *T19015EA3,Prime Video *T19015EA3,-9.99,62,Amazon,Personal,61,Subscriptions,Personal,YES,Amazon → Subscriptions,,,
2025-12-22,2025,12,Capital One CC,2025 v3.xlsx,Prime Video *UO90B6B43,Prime Video *UO90B6B43,-9.99,62,Amazon,Personal,61,Subscriptions,Personal,YES,Amazon → Subscriptions,,,
2025-01-24,2025,1,Capital One CC,2025 v3.xlsx,Prime Video Channels,Prime Video Channels,-9.99,62,Amazon,Personal,61,Subscriptions,Personal,YES,Amazon → Subscriptions,,,
2025-02-24,2025,2,Capital One CC,2025 v3.xlsx,Prime Video Channels,Prime Video Channels,-9.99,62,Amazon,Personal,61,Subscriptions,Personal,YES,Amazon → Subscriptions,,,
2025-05-17,2025,5,Capital One CC,2025 v3.xlsx,Prime Video Channels,Prime Video Channels,-9.99,62,Amazon,Personal,61,Subscriptions,Personal,YES,Amazon → Subscriptions,,,
2025-06-17,2025,6,Capital One CC,2025 v3.xlsx,Prime Video Channels,Prime Video Channels,-9.99,62,Amazon,Personal,61,Subscriptions,Personal,YES,Amazon → Subscriptions,,,
2025-07-17,2025,7,Capital One CC,2025 v3.xlsx,Prime Video Channels,Prime Video Channels,-9.99,62,Amazon,Personal,61,Subscriptions,Personal,YES,Amazon → Subscriptions,,,
2025-08-18,2025,8,Capital One CC,2025 v3.xlsx,Prime Video Channels,Prime Video Channels,-9.99,62,Amazon,Personal,61,Subscriptions,Personal,YES,Amazon → Subscriptions,,,
2025-09-17,2025,9,Capital One CC,2025 v3.xlsx,Prime Video Channels,Prime Video Channels,-9.99,62,Amazon,Personal,61,Subscriptions,Personal,YES,Amazon → Subscriptions,,,
2026-07-05,2026,7,Capital One CC,CC uploads,Prime Video *AJ1K45WC3,Prime Video *AJ1K45WC3,-9.99,65,Entertainment,Personal,61,Subscriptions,Personal,YES,Entertainment → Subscriptions,,,
2026-07-03,2026,7,Capital One CC,CC uploads,Prime Video *LD0R25VP3,Prime Video *LD0R25VP3,-9.99,65,Entertainment,Personal,61,Subscriptions,Personal,YES,Entertainment → Subscriptions,,,
2026-03-22,2026,3,Capital One CC,CC uploads,Prime Video *BD43I2YY1,Prime Video *BD43I2YY1,-9.99,65,Entertainment,Personal,61,Subscriptions,Personal,YES,Entertainment → Subscriptions,,,
2026-02-20,2026,2,Capital One CC,CC uploads,AMAZON MKTPL*UZ43R29K3,AMAZON MKTPL*UZ43R29K3,-9.99,15,Merchandise,Business,62,Amazon,Personal,YES,Merchandise → Amazon,,,
2026-01-25,2026,1,Capital One CC,CC uploads,Prime Video *YD2EY22T3,Prime Video *YD2EY22T3,-9.99,65,Entertainment,Personal,61,Subscriptions,Personal,YES,Entertainment → Subscriptions,,,
2025-05-26,2025,5,Capital One CC,2025 v3.xlsx,WWW.CSCSW.COM,WWW.CSCSW.COM,-10.0,11,Flowers,Business,14,Materials,Business,YES,Flowers → Materials,,,
2025-05-27,2025,5,Capital One CC,2025 v3.xlsx,WWW.CSCSW.COM,WWW.CSCSW.COM,-10.0,11,Flowers,Business,14,Materials,Business,YES,Flowers → Materials,,,
2025-05-30,2025,5,Capital One CC,2025 v3.xlsx,WWW.CSCSW.COM,WWW.CSCSW.COM,-10.0,11,Flowers,Business,14,Materials,Business,YES,Flowers → Materials,,,
2025-06-03,2025,6,Capital One CC,2025 v3.xlsx,WWW.CSCSW.COM,WWW.CSCSW.COM,-10.0,11,Flowers,Business,14,Materials,Business,YES,Flowers → Materials,,,
2025-06-10,2025,6,Capital One CC,2025 v3.xlsx,WWW.CSCSW.COM,WWW.CSCSW.COM,-10.0,11,Flowers,Business,14,Materials,Business,YES,Flowers → Materials,,,
2025-06-17,2025,6,Capital One CC,2025 v3.xlsx,WWW.CSCSW.COM,WWW.CSCSW.COM,-10.0,11,Flowers,Business,14,Materials,Business,YES,Flowers → Materials,,,
2025-06-17,2025,6,Capital One CC,2025 v3.xlsx,WWW.CSCSW.COM,WWW.CSCSW.COM,-10.0,11,Flowers,Business,14,Materials,Business,YES,Flowers → Materials,,,
2025-07-01,2025,7,Capital One CC,2025 v3.xlsx,WWW.CSCSW.COM,WWW.CSCSW.COM,-10.0,11,Flowers,Business,14,Materials,Business,YES,Flowers → Materials,,,
2025-07-03,2025,7,Capital One CC,2025 v3.xlsx,WWW.CSCSW.COM,WWW.CSCSW.COM,-10.0,11,Flowers,Business,14,Materials,Business,YES,Flowers → Materials,,,
2025-05-31,2025,5,Capital One CC,2025 v3.xlsx,ORINDA THEATRE,ORINDA THEATRE,-10.0,62,Amazon,Personal,65,Entertainment,Personal,YES,Amazon → Entertainment,,,
2026-03-23,2026,3,Bank of Marin,BoM master,Starbucks,Starbucks,-10.0,42,Misc,Business,43,Food,Business,YES,Misc → Food,,,
2025-08-02,2025,8,Capital One CC,2025 v3.xlsx,ASADOR BATELA,ASADOR BATELA,-10.35,67,Travel,Personal,43,Food,Business,YES,Travel → Food,,,
2023-07-05,2023,7,Bank of Marin,BoM master,Signal Coffee Roas Alameda Ca,Signal Coffee Roas Alameda Ca,-10.52,42,Misc,Business,43,Food,Business,YES,Misc → Food,,,
2025-02-13,2025,2,Bank of Marin,2025 v3.xlsx,Safeway,Safeway,-10.53,43,Food,Business,42,Misc,Business,YES,Food → Misc,,,
2026-03-05,2026,3,Capital One CC,CC uploads,Amazon.com*BE9M93JD0,Amazon.com*BE9M93JD0,-10.58,15,Merchandise,Business,62,Amazon,Personal,YES,Merchandise → Amazon,,,
2025-06-09,2025,6,Bank of Marin,2025 v3.xlsx,Peet's Coffee,Peet's Coffee,-10.6,65,Entertainment,Personal,43,Food,Business,YES,Entertainment → Food,,,
2024-02-02,2024,2,Capital One CC,2024.xlsx Capital 1 Clean,AMZN Mktp US*R280H7WS0,AMZN Mktp US*R280H7WS0,-10.77,15,Merchandise,Business,62,Amazon,Personal,YES,Merchandise → Amazon,,,
2024-05-27,2024,5,Capital One CC,2024.xlsx Capital 1 Clean,AMZN Mktp US*B38T463I3,AMZN Mktp US*B38T463I3,-11.04,15,Merchandise,Business,62,Amazon,Personal,YES,Merchandise → Amazon,,,
2023-11-16,2023,11,Capital One CC,CC uploads,AMZN Mktp US*VS6XT8SE3,AMZN Mktp US*VS6XT8SE3,-11.04,15,Merchandise,Business,62,Amazon,Personal,YES,Merchandise → Amazon,,,
2026-04-14,2026,4,Capital One CC,CC uploads,AMAZON MKTPL*BY4VA1I32,AMAZON MKTPL*BY4VA1I32,-11.06,15,Merchandise,Business,62,Amazon,Personal,YES,Merchandise → Amazon,,,
2025-10-25,2025,10,Capital One CC,2025 v3.xlsx,DEEPSTASH,DEEPSTASH,-11.08,11,Flowers,Business,15,Merchandise,Business,YES,Flowers → Merchandise,,,
2025-07-31,2025,7,Capital One CC,2025 v3.xlsx,T141 PRIMAPRIX BIDEBAR,T141 PRIMAPRIX BIDEBAR,-11.32,11,Flowers,Business,15,Merchandise,Business,YES,Flowers → Merchandise,,,
2024-07-30,2024,7,Capital One CC,2024.xlsx Capital 1 Clean,Amazon.com*RV5EM6DN0,Amazon.com*RV5EM6DN0,-11.37,15,Merchandise,Business,62,Amazon,Personal,YES,Merchandise → Amazon,,,
2025-12-24,2025,12,Capital One CC,2025 v3.xlsx,CACTUS CREME CAFE PALM,CACTUS CREME CAFE PALM,-11.52,65,Entertainment,Personal,43,Food,Business,YES,Entertainment → Food,,,
2024-04-08,2024,4,Capital One CC,2024.xlsx Capital 1 Clean,Amazon.com*BW28G2HE3,Amazon.com*BW28G2HE3,-11.6,15,Merchandise,Business,62,Amazon,Personal,YES,Merchandise → Amazon,,,
2023-11-16,2023,11,Capital One CC,CC uploads,AMZN Mktp US*G58ND1VF3,AMZN Mktp US*G58ND1VF3,-11.6,15,Merchandise,Business,62,Amazon,Personal,YES,Merchandise → Amazon,,,
2025-08-08,2025,8,Capital One CC,2025 v3.xlsx,FARMACHL DR. SARA BEHF,FARMACHL DR. SARA BEHF,-11.65,65,Entertainment,Personal,42,Misc,Business,YES,Entertainment → Misc,,,
2025-07-28,2025,7,Capital One CC,2025 v3.xlsx,CAFE TROPICAL,CAFE TROPICAL,-11.78,65,Entertainment,Personal,43,Food,Business,YES,Entertainment → Food,,,
2025-07-24,2025,7,Capital One CC,2025 v3.xlsx,AREAS SANTS ESTACION,AREAS SANTS ESTACION,-11.93,67,Travel,Personal,43,Food,Business,YES,Travel → Food,,,
2025-06-28,2025,6,Capital One CC,2025 v3.xlsx,Prime Video *N31YE54D2,Prime Video *N31YE54D2,-11.99,62,Amazon,Personal,61,Subscriptions,Personal,YES,Amazon → Subscriptions,,,
2023-11-02,2023,11,Capital One CC,CC uploads,AMZN Mktp US*L798E4CC3,AMZN Mktp US*L798E4CC3,-11.99,15,Merchandise,Business,62,Amazon,Personal,YES,Merchandise → Amazon,,,
2026-05-08,2026,5,Bank of Marin,BoM master,Signal Coffee,Signal Coffee,-12.0,42,Misc,Business,43,Food,Business,YES,Misc → Food,,,
2023-11-08,2023,11,Bank of Marin,BoM master,Signal Coffee Roas Alameda Ca,Signal Coffee Roas Alameda Ca,-12.1,42,Misc,Business,43,Food,Business,YES,Misc → Food,,,
2023-09-13,2023,9,Bank of Marin,BoM master,Signal Coffee Roas Alameda Ca,Signal Coffee Roas Alameda Ca,-12.1,42,Misc,Business,43,Food,Business,YES,Misc → Food,,,
2024-10-01,2024,10,Capital One CC,2024.xlsx Capital 1 Clean,AMAZON MARK* J04EQ9T63,AMAZON MARK* J04EQ9T63,-12.15,15,Merchandise,Business,62,Amazon,Personal,YES,Merchandise → Amazon,,,
2026-04-03,2026,4,Bank of Marin,BoM master,Jack in the Box,Jack in the Box,-12.35,42,Misc,Business,43,Food,Business,YES,Misc → Food,,,
2025-04-08,2025,4,Capital One CC,2025 v3.xlsx,UBER   *TRIP,UBER   *TRIP,-12.42,64,Car (personal),Personal,42,Misc,Business,YES,Car (personal) → Misc,,,
2026-01-24,2026,1,Capital One CC,CC uploads,Amazon.com*2E6KY58G3,Amazon.com*2E6KY58G3,-12.42,15,Merchandise,Business,62,Amazon,Personal,YES,Merchandise → Amazon,,,
2024-01-03,2024,1,Capital One CC,2024.xlsx Capital 1 Clean,HOSTROCKET.COM,HOSTROCKET.COM,-12.57,15,Merchandise,Business,41,Need to Stop,Business,YES,Merchandise → Need to Stop,,,
2024-02-03,2024,2,Capital One CC,2024.xlsx Capital 1 Clean,HOSTROCKET.COM,HOSTROCKET.COM,-12.57,15,Merchandise,Business,41,Need to Stop,Business,YES,Merchandise → Need to Stop,,,
2024-03-03,2024,3,Capital One CC,2024.xlsx Capital 1 Clean,HOSTROCKET.COM,HOSTROCKET.COM,-12.57,15,Merchandise,Business,41,Need to Stop,Business,YES,Merchandise → Need to Stop,,,
2024-04-03,2024,4,Capital One CC,2024.xlsx Capital 1 Clean,HOSTROCKET.COM,HOSTROCKET.COM,-12.57,15,Merchandise,Business,41,Need to Stop,Business,YES,Merchandise → Need to Stop,,,
2024-05-03,2024,5,Capital One CC,2024.xlsx Capital 1 Clean,HOSTROCKET.COM,HOSTROCKET.COM,-12.57,15,Merchandise,Business,41,Need to Stop,Business,YES,Merchandise → Need to Stop,,,
2024-06-03,2024,6,Capital One CC,2024.xlsx Capital 1 Clean,HOSTROCKET.COM,HOSTROCKET.COM,-12.57,15,Merchandise,Business,41,Need to Stop,Business,YES,Merchandise → Need to Stop,,,
2024-07-03,2024,7,Capital One CC,2024.xlsx Capital 1 Clean,HOSTROCKET.COM,HOSTROCKET.COM,-12.57,15,Merchandise,Business,41,Need to Stop,Business,YES,Merchandise → Need to Stop,,,
2024-08-26,2024,8,Capital One CC,2024.xlsx Capital 1 Clean,HOSTROCKET.COM,HOSTROCKET.COM,-12.57,15,Merchandise,Business,41,Need to Stop,Business,YES,Merchandise → Need to Stop,,,
2024-09-03,2024,9,Capital One CC,2024.xlsx Capital 1 Clean,HOSTROCKET.COM,HOSTROCKET.COM,-12.57,15,Merchandise,Business,41,Need to Stop,Business,YES,Merchandise → Need to Stop,,,
2023-12-03,2023,12,Capital One CC,CC uploads,HOSTROCKET.COM,HOSTROCKET.COM,-12.57,15,Merchandise,Business,41,Need to Stop,Business,YES,Merchandise → Need to Stop,,,
2023-11-03,2023,11,Capital One CC,CC uploads,HOSTROCKET.COM,HOSTROCKET.COM,-12.57,15,Merchandise,Business,41,Need to Stop,Business,YES,Merchandise → Need to Stop,,,
2023-10-03,2023,10,Capital One CC,CC uploads,HOSTROCKET.COM,HOSTROCKET.COM,-12.57,15,Merchandise,Business,41,Need to Stop,Business,YES,Merchandise → Need to Stop,,,
2023-09-03,2023,9,Capital One CC,CC uploads,HOSTROCKET.COM,HOSTROCKET.COM,-12.57,15,Merchandise,Business,41,Need to Stop,Business,YES,Merchandise → Need to Stop,,,
2023-08-03,2023,8,Capital One CC,CC uploads,HOSTROCKET.COM,HOSTROCKET.COM,-12.57,15,Merchandise,Business,41,Need to Stop,Business,YES,Merchandise → Need to Stop,,,
2023-07-03,2023,7,Capital One CC,CC uploads,HOSTROCKET.COM,HOSTROCKET.COM,-12.57,15,Merchandise,Business,41,Need to Stop,Business,YES,Merchandise → Need to Stop,,,
2023-06-03,2023,6,Capital One CC,CC uploads,HOSTROCKET.COM,HOSTROCKET.COM,-12.57,15,Merchandise,Business,41,Need to Stop,Business,YES,Merchandise → Need to Stop,,,
2023-05-03,2023,5,Capital One CC,CC uploads,HOSTROCKET.COM,HOSTROCKET.COM,-12.57,15,Merchandise,Business,41,Need to Stop,Business,YES,Merchandise → Need to Stop,,,
2023-04-03,2023,4,Capital One CC,CC uploads,HOSTROCKET.COM,HOSTROCKET.COM,-12.57,15,Merchandise,Business,41,Need to Stop,Business,YES,Merchandise → Need to Stop,,,
2023-03-03,2023,3,Capital One CC,CC uploads,HOSTROCKET.COM,HOSTROCKET.COM,-12.57,15,Merchandise,Business,41,Need to Stop,Business,YES,Merchandise → Need to Stop,,,
2023-02-03,2023,2,Capital One CC,CC uploads,HOSTROCKET.COM,HOSTROCKET.COM,-12.57,15,Merchandise,Business,41,Need to Stop,Business,YES,Merchandise → Need to Stop,,,
2023-01-03,2023,1,Capital One CC,CC uploads,HOSTROCKET.COM,HOSTROCKET.COM,-12.57,15,Merchandise,Business,41,Need to Stop,Business,YES,Merchandise → Need to Stop,,,
2023-12-02,2023,12,Capital One CC,CC uploads,AMZN Mktp US*NR9V498Z3,AMZN Mktp US*NR9V498Z3,-12.69,15,Merchandise,Business,62,Amazon,Personal,YES,Merchandise → Amazon,,,
2025-08-15,2025,8,Capital One CC,2025 v3.xlsx,FARMACIA SAN RAFFAELE,FARMACIA SAN RAFFAELE,-12.79,65,Entertainment,Personal,42,Misc,Business,YES,Entertainment → Misc,,,
2023-04-27,2023,4,Bank of Marin,BoM master,Canasta Kitche N Gosq,Canasta Kitche N Gosq,-12.79,42,Misc,Business,43,Food,Business,YES,Misc → Food,,,
2026-04-20,2026,4,Bank of Marin,BoM master,Peet's Coffee,Peet's Coffee,-12.87,42,Misc,Business,43,Food,Business,YES,Misc → Food,,,
2024-03-05,2024,3,Capital One CC,2024.xlsx Capital 1 Clean,Prime Video *RN41K0ZK2,Prime Video *RN41K0ZK2,-12.99,65,Entertainment,Personal,61,Subscriptions,Personal,YES,Entertainment → Subscriptions,,,
2025-09-03,2025,9,Capital One CC,2025 v3.xlsx,APPLE.COM/BILL,APPLE.COM/BILL,-12.99,61,Subscriptions,Personal,65,Entertainment,Personal,YES,Subscriptions → Entertainment,,,
2025-04-22,2025,4,Capital One CC,2025 v3.xlsx,Prime Video *FF5BK7943,Prime Video *FF5BK7943,-12.99,62,Amazon,Personal,61,Subscriptions,Personal,YES,Amazon → Subscriptions,,,
2025-10-17,2025,10,Capital One CC,2025 v3.xlsx,Prime Video Channels,Prime Video Channels,-12.99,62,Amazon,Personal,61,Subscriptions,Personal,YES,Amazon → Subscriptions,,,
2025-11-17,2025,11,Capital One CC,2025 v3.xlsx,Prime Video Channels,Prime Video Channels,-12.99,62,Amazon,Personal,61,Subscriptions,Personal,YES,Amazon → Subscriptions,,,
2025-12-17,2025,12,Capital One CC,2025 v3.xlsx,Prime Video Channels,Prime Video Channels,-12.99,62,Amazon,Personal,61,Subscriptions,Personal,YES,Amazon → Subscriptions,,,
2026-07-16,2026,7,Capital One CC,CC uploads,Prime Video Channels,Prime Video Channels,-12.99,65,Entertainment,Personal,61,Subscriptions,Personal,YES,Entertainment → Subscriptions,,,
2026-06-16,2026,6,Capital One CC,CC uploads,Prime Video Channels,Prime Video Channels,-12.99,65,Entertainment,Personal,61,Subscriptions,Personal,YES,Entertainment → Subscriptions,,,
2026-05-16,2026,5,Capital One CC,CC uploads,Prime Video Channels,Prime Video Channels,-12.99,65,Entertainment,Personal,61,Subscriptions,Personal,YES,Entertainment → Subscriptions,,,
2026-04-16,2026,4,Capital One CC,CC uploads,Prime Video Channels,Prime Video Channels,-12.99,65,Entertainment,Personal,61,Subscriptions,Personal,YES,Entertainment → Subscriptions,,,
2026-03-16,2026,3,Capital One CC,CC uploads,Prime Video Channels,Prime Video Channels,-12.99,65,Entertainment,Personal,61,Subscriptions,Personal,YES,Entertainment → Subscriptions,,,
2026-02-16,2026,2,Capital One CC,CC uploads,Prime Video Channels,Prime Video Channels,-12.99,65,Entertainment,Personal,61,Subscriptions,Personal,YES,Entertainment → Subscriptions,,,
2026-01-16,2026,1,Capital One CC,CC uploads,Prime Video Channels,Prime Video Channels,-12.99,65,Entertainment,Personal,61,Subscriptions,Personal,YES,Entertainment → Subscriptions,,,
2025-08-07,2025,8,Capital One CC,2025 v3.xlsx,AEREOPUERTO DE BILBA,AEREOPUERTO DE BILBA,-13.15,67,Travel,Personal,15,Merchandise,Business,YES,Travel → Merchandise,,,
2025-08-06,2025,8,Capital One CC,2025 v3.xlsx,FARMACIA LOTINA,FARMACIA LOTINA,-13.22,65,Entertainment,Personal,42,Misc,Business,YES,Entertainment → Misc,,,
2023-12-07,2023,12,Capital One CC,CC uploads,Amazon.com*623TJ1JB3,Amazon.com*623TJ1JB3,-13.25,15,Merchandise,Business,62,Amazon,Personal,YES,Merchandise → Amazon,,,
2024-10-15,2024,10,Capital One CC,2024.xlsx Capital 1 Clean,AMAZON MKTPL*X31LB6EK3,AMAZON MKTPL*X31LB6EK3,-13.28,15,Merchandise,Business,62,Amazon,Personal,YES,Merchandise → Amazon,,,
2023-11-17,2023,11,Capital One CC,CC uploads,Amazon.com*CY3WO7WX3,Amazon.com*CY3WO7WX3,-13.28,15,Merchandise,Business,62,Amazon,Personal,YES,Merchandise → Amazon,,,
2025-05-02,2025,5,Bank of Marin,2025 v3.xlsx,Signal Coffee,Signal Coffee,-13.37,65,Entertainment,Personal,43,Food,Business,YES,Entertainment → Food,,,
2023-11-10,2023,11,Bank of Marin,BoM master,Signal Coffee,Signal Coffee,-13.37,42,Misc,Business,43,Food,Business,YES,Misc → Food,,,
2025-11-20,2025,11,Bank of Marin,2025 v3.xlsx,Peet's Coffee,Peet's Coffee,-13.57,65,Entertainment,Personal,43,Food,Business,YES,Entertainment → Food,,,
2024-10-03,2024,10,Capital One CC,2024.xlsx Capital 1 Clean,HOSTROCKET.COM,HOSTROCKET.COM,-13.82,15,Merchandise,Business,41,Need to Stop,Business,YES,Merchandise → Need to Stop,,,
2024-11-03,2024,11,Capital One CC,2024.xlsx Capital 1 Clean,HOSTROCKET.COM,HOSTROCKET.COM,-13.82,15,Merchandise,Business,41,Need to Stop,Business,YES,Merchandise → Need to Stop,,,
2024-12-03,2024,12,Capital One CC,2024.xlsx Capital 1 Clean,HOSTROCKET.COM,HOSTROCKET.COM,-13.82,15,Merchandise,Business,41,Need to Stop,Business,YES,Merchandise → Need to Stop,,,
2025-10-01,2025,10,Capital One CC,2025 v3.xlsx,Etsy.com*oceansEdge11,Etsy.com*oceansEdge11,-13.86,11,Flowers,Business,15,Merchandise,Business,YES,Flowers → Merchandise,,,
2025-04-04,2025,4,Bank of Marin,2025 v3.xlsx,Signal Coffee,Signal Coffee,-13.96,65,Entertainment,Personal,43,Food,Business,YES,Entertainment → Food,,,
2025-01-22,2025,1,Capital One CC,2025 v3.xlsx,GOOGLE *YouTubePremium,GOOGLE *YouTubePremium,-13.99,61,Subscriptions,Personal,65,Entertainment,Personal,YES,Subscriptions → Entertainment,,,
2025-02-26,2025,2,Capital One CC,2025 v3.xlsx,GOOGLE *YouTubePremium,GOOGLE *YouTubePremium,-13.99,61,Subscriptions,Personal,42,Misc,Business,YES,Subscriptions → Misc,,,
2026-05-06,2026,5,Bank of Marin,BoM master,Signal Coffee,Signal Coffee,-14.0,42,Misc,Business,43,Food,Business,YES,Misc → Food,,,
2024-07-03,2024,7,Capital One CC,2024.xlsx Capital 1 Clean,Prime Video *R73TQ0JD1,Prime Video *R73TQ0JD1,-14.09,65,Entertainment,Personal,61,Subscriptions,Personal,YES,Entertainment → Subscriptions,,,
2026-03-30,2026,3,Bank of Marin,BoM master,Peet's Coffee,Peet's Coffee,-14.1,42,Misc,Business,43,Food,Business,YES,Misc → Food,,,
2025-08-29,2025,8,Bank of Marin,2025 v3.xlsx,A Market,A Market,-14.16,43,Food,Business,42,Misc,Business,YES,Food → Misc,,,
2026-03-23,2026,3,Bank of Marin,BoM master,Peet's Coffee,Peet's Coffee,-14.26,42,Misc,Business,43,Food,Business,YES,Misc → Food,,,
2025-08-16,2025,8,Capital One CC,2025 v3.xlsx,ASPIT POGGIO IMP.    -,ASPIT POGGIO IMP.    -,-14.29,67,Travel,Personal,31,Car (shop),Business,YES,Travel → Car (shop),,,
2026-01-26,2026,1,Bank of Marin,BoM master,Peet's Coffee,Peet's Coffee,-14.3,42,Misc,Business,43,Food,Business,YES,Misc → Food,,,
2023-10-06,2023,10,Capital One CC,CC uploads,AMZN MKTP US*TE6AT14G0,AMZN MKTP US*TE6AT14G0,-14.38,15,Merchandise,Business,62,Amazon,Personal,YES,Merchandise → Amazon,,,
2023-11-29,2023,11,Capital One CC,CC uploads,AMZN Mktp US*9M4DN09B3,AMZN Mktp US*9M4DN09B3,-14.39,15,Merchandise,Business,62,Amazon,Personal,YES,Merchandise → Amazon,,,
2023-10-08,2023,10,Capital One CC,CC uploads,AMZN Mktp US*TE90U8050,AMZN Mktp US*TE90U8050,-14.39,15,Merchandise,Business,62,Amazon,Personal,YES,Merchandise → Amazon,,,
2025-08-04,2025,8,Capital One CC,2025 v3.xlsx,FARMACIA LANCHARES,FARMACIA LANCHARES,-14.6,65,Entertainment,Personal,42,Misc,Business,YES,Entertainment → Misc,,,
2025-12-15,2025,12,Capital One CC,2025 v3.xlsx,TAKEHOME,TAKEHOME,-14.68,11,Flowers,Business,15,Merchandise,Business,YES,Flowers → Merchandise,,,
2023-02-21,2023,2,Bank of Marin,BoM master,Prime Video,Prime Video,-14.74,42,Misc,Business,61,Subscriptions,Personal,YES,Misc → Subscriptions,,,
2023-09-22,2023,9,Capital One CC,CC uploads,AMZN Mktp US*T15RK6C60,AMZN Mktp US*T15RK6C60,-14.95,15,Merchandise,Business,62,Amazon,Personal,YES,Merchandise → Amazon,,,
2025-06-14,2025,6,Capital One CC,2025 v3.xlsx,UBER   *TRIP,UBER   *TRIP,-14.96,64,Car (personal),Personal,42,Misc,Business,YES,Car (personal) → Misc,,,
2024-09-24,2024,9,Capital One CC,2024.xlsx Capital 1 Clean,Amazon.com*N09RJ2AX3,Amazon.com*N09RJ2AX3,-14.97,15,Merchandise,Business,62,Amazon,Personal,YES,Merchandise → Amazon,,,
2025-01-22,2025,1,Capital One CC,2025 v3.xlsx,APPLE.COM/BILL,APPLE.COM/BILL,-14.99,61,Subscriptions,Personal,65,Entertainment,Personal,YES,Subscriptions → Entertainment,,,
2025-03-03,2025,3,Capital One CC,2025 v3.xlsx,APPLE.COM/BILL,APPLE.COM/BILL,-14.99,61,Subscriptions,Personal,65,Entertainment,Personal,YES,Subscriptions → Entertainment,,,
2025-03-17,2025,3,Capital One CC,2025 v3.xlsx,APPLE.COM/BILL,APPLE.COM/BILL,-14.99,61,Subscriptions,Personal,65,Entertainment,Personal,YES,Subscriptions → Entertainment,,,
2025-04-15,2025,4,Capital One CC,2025 v3.xlsx,APPLE.COM/BILL,APPLE.COM/BILL,-14.99,61,Subscriptions,Personal,65,Entertainment,Personal,YES,Subscriptions → Entertainment,,,
2025-06-16,2025,6,Capital One CC,2025 v3.xlsx,APPLE.COM/BILL,APPLE.COM/BILL,-14.99,61,Subscriptions,Personal,65,Entertainment,Personal,YES,Subscriptions → Entertainment,,,
2025-12-10,2025,12,Capital One CC,2025 v3.xlsx,Prime Video *2E8KX8IX3,Prime Video *2E8KX8IX3,-14.99,62,Amazon,Personal,61,Subscriptions,Personal,YES,Amazon → Subscriptions,,,
2025-09-23,2025,9,Capital One CC,2025 v3.xlsx,Prime Video *UQ5S331S3,Prime Video *UQ5S331S3,-14.99,62,Amazon,Personal,61,Subscriptions,Personal,YES,Amazon → Subscriptions,,,
2025-09-02,2025,9,Capital One CC,2025 v3.xlsx,Prime Video *X58Q566J3,Prime Video *X58Q566J3,-14.99,62,Amazon,Personal,61,Subscriptions,Personal,YES,Amazon → Subscriptions,,,
2023-09-18,2023,9,Bank of Marin,BoM master,Prime Video,Prime Video,-14.99,42,Misc,Business,61,Subscriptions,Personal,YES,Misc → Subscriptions,,,
2025-07-24,2025,7,Bank of Marin,2025 v3.xlsx,Peet's Coffee,Peet's Coffee,-15.0,65,Entertainment,Personal,43,Food,Business,YES,Entertainment → Food,,,
2025-07-30,2025,7,Bank of Marin,2025 v3.xlsx,Peet's Coffee,Peet's Coffee,-15.0,65,Entertainment,Personal,43,Food,Business,YES,Entertainment → Food,,,
2025-07-23,2025,7,Capital One CC,2025 v3.xlsx,HUDSONNEWS  ST1182,HUDSONNEWS  ST1182,-15.23,11,Flowers,Business,15,Merchandise,Business,YES,Flowers → Merchandise,,,
2025-08-18,2025,8,Capital One CC,2025 v3.xlsx,AGRI BEACH BOA GIALLA,AGRI BEACH BOA GIALLA,-15.23,67,Travel,Personal,43,Food,Business,YES,Travel → Food,,,
2025-04-14,2025,4,Bank of Marin,2025 v3.xlsx,Signal Coffee,Signal Coffee,-15.28,65,Entertainment,Personal,43,Food,Business,YES,Entertainment → Food,,,
2025-12-30,2025,12,Capital One CC,2025 v3.xlsx,NEW WORLD MT MAUNGANUI,NEW WORLD MT MAUNGANUI,-15.37,11,Flowers,Business,15,Merchandise,Business,YES,Flowers → Merchandise,,,
2025-08-05,2025,8,Bank of Marin,2025 v3.xlsx,Market Hall Ba Kery,Market Hall Ba Kery,-15.4,11,Flowers,Business,42,Misc,Business,YES,Flowers → Misc,,,
2024-11-07,2024,11,Capital One CC,2024.xlsx Capital 1 Clean,AMAZON MKTPL*V637C9YA3,AMAZON MKTPL*V637C9YA3,-15.49,15,Merchandise,Business,62,Amazon,Personal,YES,Merchandise → Amazon,,,
2025-08-01,2025,8,Bank of Marin,2025 v3.xlsx,Floral Supply Synd,Floral Supply Synd,-15.5,14,Materials,Business,11,Flowers,Business,YES,Materials → Flowers,,,
2025-08-15,2025,8,Capital One CC,2025 v3.xlsx,BIDEGI A8/A1 GIPUZKOA,BIDEGI A8/A1 GIPUZKOA,-15.7,67,Travel,Personal,31,Car (shop),Business,YES,Travel → Car (shop),,,
2025-04-09,2025,4,Capital One CC,2025 v3.xlsx,UBER   *TRIP,UBER   *TRIP,-15.92,64,Car (personal),Personal,42,Misc,Business,YES,Car (personal) → Misc,,,
2024-01-14,2024,1,Capital One CC,2024.xlsx Capital 1 Clean,Prime Video Channels,Prime Video Channels,-15.99,65,Entertainment,Personal,61,Subscriptions,Personal,YES,Entertainment → Subscriptions,,,
2024-02-14,2024,2,Capital One CC,2024.xlsx Capital 1 Clean,Prime Video Channels,Prime Video Channels,-15.99,65,Entertainment,Personal,61,Subscriptions,Personal,YES,Entertainment → Subscriptions,,,
2024-03-14,2024,3,Capital One CC,2024.xlsx Capital 1 Clean,Prime Video Channels,Prime Video Channels,-15.99,65,Entertainment,Personal,61,Subscriptions,Personal,YES,Entertainment → Subscriptions,,,
2024-04-14,2024,4,Capital One CC,2024.xlsx Capital 1 Clean,Prime Video Channels,Prime Video Channels,-15.99,65,Entertainment,Personal,61,Subscriptions,Personal,YES,Entertainment → Subscriptions,,,
2024-05-14,2024,5,Capital One CC,2024.xlsx Capital 1 Clean,Prime Video Channels,Prime Video Channels,-15.99,65,Entertainment,Personal,61,Subscriptions,Personal,YES,Entertainment → Subscriptions,,,
2024-06-14,2024,6,Capital One CC,2024.xlsx Capital 1 Clean,Prime Video Channels,Prime Video Channels,-15.99,65,Entertainment,Personal,61,Subscriptions,Personal,YES,Entertainment → Subscriptions,,,
2024-07-14,2024,7,Capital One CC,2024.xlsx Capital 1 Clean,Prime Video Channels,Prime Video Channels,-15.99,65,Entertainment,Personal,61,Subscriptions,Personal,YES,Entertainment → Subscriptions,,,
2023-12-14,2023,12,Capital One CC,CC uploads,Prime Video Channels,Prime Video Channels,-15.99,65,Entertainment,Personal,61,Subscriptions,Personal,YES,Entertainment → Subscriptions,,,
2023-11-14,2023,11,Capital One CC,CC uploads,Prime Video Channels,Prime Video Channels,-15.99,65,Entertainment,Personal,61,Subscriptions,Personal,YES,Entertainment → Subscriptions,,,
2023-10-14,2023,10,Capital One CC,CC uploads,Prime Video Channels,Prime Video Channels,-15.99,65,Entertainment,Personal,61,Subscriptions,Personal,YES,Entertainment → Subscriptions,,,
2025-11-24,2025,11,Bank of Marin,2025 v3.xlsx,Shoreline Car Wash,Shoreline Car Wash,-16.0,65,Entertainment,Personal,42,Misc,Business,YES,Entertainment → Misc,,,
2024-02-23,2024,2,Capital One CC,2024.xlsx Capital 1 Clean,AMZN Mktp US*RW2LO0CE1,AMZN Mktp US*RW2LO0CE1,-16.05,15,Merchandise,Business,62,Amazon,Personal,YES,Merchandise → Amazon,,,
2025-08-19,2025,8,Capital One CC,2025 v3.xlsx,APT FIUMICINO,APT FIUMICINO,-16.17,67,Travel,Personal,43,Food,Business,YES,Travel → Food,,,
2023-12-07,2023,12,Bank of Marin,BoM master,Signal Coffee,Signal Coffee,-16.24,42,Misc,Business,43,Food,Business,YES,Misc → Food,,,
2025-01-29,2025,1,Capital One CC,2025 v3.xlsx,FLORAL SUPPLY SYND #1,FLORAL SUPPLY SYND #1,-16.5,14,Materials,Business,11,Flowers,Business,YES,Materials → Flowers,,,
2025-01-06,2025,1,Bank of Marin,2025 v3.xlsx,Piedmont,Piedmont,-16.5,65,Entertainment,Personal,42,Misc,Business,YES,Entertainment → Misc,,,
2024-03-29,2024,3,Capital One CC,2024.xlsx Capital 1 Clean,AMZN Mktp US*RA7045DQ2,AMZN Mktp US*RA7045DQ2,-16.54,15,Merchandise,Business,62,Amazon,Personal,YES,Merchandise → Amazon,,,
2023-12-06,2023,12,Bank of Marin,BoM master,Signal Coffee,Signal Coffee,-16.56,42,Misc,Business,43,Food,Business,YES,Misc → Food,,,
2024-01-30,2024,1,Capital One CC,2024.xlsx Capital 1 Clean,Amazon Prime*R04FV7WF2,Amazon Prime*R04FV7WF2,-16.6,14,Materials,Business,62,Amazon,Personal,YES,Materials → Amazon,,,
2024-03-30,2024,3,Capital One CC,2024.xlsx Capital 1 Clean,Amazon Prime*093R123I3,Amazon Prime*093R123I3,-16.6,14,Materials,Business,62,Amazon,Personal,YES,Materials → Amazon,,,
2024-02-29,2024,2,Capital One CC,2024.xlsx Capital 1 Clean,Amazon Prime*RW2NN8KG1,Amazon Prime*RW2NN8KG1,-16.6,14,Materials,Business,62,Amazon,Personal,YES,Materials → Amazon,,,
2024-03-31,2024,3,Capital One CC,2024.xlsx Capital 1 Clean,Amazon Prime,Amazon Prime,-16.6,14,Materials,Business,62,Amazon,Personal,YES,Materials → Amazon,,,
2024-07-21,2024,7,Capital One CC,2024.xlsx Capital 1 Clean,AMAZON MKTPL*RJ9N87OB1,AMAZON MKTPL*RJ9N87OB1,-16.6,15,Merchandise,Business,62,Amazon,Personal,YES,Merchandise → Amazon,,,
2023-05-01,2023,5,Bank of Marin,BoM master,Amazon Prime Membership,Amazon Prime Membership,-16.6,14,Materials,Business,62,Amazon,Personal,YES,Materials → Amazon,,,
2023-03-30,2023,3,Bank of Marin,BoM master,Amazon Prime Membership,Amazon Prime Membership,-16.6,14,Materials,Business,62,Amazon,Personal,YES,Materials → Amazon,,,
2023-03-01,2023,3,Bank of Marin,BoM master,Amazon Prime Membership,Amazon Prime Membership,-16.6,14,Materials,Business,62,Amazon,Personal,YES,Materials → Amazon,,,
2023-01-30,2023,1,Bank of Marin,BoM master,Amazon Prime Membership,Amazon Prime Membership,-16.6,14,Materials,Business,62,Amazon,Personal,YES,Materials → Amazon,,,
2023-12-30,2023,12,Capital One CC,CC uploads,Amazon Prime*0B9OD4EP3,Amazon Prime*0B9OD4EP3,-16.6,14,Materials,Business,62,Amazon,Personal,YES,Materials → Amazon,,,
2023-11-30,2023,11,Capital One CC,CC uploads,Amazon Prime*GB80Q9RF3,Amazon Prime*GB80Q9RF3,-16.6,14,Materials,Business,62,Amazon,Personal,YES,Materials → Amazon,,,
2023-10-30,2023,10,Capital One CC,CC uploads,Amazon Prime*U662J9XN3,Amazon Prime*U662J9XN3,-16.6,14,Materials,Business,62,Amazon,Personal,YES,Materials → Amazon,,,
2023-09-30,2023,9,Capital One CC,CC uploads,Amazon Prime*T91QK0FJ0,Amazon Prime*T91QK0FJ0,-16.6,14,Materials,Business,62,Amazon,Personal,YES,Materials → Amazon,,,
2026-01-28,2026,1,Capital One CC,CC uploads,AMAZON MKTPL*3L8BS63F3,AMAZON MKTPL*3L8BS63F3,-16.77,15,Merchandise,Business,62,Amazon,Personal,YES,Merchandise → Amazon,,,
2025-02-11,2025,2,Bank of Marin,2025 v3.xlsx,Signal Coffee,Signal Coffee,-16.95,65,Entertainment,Personal,43,Food,Business,YES,Entertainment → Food,,,
2025-04-16,2025,4,Capital One CC,2025 v3.xlsx,FLORAL SUPPLY SYND #1,FLORAL SUPPLY SYND #1,-17.0,14,Materials,Business,11,Flowers,Business,YES,Materials → Flowers,,,
2024-11-21,2024,11,Capital One CC,2024.xlsx Capital 1 Clean,AMAZON MARK* C24LW27N3,AMAZON MARK* C24LW27N3,-17.08,15,Merchandise,Business,62,Amazon,Personal,YES,Merchandise → Amazon,,,
2025-09-13,2025,9,Capital One CC,2025 v3.xlsx,FREEPRINTS,FREEPRINTS,-17.16,11,Flowers,Business,14,Materials,Business,YES,Flowers → Materials,,,
2023-10-21,2023,10,Capital One CC,CC uploads,AMZN MKTP US*ET8PT5UY3,AMZN MKTP US*ET8PT5UY3,-17.33,15,Merchandise,Business,62,Amazon,Personal,YES,Merchandise → Amazon,,,
2025-08-05,2025,8,Capital One CC,2025 v3.xlsx,PC MOVIL,PC MOVIL,-17.38,11,Flowers,Business,15,Merchandise,Business,YES,Flowers → Merchandise,,,
2025-07-28,2025,7,Capital One CC,2025 v3.xlsx,CAFE TROPICAL,CAFE TROPICAL,-17.67,65,Entertainment,Personal,43,Food,Business,YES,Entertainment → Food,,,
2024-03-20,2024,3,Capital One CC,2024.xlsx Capital 1 Clean,AMZN Mktp US*RH6ZF1XP2,AMZN Mktp US*RH6ZF1XP2,-17.68,15,Merchandise,Business,62,Amazon,Personal,YES,Merchandise → Amazon,,,
2024-03-21,2024,3,Capital One CC,2024.xlsx Capital 1 Clean,AMZN Mktp US*R69J839Z1,AMZN Mktp US*R69J839Z1,-17.71,15,Merchandise,Business,62,Amazon,Personal,YES,Merchandise → Amazon,,,
2024-07-25,2024,7,Capital One CC,2024.xlsx Capital 1 Clean,AMAZON MKTPL*RV67L9LS0,AMAZON MKTPL*RV67L9LS0,-17.71,15,Merchandise,Business,62,Amazon,Personal,YES,Merchandise → Amazon,,,
2023-12-14,2023,12,Bank of Marin,BoM master,In N Out,In N Out,-17.78,42,Misc,Business,43,Food,Business,YES,Misc → Food,,,
2024-10-03,2024,10,Capital One CC,2024.xlsx Capital 1 Clean,AMZN Mktp US*R78V23P93,AMZN Mktp US*R78V23P93,-18.38,15,Merchandise,Business,62,Amazon,Personal,YES,Merchandise → Amazon,,,
2025-04-24,2025,4,Bank of Marin,2025 v3.xlsx,Stripe Transfer St U J K,Stripe Transfer St U J K,-18.39,22,Venmo,Business,71,Transfer (exclude),Exclude,YES,Venmo → Transfer (exclude),,,
2026-02-17,2026,2,Bank of Marin,BoM master,Signal Coffee,Signal Coffee,-18.5,42,Misc,Business,43,Food,Business,YES,Misc → Food,,,
2025-09-19,2025,9,Capital One CC,2025 v3.xlsx,CHAK NURSERY INC,CHAK NURSERY INC,-18.63,11,Flowers,Business,15,Merchandise,Business,YES,Flowers → Merchandise,,,
2026-04-19,2026,4,Capital One CC,CC uploads,AMAZON MKTPL*B75J91900,AMAZON MKTPL*B75J91900,-18.79,15,Merchandise,Business,62,Amazon,Personal,YES,Merchandise → Amazon,,,
2024-02-19,2024,2,Capital One CC,2024.xlsx Capital 1 Clean,AMZN MKTP US*RW3B82H90,AMZN MKTP US*RW3B82H90,-18.82,15,Merchandise,Business,62,Amazon,Personal,YES,Merchandise → Amazon,,,
2023-10-30,2023,10,Capital One CC,CC uploads,AMZN Mktp US*1S4KG1453,AMZN Mktp US*1S4KG1453,-18.82,15,Merchandise,Business,62,Amazon,Personal,YES,Merchandise → Amazon,,,
2026-04-21,2026,4,Capital One CC,CC uploads,AMAZON MKTPL*BY37Z2AM0,AMAZON MKTPL*BY37Z2AM0,-18.82,15,Merchandise,Business,62,Amazon,Personal,YES,Merchandise → Amazon,,,
2025-07-11,2025,7,Bank of Marin,2025 v3.xlsx,Mango Mint,Mango Mint,-18.86,65,Entertainment,Personal,43,Food,Business,YES,Entertainment → Food,,,
2025-06-16,2025,6,Capital One CC,2025 v3.xlsx,APPLE.COM/BILL,APPLE.COM/BILL,-18.99,61,Subscriptions,Personal,65,Entertainment,Personal,YES,Subscriptions → Entertainment,,,
2025-08-04,2025,8,Capital One CC,2025 v3.xlsx,APPLE.COM/BILL,APPLE.COM/BILL,-18.99,61,Subscriptions,Personal,65,Entertainment,Personal,YES,Subscriptions → Entertainment,,,
2025-08-15,2025,8,Capital One CC,2025 v3.xlsx,APPLE.COM/BILL,APPLE.COM/BILL,-18.99,61,Subscriptions,Personal,65,Entertainment,Personal,YES,Subscriptions → Entertainment,,,
2025-12-16,2025,12,Capital One CC,2025 v3.xlsx,APPLE.COM/BILL,APPLE.COM/BILL,-18.99,61,Subscriptions,Personal,65,Entertainment,Personal,YES,Subscriptions → Entertainment,,,
2025-11-24,2025,11,Bank of Marin,2025 v3.xlsx,Signal Coffee,Signal Coffee,-19.1,65,Entertainment,Personal,43,Food,Business,YES,Entertainment → Food,,,
2026-05-28,2026,5,Capital One CC,CC uploads,AMAZON MKTPL*0U4KY4P23,AMAZON MKTPL*0U4KY4P23,-19.1,15,Merchandise,Business,62,Amazon,Personal,YES,Merchandise → Amazon,,,
2024-02-02,2024,2,Capital One CC,2024.xlsx Capital 1 Clean,AMZN Mktp US*R259Z4V52,AMZN Mktp US*R259Z4V52,-19.29,15,Merchandise,Business,62,Amazon,Personal,YES,Merchandise → Amazon,,,
2026-06-05,2026,6,Capital One CC,CC uploads,AMAZON MKTPL*DC7GB2133,AMAZON MKTPL*DC7GB2133,-19.29,15,Merchandise,Business,62,Amazon,Personal,YES,Merchandise → Amazon,,,
2026-04-20,2026,4,Bank of Marin,BoM master,Peet's Coffee,Peet's Coffee,-19.6,42,Misc,Business,43,Food,Business,YES,Misc → Food,,,
2024-11-07,2024,11,Capital One CC,2024.xlsx Capital 1 Clean,AMAZON MKTPL*IP6CV8893,AMAZON MKTPL*IP6CV8893,-19.75,15,Merchandise,Business,62,Amazon,Personal,YES,Merchandise → Amazon,,,
2024-11-16,2024,11,Capital One CC,2024.xlsx Capital 1 Clean,AMAZON MKTPLACE PMTS,AMAZON MKTPLACE PMTS,-19.75,15,Merchandise,Business,62,Amazon,Personal,YES,Merchandise → Amazon,,,
2026-05-15,2026,5,Capital One CC,CC uploads,AMAZON MKTPL*ZP97Z6DC3,AMAZON MKTPL*ZP97Z6DC3,-19.82,15,Merchandise,Business,62,Amazon,Personal,YES,Merchandise → Amazon,,,
2026-04-08,2026,4,Capital One CC,CC uploads,AMAZON MKTPL*BC5047SA1,AMAZON MKTPL*BC5047SA1,-19.87,15,Merchandise,Business,62,Amazon,Personal,YES,Merchandise → Amazon,,,
2024-12-16,2024,12,Bank of Marin,2024.xlsx Marin clean,Mayesh Wholesale Flowers,Mayesh San Francis Co,-19.89,42,Misc,Business,11,Flowers,Business,YES,Misc → Flowers,,,
2026-03-29,2026,3,Capital One CC,CC uploads,AMAZON MKTPL*BC3VM3PR2,AMAZON MKTPL*BC3VM3PR2,-19.91,15,Merchandise,Business,62,Amazon,Personal,YES,Merchandise → Amazon,,,
2025-06-13,2025,6,Bank of Marin,2025 v3.xlsx,Macondo Colomb Ian Fu,Macondo Colomb Ian Fu,-19.93,11,Flowers,Business,42,Misc,Business,YES,Flowers → Misc,,,
2025-12-22,2025,12,Capital One CC,2025 v3.xlsx,New World Feilding,New World Feilding,-19.98,11,Flowers,Business,15,Merchandise,Business,YES,Flowers → Merchandise,,,
2024-02-27,2024,2,Capital One CC,2024.xlsx Capital 1 Clean,Prime Video *RW2MG9G31,Prime Video *RW2MG9G31,-19.99,65,Entertainment,Personal,61,Subscriptions,Personal,YES,Entertainment → Subscriptions,,,
2024-02-27,2024,2,Capital One CC,2024.xlsx Capital 1 Clean,Prime Video *RZ2BP1LD2,Prime Video *RZ2BP1LD2,-19.99,65,Entertainment,Personal,61,Subscriptions,Personal,YES,Entertainment → Subscriptions,,,
2024-04-27,2024,4,Capital One CC,2024.xlsx Capital 1 Clean,AMAZON PRIME*QK3XI2E83,AMAZON PRIME*QK3XI2E83,-19.99,65,Entertainment,Personal,62,Amazon,Personal,YES,Entertainment → Amazon,,,
2024-07-15,2024,7,Capital One CC,2024.xlsx Capital 1 Clean,Prime Video *RS5DX9NQ0,Prime Video *RS5DX9NQ0,-19.99,65,Entertainment,Personal,61,Subscriptions,Personal,YES,Entertainment → Subscriptions,,,
2025-01-18,2025,1,Capital One CC,2025 v3.xlsx,FAIRE INSIDER,FAIRE INSIDER,-19.99,15,Merchandise,Business,11,Flowers,Business,YES,Merchandise → Flowers,,,
2025-02-17,2025,2,Capital One CC,2025 v3.xlsx,FAIRE INSIDER,FAIRE INSIDER,-19.99,15,Merchandise,Business,11,Flowers,Business,YES,Merchandise → Flowers,,,
2025-03-19,2025,3,Capital One CC,2025 v3.xlsx,FAIRE INSIDER,FAIRE INSIDER,-19.99,15,Merchandise,Business,11,Flowers,Business,YES,Merchandise → Flowers,,,
2025-04-18,2025,4,Capital One CC,2025 v3.xlsx,FAIRE INSIDER,FAIRE INSIDER,-19.99,15,Merchandise,Business,11,Flowers,Business,YES,Merchandise → Flowers,,,
2025-05-19,2025,5,Capital One CC,2025 v3.xlsx,FAIRE INSIDER,FAIRE INSIDER,-19.99,15,Merchandise,Business,11,Flowers,Business,YES,Merchandise → Flowers,,,
2025-06-17,2025,6,Capital One CC,2025 v3.xlsx,FAIRE INSIDER,FAIRE INSIDER,-19.99,15,Merchandise,Business,11,Flowers,Business,YES,Merchandise → Flowers,,,
2025-07-17,2025,7,Capital One CC,2025 v3.xlsx,FAIRE INSIDER,FAIRE INSIDER,-19.99,15,Merchandise,Business,11,Flowers,Business,YES,Merchandise → Flowers,,,
2025-08-16,2025,8,Capital One CC,2025 v3.xlsx,FAIRE INSIDER,FAIRE INSIDER,-19.99,15,Merchandise,Business,11,Flowers,Business,YES,Merchandise → Flowers,,,
2025-09-15,2025,9,Capital One CC,2025 v3.xlsx,FAIRE INSIDER,FAIRE INSIDER,-19.99,15,Merchandise,Business,11,Flowers,Business,YES,Merchandise → Flowers,,,
2025-10-16,2025,10,Capital One CC,2025 v3.xlsx,FAIRE INSIDER,FAIRE INSIDER,-19.99,15,Merchandise,Business,11,Flowers,Business,YES,Merchandise → Flowers,,,
2025-11-14,2025,11,Capital One CC,2025 v3.xlsx,FAIRE INSIDER,FAIRE INSIDER,-19.99,15,Merchandise,Business,11,Flowers,Business,YES,Merchandise → Flowers,,,
2025-12-15,2025,12,Capital One CC,2025 v3.xlsx,FAIRE INSIDER,FAIRE INSIDER,-19.99,15,Merchandise,Business,11,Flowers,Business,YES,Merchandise → Flowers,,,
2025-01-27,2025,1,Capital One CC,2025 v3.xlsx,APPLE.COM/BILL,APPLE.COM/BILL,-19.99,61,Subscriptions,Personal,65,Entertainment,Personal,YES,Subscriptions → Entertainment,,,
2025-03-03,2025,3,Capital One CC,2025 v3.xlsx,Prime Video *4J8D260Z3,Prime Video *4J8D260Z3,-19.99,62,Amazon,Personal,61,Subscriptions,Personal,YES,Amazon → Subscriptions,,,
2025-04-18,2025,4,Capital One CC,2025 v3.xlsx,Prime Video *4T64F82T3,Prime Video *4T64F82T3,-19.99,62,Amazon,Personal,61,Subscriptions,Personal,YES,Amazon → Subscriptions,,,
2025-11-28,2025,11,Capital One CC,2025 v3.xlsx,Prime Video *B29MN5W72,Prime Video *B29MN5W72,-19.99,62,Amazon,Personal,61,Subscriptions,Personal,YES,Amazon → Subscriptions,,,
2025-03-17,2025,3,Capital One CC,2025 v3.xlsx,Prime Video *EV67J1Q73,Prime Video *EV67J1Q73,-19.99,62,Amazon,Personal,61,Subscriptions,Personal,YES,Amazon → Subscriptions,,,
2025-12-30,2025,12,Capital One CC,2025 v3.xlsx,Prime Video *F47LX42X3,Prime Video *F47LX42X3,-19.99,62,Amazon,Personal,61,Subscriptions,Personal,YES,Amazon → Subscriptions,,,
2025-02-03,2025,2,Capital One CC,2025 v3.xlsx,Prime Video *FU9W00G53,Prime Video *FU9W00G53,-19.99,62,Amazon,Personal,61,Subscriptions,Personal,YES,Amazon → Subscriptions,,,
2025-10-27,2025,10,Capital One CC,2025 v3.xlsx,Prime Video *N41I37GK0,Prime Video *N41I37GK0,-19.99,62,Amazon,Personal,61,Subscriptions,Personal,YES,Amazon → Subscriptions,,,
2025-06-13,2025,6,Capital One CC,2025 v3.xlsx,Prime Video *NH70S8YR1,Prime Video *NH70S8YR1,-19.99,62,Amazon,Personal,61,Subscriptions,Personal,YES,Amazon → Subscriptions,,,
2025-06-23,2025,6,Capital One CC,2025 v3.xlsx,Prime Video *NO06C4HD0,Prime Video *NO06C4HD0,-19.99,62,Amazon,Personal,61,Subscriptions,Personal,YES,Amazon → Subscriptions,,,
2025-01-22,2025,1,Capital One CC,2025 v3.xlsx,Prime Video *ZC5EF51H2,Prime Video *ZC5EF51H2,-19.99,62,Amazon,Personal,61,Subscriptions,Personal,YES,Amazon → Subscriptions,,,
2025-02-03,2025,2,Capital One CC,2025 v3.xlsx,Prime Video *ZC7EV4KY1,Prime Video *ZC7EV4KY1,-19.99,62,Amazon,Personal,61,Subscriptions,Personal,YES,Amazon → Subscriptions,,,
2023-06-26,2023,6,Bank of Marin,BoM master,Prime Video,Prime Video,-19.99,42,Misc,Business,61,Subscriptions,Personal,YES,Misc → Subscriptions,,,
2023-04-03,2023,4,Bank of Marin,BoM master,Prime Video,Prime Video,-19.99,42,Misc,Business,61,Subscriptions,Personal,YES,Misc → Subscriptions,,,
2023-03-13,2023,3,Bank of Marin,BoM master,Prime Video,Prime Video,-19.99,42,Misc,Business,61,Subscriptions,Personal,YES,Misc → Subscriptions,,,
2026-06-07,2026,6,Capital One CC,CC uploads,Prime Video *RT0E76I03,Prime Video *RT0E76I03,-19.99,65,Entertainment,Personal,61,Subscriptions,Personal,YES,Entertainment → Subscriptions,,,
2026-05-18,2026,5,Capital One CC,CC uploads,Prime Video *RH1DW0FW3,Prime Video *RH1DW0FW3,-19.99,65,Entertainment,Personal,61,Subscriptions,Personal,YES,Entertainment → Subscriptions,,,
2024-11-22,2024,11,Bank of Marin,2024.xlsx Marin clean,Neve Bros,Neve Bros,-20.0,35,SBA / Admin,Business,11,Flowers,Business,YES,SBA / Admin → Flowers,,,
2024-10-07,2024,10,Capital One CC,2024.xlsx Capital 1 Clean,HOSTROCKET.COM,HOSTROCKET.COM,-20.0,15,Merchandise,Business,41,Need to Stop,Business,YES,Merchandise → Need to Stop,,,
2025-05-26,2025,5,Capital One CC,2025 v3.xlsx,WWW.CSCSW.COM,WWW.CSCSW.COM,-20.0,11,Flowers,Business,14,Materials,Business,YES,Flowers → Materials,,,
2025-06-24,2025,6,Capital One CC,2025 v3.xlsx,WWW.CSCSW.COM,WWW.CSCSW.COM,-20.0,11,Flowers,Business,14,Materials,Business,YES,Flowers → Materials,,,
2025-07-08,2025,7,Capital One CC,2025 v3.xlsx,WWW.CSCSW.COM,WWW.CSCSW.COM,-20.0,11,Flowers,Business,14,Materials,Business,YES,Flowers → Materials,,,
2025-09-27,2025,9,Capital One CC,2025 v3.xlsx,CLIPPER SYSTEMS MOBILE,CLIPPER SYSTEMS MOBILE,-20.0,64,Car (personal),Personal,42,Misc,Business,YES,Car (personal) → Misc,,,
2025-01-27,2025,1,Capital One CC,2025 v3.xlsx,UBER   *TRIP,UBER   *TRIP,-20.0,64,Car (personal),Personal,42,Misc,Business,YES,Car (personal) → Misc,,,
2023-10-06,2023,10,Capital One CC,CC uploads,HOSTROCKET.COM,HOSTROCKET.COM,-20.0,15,Merchandise,Business,41,Need to Stop,Business,YES,Merchandise → Need to Stop,,,
2023-10-11,2023,10,Capital One CC,CC uploads,AMZN Mktp US*TE4WZ6GX1,AMZN Mktp US*TE4WZ6GX1,-20.03,15,Merchandise,Business,62,Amazon,Personal,YES,Merchandise → Amazon,,,
2023-10-25,2023,10,Capital One CC,CC uploads,AMZN Mktp US*IA31Z41E3,AMZN Mktp US*IA31Z41E3,-20.13,15,Merchandise,Business,62,Amazon,Personal,YES,Merchandise → Amazon,,,
2025-11-21,2025,11,Bank of Marin,2025 v3.xlsx,Dim Sum Best O F Tast,Dim Sum Best O F Tast,-20.17,11,Flowers,Business,42,Misc,Business,YES,Flowers → Misc,,,
2025-03-19,2025,3,Capital One CC,2025 v3.xlsx,SQ *MEDINA NEW GENERAT,SQ *MEDINA NEW GENERAT,-20.5,11,Flowers,Business,15,Merchandise,Business,YES,Flowers → Merchandise,,,
2026-07-16,2026,7,Bank of Marin,BoM master,Signal Coffee Roas Alameda Ca,Signal Coffee Roas Alameda Ca,-20.54,42,Misc,Business,43,Food,Business,YES,Misc → Food,,,
2025-10-14,2025,10,Bank of Marin,2025 v3.xlsx,Peet's Coffee,Peet's Coffee,-20.8,65,Entertainment,Personal,43,Food,Business,YES,Entertainment → Food,,,
2025-12-16,2025,12,Capital One CC,2025 v3.xlsx,APPLE.COM/BILL,APPLE.COM/BILL,-20.98,61,Subscriptions,Personal,65,Entertainment,Personal,YES,Subscriptions → Entertainment,,,
2026-06-11,2026,6,Capital One CC,CC uploads,AMAZON MKTPL*PP3CS6H43,AMAZON MKTPL*PP3CS6H43,-21.03,15,Merchandise,Business,62,Amazon,Personal,YES,Merchandise → Amazon,,,
2026-01-26,2026,1,Bank of Marin,BoM master,In N Out,In N Out,-21.21,42,Misc,Business,43,Food,Business,YES,Misc → Food,,,
2023-03-23,2023,3,Bank of Marin,BoM master,Signal Coffee Roas Alameda Ca,Signal Coffee Roas Alameda Ca,-21.33,42,Misc,Business,43,Food,Business,YES,Misc → Food,,,
2026-04-03,2026,4,Capital One CC,CC uploads,Amazon.com*BG47Q0RA1,Amazon.com*BG47Q0RA1,-21.59,15,Merchandise,Business,62,Amazon,Personal,YES,Merchandise → Amazon,,,
2026-02-02,2026,2,Capital One CC,CC uploads,AMAZON MKTPL*E69EP6K13,AMAZON MKTPL*E69EP6K13,-21.99,15,Merchandise,Business,62,Amazon,Personal,YES,Merchandise → Amazon,,,
2024-03-09,2024,3,Capital One CC,2024.xlsx Capital 1 Clean,AMZN Mktp US*RN0IK3KR2,AMZN Mktp US*RN0IK3KR2,-22.06,15,Merchandise,Business,62,Amazon,Personal,YES,Merchandise → Amazon,,,
2025-04-17,2025,4,Capital One CC,2025 v3.xlsx,MICHAELS #9490,MICHAELS #9490,-22.13,11,Flowers,Business,15,Merchandise,Business,YES,Flowers → Merchandise,,,
2024-06-27,2024,6,Capital One CC,2024.xlsx Capital 1 Clean,AMAZON MKTPL*RC46E9D80,AMAZON MKTPL*RC46E9D80,-22.14,15,Merchandise,Business,62,Amazon,Personal,YES,Merchandise → Amazon,,,
2024-07-14,2024,7,Capital One CC,2024.xlsx Capital 1 Clean,AMAZON MKTPL*RS1C82FR0,AMAZON MKTPL*RS1C82FR0,-22.26,15,Merchandise,Business,62,Amazon,Personal,YES,Merchandise → Amazon,,,
2025-11-25,2025,11,Capital One CC,2025 v3.xlsx,DEEPSTASH,DEEPSTASH,-22.61,11,Flowers,Business,15,Merchandise,Business,YES,Flowers → Merchandise,,,
2025-12-26,2025,12,Capital One CC,2025 v3.xlsx,DEEPSTASH,DEEPSTASH,-22.61,11,Flowers,Business,15,Merchandise,Business,YES,Flowers → Merchandise,,,
2025-08-13,2025,8,Capital One CC,2025 v3.xlsx,CROGNALETTI NATALINO,CROGNALETTI NATALINO,-22.77,65,Entertainment,Personal,42,Misc,Business,YES,Entertainment → Misc,,,
2024-03-20,2024,3,Capital One CC,2024.xlsx Capital 1 Clean,AMAZON.COM*R64D34221,AMAZON.COM*R64D34221,-22.88,15,Merchandise,Business,62,Amazon,Personal,YES,Merchandise → Amazon,,,
2025-07-11,2025,7,Bank of Marin,2025 v3.xlsx,Amanda Leong Denta,Amanda Leong Denta,-23.0,65,Entertainment,Personal,42,Misc,Business,YES,Entertainment → Misc,,,
2025-04-14,2025,4,Bank of Marin,2025 v3.xlsx,Shoreline Car Wash,Shoreline Car Wash,-23.0,65,Entertainment,Personal,42,Misc,Business,YES,Entertainment → Misc,,,
2025-09-06,2025,9,Capital One CC,2025 v3.xlsx,SHOPGOODWILL.COM,SHOPGOODWILL.COM,-23.05,11,Flowers,Business,66,Clothing,Personal,YES,Flowers → Clothing,,,
2023-12-15,2023,12,Capital One CC,CC uploads,AMZN Mktp US*ZC0NU53C3,AMZN Mktp US*ZC0NU53C3,-23.24,15,Merchandise,Business,62,Amazon,Personal,YES,Merchandise → Amazon,,,
2026-03-14,2026,3,Capital One CC,CC uploads,Amazon.com*BP2BX0G60,Amazon.com*BP2BX0G60,-23.32,15,Merchandise,Business,62,Amazon,Personal,YES,Merchandise → Amazon,,,
2025-04-18,2025,4,Capital One CC,2025 v3.xlsx,FLORAL SUPPLY SYND #1,FLORAL SUPPLY SYND #1,-23.5,14,Materials,Business,11,Flowers,Business,YES,Materials → Flowers,,,
2025-07-17,2025,7,Bank of Marin,2025 v3.xlsx,Macondo Colomb Ian Fu,Macondo Colomb Ian Fu,-23.56,11,Flowers,Business,42,Misc,Business,YES,Flowers → Misc,,,
2025-09-06,2025,9,Capital One CC,2025 v3.xlsx,SHOPGOODWILL.COM,SHOPGOODWILL.COM,-23.69,11,Flowers,Business,66,Clothing,Personal,YES,Flowers → Clothing,,,
2025-12-18,2025,12,Capital One CC,2025 v3.xlsx,EXPRESS SUPERMARKET,EXPRESS SUPERMARKET,-23.75,11,Flowers,Business,15,Merchandise,Business,YES,Flowers → Merchandise,,,
2025-07-14,2025,7,Bank of Marin,2025 v3.xlsx,Floral Supply Synd,Floral Supply Synd,-23.75,14,Materials,Business,11,Flowers,Business,YES,Materials → Flowers,,,
2025-12-26,2025,12,Capital One CC,2025 v3.xlsx,New World Feilding,New World Feilding,-23.81,11,Flowers,Business,15,Merchandise,Business,YES,Flowers → Merchandise,,,
2024-01-31,2024,1,Capital One CC,2024.xlsx Capital 1 Clean,AMZN Mktp US*R281Q3H40,AMZN Mktp US*R281Q3H40,-23.91,15,Merchandise,Business,62,Amazon,Personal,YES,Merchandise → Amazon,,,
2025-07-21,2025,7,Capital One CC,2025 v3.xlsx,TRADE FAIR #1,TRADE FAIR #1,-23.98,11,Flowers,Business,15,Merchandise,Business,YES,Flowers → Merchandise,,,
2026-07-08,2026,7,Bank of Marin,BoM master,Peet's Coffee,Peet's Coffee,-24.04,42,Misc,Business,43,Food,Business,YES,Misc → Food,,,
2025-04-17,2025,4,Capital One CC,2025 v3.xlsx,MICHAELS #9490,MICHAELS #9490,-24.32,11,Flowers,Business,15,Merchandise,Business,YES,Flowers → Merchandise,,,
2023-11-17,2023,11,Capital One CC,CC uploads,AMZN Mktp US*9T8ED1PJ3,AMZN Mktp US*9T8ED1PJ3,-24.33,15,Merchandise,Business,62,Amazon,Personal,YES,Merchandise → Amazon,,,
2024-01-20,2024,1,Capital One CC,2024.xlsx Capital 1 Clean,AMZN Mktp US*R895S4AF1,AMZN Mktp US*R895S4AF1,-24.35,15,Merchandise,Business,62,Amazon,Personal,YES,Merchandise → Amazon,,,
2024-04-27,2024,4,Capital One CC,2024.xlsx Capital 1 Clean,AMZN Mktp US*WJ3TA3233,AMZN Mktp US*WJ3TA3233,-24.35,15,Merchandise,Business,62,Amazon,Personal,YES,Merchandise → Amazon,,,
2025-12-31,2025,12,Capital One CC,2025 v3.xlsx,TRADEMARK.FLICKET.CO.N,TRADEMARK.FLICKET.CO.N,-24.4,62,Amazon,Personal,65,Entertainment,Personal,YES,Amazon → Entertainment,,,
2026-07-10,2026,7,Capital One CC,CC uploads,AMAZON MKTPL*KP6HI1Y23,AMAZON MKTPL*KP6HI1Y23,-24.46,15,Merchandise,Business,62,Amazon,Personal,YES,Merchandise → Amazon,,,
2025-06-12,2025,6,Capital One CC,2025 v3.xlsx,EB *STAND-UP COMEDY AT,EB *STAND-UP COMEDY AT,-24.48,11,Flowers,Business,14,Materials,Business,YES,Flowers → Materials,,,
2023-11-22,2023,11,Capital One CC,CC uploads,AMZN Mktp US*TY52O90K3,AMZN Mktp US*TY52O90K3,-24.51,15,Merchandise,Business,62,Amazon,Personal,YES,Merchandise → Amazon,,,
2025-06-20,2025,6,Capital One CC,2025 v3.xlsx,SHOPGOODWILL.COM,SHOPGOODWILL.COM,-24.73,11,Flowers,Business,66,Clothing,Personal,YES,Flowers → Clothing,,,
2025-10-31,2025,10,Capital One CC,2025 v3.xlsx,FLORAL SUPPLY SYND #1,FLORAL SUPPLY SYND #1,-24.75,14,Materials,Business,11,Flowers,Business,YES,Materials → Flowers,,,
2025-11-05,2025,11,Capital One CC,2025 v3.xlsx,FLORAL SUPPLY SYND #1,FLORAL SUPPLY SYND #1,-24.75,14,Materials,Business,11,Flowers,Business,YES,Materials → Flowers,,,
2026-07-21,2026,7,Capital One CC,CC uploads,Amazon.com*TS98R8903,Amazon.com*TS98R8903,-24.97,15,Merchandise,Business,62,Amazon,Personal,YES,Merchandise → Amazon,,,
2023-08-10,2023,8,Bank of Marin,BoM master,Prime Video,Prime Video,-24.99,42,Misc,Business,61,Subscriptions,Personal,YES,Misc → Subscriptions,,,
2026-05-30,2026,5,Capital One CC,CC uploads,Prime Video *L85T581X3,Prime Video *L85T581X3,-24.99,65,Entertainment,Personal,61,Subscriptions,Personal,YES,Entertainment → Subscriptions,,,
2026-04-12,2026,4,Capital One CC,CC uploads,Prime Video *B75HJ13A1,Prime Video *B75HJ13A1,-24.99,65,Entertainment,Personal,61,Subscriptions,Personal,YES,Entertainment → Subscriptions,,,
2026-04-11,2026,4,Capital One CC,CC uploads,Prime Video *BC6GG67N0,Prime Video *BC6GG67N0,-24.99,65,Entertainment,Personal,61,Subscriptions,Personal,YES,Entertainment → Subscriptions,,,
2026-04-04,2026,4,Capital One CC,CC uploads,Prime Video *BG0GD2YI1,Prime Video *BG0GD2YI1,-24.99,65,Entertainment,Personal,61,Subscriptions,Personal,YES,Entertainment → Subscriptions,,,
2025-08-14,2025,8,Capital One CC,2025 v3.xlsx,ASPIT FANO           -,ASPIT FANO           -,-25.04,67,Travel,Personal,31,Car (shop),Business,YES,Travel → Car (shop),,,
2023-10-21,2023,10,Capital One CC,CC uploads,AMZN Mktp US*0H95791G3,AMZN Mktp US*0H95791G3,-25.46,15,Merchandise,Business,62,Amazon,Personal,YES,Merchandise → Amazon,,,
2024-02-18,2024,2,Capital One CC,2024.xlsx Capital 1 Clean,Amazon.com*RI05R2202,Amazon.com*RI05R2202,-25.47,15,Merchandise,Business,62,Amazon,Personal,YES,Merchandise → Amazon,,,
2025-09-26,2025,9,Bank of Marin,2025 v3.xlsx,Signal Coffee,Signal Coffee,-25.47,65,Entertainment,Personal,43,Food,Business,YES,Entertainment → Food,,,
2025-04-09,2025,4,Capital One CC,2025 v3.xlsx,UBER   *TRIP,UBER   *TRIP,-25.59,64,Car (personal),Personal,42,Misc,Business,YES,Car (personal) → Misc,,,
2026-01-31,2026,1,Capital One CC,CC uploads,Amazon.com*IU9QR4TH3,Amazon.com*IU9QR4TH3,-25.8,15,Merchandise,Business,62,Amazon,Personal,YES,Merchandise → Amazon,,,
2024-10-29,2024,10,Capital One CC,2024.xlsx Capital 1 Clean,Amazon.com*E958F6D43,Amazon.com*E958F6D43,-25.84,15,Merchandise,Business,62,Amazon,Personal,YES,Merchandise → Amazon,,,
2025-04-04,2025,4,Capital One CC,2025 v3.xlsx,UBER   *TRIP,UBER   *TRIP,-25.91,64,Car (personal),Personal,42,Misc,Business,YES,Car (personal) → Misc,,,
2025-07-31,2025,7,Capital One CC,2025 v3.xlsx,CEPSA 15596-1 E,CEPSA 15596-1 E,-25.97,67,Travel,Personal,31,Car (shop),Business,YES,Travel → Car (shop),,,
2025-01-03,2025,1,Bank of Marin,2025 v3.xlsx,Penny a Bunch Alameda Ca,Penny a Bunch Alameda Ca,-26.0,43,Food,Business,14,Materials,Business,YES,Food → Materials,,,
2025-06-10,2025,6,Bank of Marin,2025 v3.xlsx,Goodwill,Goodwill,-26.02,14,Materials,Business,66,Clothing,Personal,YES,Materials → Clothing,,,
2025-02-14,2025,2,Bank of Marin,2025 v3.xlsx,Signal Coffee,Signal Coffee,-26.1,65,Entertainment,Personal,43,Food,Business,YES,Entertainment → Food,,,
2025-06-10,2025,6,Bank of Marin,2025 v3.xlsx,Goodwill,Goodwill,-26.32,14,Materials,Business,66,Clothing,Personal,YES,Materials → Clothing,,,
2025-06-20,2025,6,Capital One CC,2025 v3.xlsx,SHOPGOODWILL.COM,SHOPGOODWILL.COM,-26.57,11,Flowers,Business,66,Clothing,Personal,YES,Flowers → Clothing,,,
2024-06-29,2024,6,Capital One CC,2024.xlsx Capital 1 Clean,Amazon.com*RC4QW5BA1,Amazon.com*RC4QW5BA1,-26.58,15,Merchandise,Business,62,Amazon,Personal,YES,Merchandise → Amazon,,,
2025-08-21,2025,8,Bank of Marin,2025 v3.xlsx,Signal Coffee,Signal Coffee,-26.58,65,Entertainment,Personal,43,Food,Business,YES,Entertainment → Food,,,
2025-06-20,2025,6,Capital One CC,2025 v3.xlsx,SHOPGOODWILL.COM,SHOPGOODWILL.COM,-26.61,11,Flowers,Business,66,Clothing,Personal,YES,Flowers → Clothing,,,
2025-12-15,2025,12,Capital One CC,2025 v3.xlsx,TAKEHOME,TAKEHOME,-26.79,11,Flowers,Business,15,Merchandise,Business,YES,Flowers → Merchandise,,,
2024-02-08,2024,2,Capital One CC,2024.xlsx Capital 1 Clean,AMZN Mktp US*R24C49WH1,AMZN Mktp US*R24C49WH1,-26.9,15,Merchandise,Business,62,Amazon,Personal,YES,Merchandise → Amazon,,,
2026-04-02,2026,4,Capital One CC,CC uploads,AMAZON MKTPL*BG17E7X20,AMAZON MKTPL*BG17E7X20,-26.95,15,Merchandise,Business,62,Amazon,Personal,YES,Merchandise → Amazon,,,
2025-04-04,2025,4,Capital One CC,2025 v3.xlsx,UBER   *TRIP,UBER   *TRIP,-26.99,64,Car (personal),Personal,42,Misc,Business,YES,Car (personal) → Misc,,,
2025-08-07,2025,8,Capital One CC,2025 v3.xlsx,CO.TA.BO SMARTPOS 1,CO.TA.BO SMARTPOS 1,-27.12,64,Car (personal),Personal,42,Misc,Business,YES,Car (personal) → Misc,,,
2025-02-18,2025,2,Bank of Marin,2025 v3.xlsx,Signal Coffee,Signal Coffee,-27.13,65,Entertainment,Personal,43,Food,Business,YES,Entertainment → Food,,,
2026-05-12,2026,5,Bank of Marin,BoM master,Starbucks,Starbucks,-27.25,42,Misc,Business,43,Food,Business,YES,Misc → Food,,,
2024-03-28,2024,3,Capital One CC,2024.xlsx Capital 1 Clean,AMZN Mktp US*EF41220K3,AMZN Mktp US*EF41220K3,-27.28,15,Merchandise,Business,62,Amazon,Personal,YES,Merchandise → Amazon,,,
2024-07-11,2024,7,Capital One CC,2024.xlsx Capital 1 Clean,Amazon.com*RY0XQ8860,Amazon.com*RY0XQ8860,-27.57,15,Merchandise,Business,62,Amazon,Personal,YES,Merchandise → Amazon,,,
2025-06-20,2025,6,Capital One CC,2025 v3.xlsx,SHOPGOODWILL.COM,SHOPGOODWILL.COM,-27.61,11,Flowers,Business,66,Clothing,Personal,YES,Flowers → Clothing,,,
2023-12-03,2023,12,Capital One CC,CC uploads,AMZN Mktp US*GH7G21TS3,AMZN Mktp US*GH7G21TS3,-27.68,15,Merchandise,Business,62,Amazon,Personal,YES,Merchandise → Amazon,,,
2026-01-29,2026,1,Capital One CC,CC uploads,AMAZON MKTPL*0Y4695TB3,AMAZON MKTPL*0Y4695TB3,-27.68,15,Merchandise,Business,62,Amazon,Personal,YES,Merchandise → Amazon,,,
2025-01-24,2025,1,Capital One CC,2025 v3.xlsx,FLORAL SUPPLY SYND #1,FLORAL SUPPLY SYND #1,-27.75,14,Materials,Business,11,Flowers,Business,YES,Materials → Flowers,,,
2023-06-20,2023,6,Bank of Marin,BoM master,Starbucks,Starbucks,-27.85,42,Misc,Business,43,Food,Business,YES,Misc → Food,,,
2024-06-19,2024,6,Capital One CC,2024.xlsx Capital 1 Clean,AMAZON MAR* 114-654983,AMAZON MAR* 114-654983,-27.91,15,Merchandise,Business,62,Amazon,Personal,YES,Merchandise → Amazon,,,
2024-06-20,2024,6,Capital One CC,2024.xlsx Capital 1 Clean,AMAZON MAR* 114-654983,AMAZON MAR* 114-654983,-27.91,15,Merchandise,Business,62,Amazon,Personal,YES,Merchandise → Amazon,,,
2026-07-09,2026,7,Capital One CC,CC uploads,AMAZON MKTPL*JY3Q984X3,AMAZON MKTPL*JY3Q984X3,-27.99,15,Merchandise,Business,62,Amazon,Personal,YES,Merchandise → Amazon,,,
2026-02-19,2026,2,Capital One CC,CC uploads,AMAZON MKTPL*SE9QB2W23,AMAZON MKTPL*SE9QB2W23,-27.99,15,Merchandise,Business,62,Amazon,Personal,YES,Merchandise → Amazon,,,
2026-02-17,2026,2,Capital One CC,CC uploads,AMAZON MKTPL*B91I52FP2,AMAZON MKTPL*B91I52FP2,-27.99,15,Merchandise,Business,62,Amazon,Personal,YES,Merchandise → Amazon,,,
2025-05-31,2025,5,Capital One CC,2025 v3.xlsx,ORINDA THEATRE,ORINDA THEATRE,-28.0,62,Amazon,Personal,65,Entertainment,Personal,YES,Amazon → Entertainment,,,
2024-12-20,2024,12,Bank of Marin,2024.xlsx Marin clean,Amazon,Amazon,-28.16,14,Materials,Business,62,Amazon,Personal,YES,Materials → Amazon,,,
2025-12-18,2025,12,Capital One CC,2025 v3.xlsx,Ariki Backpackers,Ariki Backpackers,-28.4,67,Travel,Personal,42,Misc,Business,YES,Travel → Misc,,,
2026-03-14,2026,3,Capital One CC,CC uploads,Amazon.com*BD38U39V2,Amazon.com*BD38U39V2,-28.42,15,Merchandise,Business,62,Amazon,Personal,YES,Merchandise → Amazon,,,
2024-03-24,2024,3,Capital One CC,2024.xlsx Capital 1 Clean,AMZN Mktp US*RA2V44MU0,AMZN Mktp US*RA2V44MU0,-28.78,15,Merchandise,Business,62,Amazon,Personal,YES,Merchandise → Amazon,,,
2024-03-20,2024,3,Capital One CC,2024.xlsx Capital 1 Clean,AMZN Mktp US*RH27R0RS0,AMZN Mktp US*RH27R0RS0,-28.78,15,Merchandise,Business,62,Amazon,Personal,YES,Merchandise → Amazon,,,
2024-07-23,2024,7,Capital One CC,2024.xlsx Capital 1 Clean,AMZN Mktp US*RJ5FL5SH0,AMZN Mktp US*RJ5FL5SH0,-28.8,15,Merchandise,Business,62,Amazon,Personal,YES,Merchandise → Amazon,,,
2024-05-06,2024,5,Capital One CC,2024.xlsx Capital 1 Clean,AMZN Mktp US*FF4958OS3,AMZN Mktp US*FF4958OS3,-29.23,15,Merchandise,Business,62,Amazon,Personal,YES,Merchandise → Amazon,,,
2023-09-19,2023,9,Capital One CC,CC uploads,AMZN MKTP US*TX0U39RW2,AMZN MKTP US*TX0U39RW2,-29.23,15,Merchandise,Business,62,Amazon,Personal,YES,Merchandise → Amazon,,,
2024-11-21,2024,11,Capital One CC,2024.xlsx Capital 1 Clean,AMAZON MARK* VO7B46I23,AMAZON MARK* VO7B46I23,-29.84,15,Merchandise,Business,62,Amazon,Personal,YES,Merchandise → Amazon,,,
2024-02-23,2024,2,Capital One CC,2024.xlsx Capital 1 Clean,AMZN Mktp US*RZ4CP64T0,AMZN Mktp US*RZ4CP64T0,-29.85,15,Merchandise,Business,62,Amazon,Personal,YES,Merchandise → Amazon,,,
2026-02-12,2026,2,Capital One CC,CC uploads,AMAZON MKTPL*WD3GQ1Y23,AMAZON MKTPL*WD3GQ1Y23,-29.89,15,Merchandise,Business,62,Amazon,Personal,YES,Merchandise → Amazon,,,
2025-02-10,2025,2,Bank of Marin,2025 v3.xlsx,Signal Coffee,Signal Coffee,-29.93,65,Entertainment,Personal,43,Food,Business,YES,Entertainment → Food,,,
2023-11-28,2023,11,Capital One CC,CC uploads,AMZN Mktp US*BJ55K0EO3,AMZN Mktp US*BJ55K0EO3,-30.03,15,Merchandise,Business,62,Amazon,Personal,YES,Merchandise → Amazon,,,
2025-07-30,2025,7,Capital One CC,2025 v3.xlsx,FUNDAC GALA SALVADOR D,FUNDAC GALA SALVADOR D,-30.38,62,Amazon,Personal,65,Entertainment,Personal,YES,Amazon → Entertainment,,,
2025-10-17,2025,10,Capital One CC,2025 v3.xlsx,FLORAL SUPPLY SYND #1,FLORAL SUPPLY SYND #1,-30.5,14,Materials,Business,11,Flowers,Business,YES,Materials → Flowers,,,
2025-06-10,2025,6,Bank of Marin,2025 v3.xlsx,Goodwill,Goodwill,-31.06,14,Materials,Business,66,Clothing,Personal,YES,Materials → Clothing,,,
2025-08-25,2025,8,Bank of Marin,2025 v3.xlsx,Redwood Oil Co,Redwood Oil Co,-31.23,11,Flowers,Business,42,Misc,Business,YES,Flowers → Misc,,,
2024-10-04,2024,10,Capital One CC,2024.xlsx Capital 1 Clean,AMAZON MKTPL*OT09T06N3,AMAZON MKTPL*OT09T06N3,-31.41,15,Merchandise,Business,62,Amazon,Personal,YES,Merchandise → Amazon,,,
2024-10-16,2024,10,Capital One CC,2024.xlsx Capital 1 Clean,AMAZON MARK* 5R8UW72J3,AMAZON MARK* 5R8UW72J3,-31.55,15,Merchandise,Business,62,Amazon,Personal,YES,Merchandise → Amazon,,,
2025-12-24,2025,12,Capital One CC,2025 v3.xlsx,City Health Pharmacy,City Health Pharmacy,-31.55,66,Clothing,Personal,42,Misc,Business,YES,Clothing → Misc,,,
2025-12-20,2025,12,Capital One CC,2025 v3.xlsx,Liquorland Feilding,Liquorland Feilding,-31.82,11,Flowers,Business,15,Merchandise,Business,YES,Flowers → Merchandise,,,
2023-07-17,2023,7,Bank of Marin,BoM master,In-N-Out Burger,In-N-Out Burger,-31.9,42,Misc,Business,43,Food,Business,YES,Misc → Food,,,
2024-08-01,2024,8,Capital One CC,2024.xlsx Capital 1 Clean,AMAZON MKTPL*RV0SA0UC1,AMAZON MKTPL*RV0SA0UC1,-32.03,15,Merchandise,Business,62,Amazon,Personal,YES,Merchandise → Amazon,,,
2024-02-14,2024,2,Capital One CC,2024.xlsx Capital 1 Clean,AMZN Mktp US*RI7PN9620,AMZN Mktp US*RI7PN9620,-32.08,15,Merchandise,Business,62,Amazon,Personal,YES,Merchandise → Amazon,,,
2026-06-22,2026,6,Bank of Marin,BoM master,Peet's Coffee,Peet's Coffee,-32.11,42,Misc,Business,43,Food,Business,YES,Misc → Food,,,
2023-10-10,2023,10,Capital One CC,CC uploads,AMAZON.COM*TE1UA32Z0,AMAZON.COM*TE1UA32Z0,-32.12,15,Merchandise,Business,62,Amazon,Personal,YES,Merchandise → Amazon,,,
2023-01-05,2023,1,Bank of Marin,BoM master,Aci Slsan,Aci Slsan,-32.33,42,Misc,Business,43,Food,Business,YES,Misc → Food,,,
2025-08-04,2025,8,Bank of Marin,2025 v3.xlsx,Cato S Ale Ho Use,Cato S Ale Ho Use,-32.52,65,Entertainment,Personal,43,Food,Business,YES,Entertainment → Food,,,
2025-07-24,2025,7,Capital One CC,2025 v3.xlsx,RENFE CERCANIAS 71801,RENFE CERCANIAS 71801,-32.66,64,Car (personal),Personal,42,Misc,Business,YES,Car (personal) → Misc,,,
2025-06-18,2025,6,Bank of Marin,2025 v3.xlsx,Taqueria Calaf Ia,Taqueria Calaf Ia,-32.89,65,Entertainment,Personal,43,Food,Business,YES,Entertainment → Food,,,
2025-06-09,2025,6,Bank of Marin,2025 v3.xlsx,Piedmont Theatre,Piedmont Theatre,-33.0,62,Amazon,Personal,65,Entertainment,Personal,YES,Amazon → Entertainment,,,
2025-08-11,2025,8,Bank of Marin,2025 v3.xlsx,Trader Joe's,Trader Joe's,-33.16,43,Food,Business,42,Misc,Business,YES,Food → Misc,,,
2024-05-23,2024,5,Capital One CC,2024.xlsx Capital 1 Clean,AMZN Mktp US*1Z5TM3A33,AMZN Mktp US*1Z5TM3A33,-33.2,15,Merchandise,Business,62,Amazon,Personal,YES,Merchandise → Amazon,,,
2024-02-10,2024,2,Capital One CC,2024.xlsx Capital 1 Clean,AMZN Mktp US*RB8D68SV2,AMZN Mktp US*RB8D68SV2,-33.21,15,Merchandise,Business,62,Amazon,Personal,YES,Merchandise → Amazon,,,
2024-07-21,2024,7,Capital One CC,2024.xlsx Capital 1 Clean,AMAZON MKTPL*RJ6XD1FR1,AMAZON MKTPL*RJ6XD1FR1,-33.21,15,Merchandise,Business,62,Amazon,Personal,YES,Merchandise → Amazon,,,
2024-10-30,2024,10,Capital One CC,2024.xlsx Capital 1 Clean,AMAZON MKTPL*TI7G48CS3,AMAZON MKTPL*TI7G48CS3,-33.21,15,Merchandise,Business,62,Amazon,Personal,YES,Merchandise → Amazon,,,
2023-12-09,2023,12,Capital One CC,CC uploads,AMZN Mktp US*EY42Y5JM3,AMZN Mktp US*EY42Y5JM3,-34.25,15,Merchandise,Business,62,Amazon,Personal,YES,Merchandise → Amazon,,,
2025-09-06,2025,9,Capital One CC,2025 v3.xlsx,SHOPGOODWILL.COM,SHOPGOODWILL.COM,-34.6,11,Flowers,Business,66,Clothing,Personal,YES,Flowers → Clothing,,,
2024-12-20,2024,12,Bank of Marin,2024.xlsx Marin clean,Mt Eden Floral Co Mpany,Mt Eden Floral Co Mpany,-34.64,42,Misc,Business,11,Flowers,Business,YES,Misc → Flowers,,,
2026-06-05,2026,6,Capital One CC,CC uploads,AMAZON MKTPL*F64IV2ZL3,AMAZON MKTPL*F64IV2ZL3,-34.71,15,Merchandise,Business,62,Amazon,Personal,YES,Merchandise → Amazon,,,
2026-03-06,2026,3,Capital One CC,CC uploads,Amazon.com*BE9V10KQ1,Amazon.com*BE9V10KQ1,-34.93,15,Merchandise,Business,62,Amazon,Personal,YES,Merchandise → Amazon,,,
2025-01-21,2025,1,Bank of Marin,2025 v3.xlsx,Crunch Fitness,Crunch Fitness,-34.99,53,Health,Personal,42,Misc,Business,YES,Health → Misc,,,
2025-02-21,2025,2,Bank of Marin,2025 v3.xlsx,Crunch Fitness,Crunch Fitness,-34.99,53,Health,Personal,42,Misc,Business,YES,Health → Misc,,,
2025-03-21,2025,3,Bank of Marin,2025 v3.xlsx,Crunch Fitness,Crunch Fitness,-34.99,53,Health,Personal,42,Misc,Business,YES,Health → Misc,,,
2025-05-22,2025,5,Capital One CC,2025 v3.xlsx,ABC*20052-CRUNCH FITN,ABC*20052-CRUNCH FITN,-34.99,61,Subscriptions,Personal,65,Entertainment,Personal,YES,Subscriptions → Entertainment,,,
2025-05-27,2025,5,Capital One CC,2025 v3.xlsx,"PARKSMART, INC.","PARKSMART, INC.",-35.0,11,Flowers,Business,14,Materials,Business,YES,Flowers → Materials,,,
2026-01-11,2026,1,Capital One CC,CC uploads,AMAZON MKTPL*4I0RL1G03,AMAZON MKTPL*4I0RL1G03,-35.09,15,Merchandise,Business,62,Amazon,Personal,YES,Merchandise → Amazon,,,
2025-01-08,2025,1,Capital One CC,2025 v3.xlsx,IKEA 469123172,IKEA 469123172,-35.32,45,Furniture,Business,15,Merchandise,Business,YES,Furniture → Merchandise,,,
2026-03-21,2026,3,Capital One CC,CC uploads,Amazon.com*BD6X52GT0,Amazon.com*BD6X52GT0,-35.44,15,Merchandise,Business,62,Amazon,Personal,YES,Merchandise → Amazon,,,
2026-01-11,2026,1,Capital One CC,CC uploads,AMAZON MKTPL*F49YM1HB3,AMAZON MKTPL*F49YM1HB3,-35.97,15,Merchandise,Business,62,Amazon,Personal,YES,Merchandise → Amazon,,,
2025-08-18,2025,8,Bank of Marin,2025 v3.xlsx,Shoreline Car Wash,Shoreline Car Wash,-35.99,64,Car (personal),Personal,42,Misc,Business,YES,Car (personal) → Misc,,,
2025-01-02,2025,1,Bank of Marin,2025 v3.xlsx,California Department of Motor Vehicles,California Department of Motor Vehicles,-36.0,64,Car (personal),Personal,44,Car,Business,YES,Car (personal) → Car,,,
2024-02-08,2024,2,Capital One CC,2024.xlsx Capital 1 Clean,AMAZON RET* 114-622713,AMAZON RET* 114-622713,-36.35,15,Merchandise,Business,62,Amazon,Personal,YES,Merchandise → Amazon,,,
2024-02-28,2024,2,Capital One CC,2024.xlsx Capital 1 Clean,AMZN Mktp US*RZ2MU8JG2,AMZN Mktp US*RZ2MU8JG2,-36.54,15,Merchandise,Business,62,Amazon,Personal,YES,Merchandise → Amazon,,,
2026-02-02,2026,2,Capital One CC,CC uploads,AMAZON MKTPL*Q663V4V03,AMAZON MKTPL*Q663V4V03,-36.87,15,Merchandise,Business,62,Amazon,Personal,YES,Merchandise → Amazon,,,
2025-10-22,2025,10,Capital One CC,2025 v3.xlsx,APPLE.COM/BILL,APPLE.COM/BILL,-36.97,61,Subscriptions,Personal,65,Entertainment,Personal,YES,Subscriptions → Entertainment,,,
2024-09-28,2024,9,Capital One CC,2024.xlsx Capital 1 Clean,AMZN Mktp US*PC47H85C3,AMZN Mktp US*PC47H85C3,-36.99,15,Merchandise,Business,62,Amazon,Personal,YES,Merchandise → Amazon,,,
2026-05-12,2026,5,Capital One CC,CC uploads,Amazon.com*BV1JM2BB0,Amazon.com*BV1JM2BB0,-37.27,15,Merchandise,Business,62,Amazon,Personal,YES,Merchandise → Amazon,,,
2025-06-04,2025,6,Bank of Marin,2025 v3.xlsx,Firebrand Arti San Br,Firebrand Arti San Br,-37.47,11,Flowers,Business,42,Misc,Business,YES,Flowers → Misc,,,
2025-09-13,2025,9,Capital One CC,2025 v3.xlsx,SP VB BEAUTY,SP VB BEAUTY,-37.66,11,Flowers,Business,15,Merchandise,Business,YES,Flowers → Merchandise,,,
2026-05-28,2026,5,Capital One CC,CC uploads,AMAZON MKTPL*Y75A629L3,AMAZON MKTPL*Y75A629L3,-37.66,15,Merchandise,Business,62,Amazon,Personal,YES,Merchandise → Amazon,,,
2026-03-27,2026,3,Capital One CC,CC uploads,AMAZON MKTPL*B52AP4PK0,AMAZON MKTPL*B52AP4PK0,-37.66,15,Merchandise,Business,62,Amazon,Personal,YES,Merchandise → Amazon,,,
2026-03-06,2026,3,Capital One CC,CC uploads,Amazon.com*BE1IF9A00,Amazon.com*BE1IF9A00,-37.81,15,Merchandise,Business,62,Amazon,Personal,YES,Merchandise → Amazon,,,
2024-02-01,2024,2,Capital One CC,2024.xlsx Capital 1 Clean,AMZN MKTP US*R26098AY2,AMZN MKTP US*R26098AY2,-38.75,15,Merchandise,Business,62,Amazon,Personal,YES,Merchandise → Amazon,,,
2026-05-20,2026,5,Capital One CC,CC uploads,AMAZON MKTPL*BA7WM0XN3,AMAZON MKTPL*BA7WM0XN3,-39.22,15,Merchandise,Business,62,Amazon,Personal,YES,Merchandise → Amazon,,,
2026-07-20,2026,7,Capital One CC,CC uploads,Amazon.com*UN4GD8OX3,Amazon.com*UN4GD8OX3,-39.3,15,Merchandise,Business,62,Amazon,Personal,YES,Merchandise → Amazon,,,
2026-01-31,2026,1,Capital One CC,CC uploads,AMAZON MKTPL*XJ9NE9HA3,AMAZON MKTPL*XJ9NE9HA3,-39.44,15,Merchandise,Business,62,Amazon,Personal,YES,Merchandise → Amazon,,,
2025-05-29,2025,5,Capital One CC,2025 v3.xlsx,CHESTNUT MARKET,CHESTNUT MARKET,-39.79,11,Flowers,Business,15,Merchandise,Business,YES,Flowers → Merchandise,,,
2024-10-17,2024,10,Capital One CC,2024.xlsx Capital 1 Clean,AMAZON MARK* XH06M3LA3,AMAZON MARK* XH06M3LA3,-39.81,15,Merchandise,Business,62,Amazon,Personal,YES,Merchandise → Amazon,,,
2024-09-19,2024,9,Capital One CC,2024.xlsx Capital 1 Clean,AMAZON MKTPL*GN4T49CZ3,AMAZON MKTPL*GN4T49CZ3,-39.84,15,Merchandise,Business,62,Amazon,Personal,YES,Merchandise → Amazon,,,
2024-06-10,2024,6,Capital One CC,2024.xlsx Capital 1 Clean,AMZN Mktp US*BT19534C3,AMZN Mktp US*BT19534C3,-39.86,15,Merchandise,Business,62,Amazon,Personal,YES,Merchandise → Amazon,,,
2025-02-24,2025,2,Capital One CC,2025 v3.xlsx,AUTO SERVICIO OSMAR,AUTO SERVICIO OSMAR,-39.94,67,Travel,Personal,31,Car (shop),Business,YES,Travel → Car (shop),,,
2026-01-18,2026,1,Capital One CC,CC uploads,AMAZON MKTPL*OA3VI2AK3,AMAZON MKTPL*OA3VI2AK3,-39.95,15,Merchandise,Business,62,Amazon,Personal,YES,Merchandise → Amazon,,,
2024-12-20,2024,12,Bank of Marin,2024.xlsx Marin clean,Neve Bros,Neve Bros,-40.0,35,SBA / Admin,Business,11,Flowers,Business,YES,SBA / Admin → Flowers,,,
2025-03-01,2025,3,Capital One CC,2025 v3.xlsx,EB *NOT LOUD CONCERTS,EB *NOT LOUD CONCERTS,-40.0,11,Flowers,Business,14,Materials,Business,YES,Flowers → Materials,,,
2025-04-09,2025,4,Capital One CC,2025 v3.xlsx,FIGONE NURSERY,FIGONE NURSERY,-40.0,11,Flowers,Business,15,Merchandise,Business,YES,Flowers → Merchandise,,,
2025-08-01,2025,8,Capital One CC,2025 v3.xlsx,SumUp  *Corazones,SumUp  *Corazones,-40.51,11,Flowers,Business,15,Merchandise,Business,YES,Flowers → Merchandise,,,
2025-10-20,2025,10,Capital One CC,2025 v3.xlsx,TYPOLOGY,TYPOLOGY,-40.79,11,Flowers,Business,15,Merchandise,Business,YES,Flowers → Merchandise,,,
2024-12-31,2024,12,Bank of Marin,2024.xlsx Marin clean,Amazon,Amazon,-40.97,14,Materials,Business,62,Amazon,Personal,YES,Materials → Amazon,,,
2025-09-23,2025,9,Capital One CC,2025 v3.xlsx,APPLE.COM/BILL,APPLE.COM/BILL,-40.97,61,Subscriptions,Personal,65,Entertainment,Personal,YES,Subscriptions → Entertainment,,,
2025-09-15,2025,9,Bank of Marin,2025 v3.xlsx,Shoreline Car Wash,Shoreline Car Wash,-40.99,64,Car (personal),Personal,42,Misc,Business,YES,Car (personal) → Misc,,,
2026-05-28,2026,5,Capital One CC,CC uploads,AMAZON MKTPL*AA8DC8EK3,AMAZON MKTPL*AA8DC8EK3,-41.49,15,Merchandise,Business,62,Amazon,Personal,YES,Merchandise → Amazon,,,
2025-04-28,2025,4,Bank of Marin,2025 v3.xlsx,Phnom Penh House I Nc,Phnom Penh House I Nc,-41.72,11,Flowers,Business,42,Misc,Business,YES,Flowers → Misc,,,
2026-01-29,2026,1,Capital One CC,CC uploads,AMAZON MKTPL*6K1U96VE3,AMAZON MKTPL*6K1U96VE3,-41.95,15,Merchandise,Business,62,Amazon,Personal,YES,Merchandise → Amazon,,,
2025-06-16,2025,6,Bank of Marin,2025 v3.xlsx,Shoreline Car Wash,Shoreline Car Wash,-41.99,64,Car (personal),Personal,42,Misc,Business,YES,Car (personal) → Misc,,,
2024-07-20,2024,7,Capital One CC,2024.xlsx Capital 1 Clean,AMAZON MKTPL*RJ7FE8LE2,AMAZON MKTPL*RJ7FE8LE2,-42.09,15,Merchandise,Business,62,Amazon,Personal,YES,Merchandise → Amazon,,,
2025-10-01,2025,10,Capital One CC,2025 v3.xlsx,Etsy.com*PinkandBright,Etsy.com*PinkandBright,-42.94,11,Flowers,Business,15,Merchandise,Business,YES,Flowers → Merchandise,,,
2026-01-24,2026,1,Capital One CC,CC uploads,AMAZON MKTPL*K106X54I3,AMAZON MKTPL*K106X54I3,-42.99,15,Merchandise,Business,62,Amazon,Personal,YES,Merchandise → Amazon,,,
2025-08-15,2025,8,Bank of Marin,2025 v3.xlsx,Floral Supply Synd,Floral Supply Synd,-43.0,14,Materials,Business,11,Flowers,Business,YES,Materials → Flowers,,,
2026-02-07,2026,2,Capital One CC,CC uploads,AMAZON MKTPL*JU03H6XR3,AMAZON MKTPL*JU03H6XR3,-43.04,15,Merchandise,Business,62,Amazon,Personal,YES,Merchandise → Amazon,,,
2025-05-12,2025,5,Capital One CC,2025 v3.xlsx,SQ *MARKET HALL BAKERY,SQ *MARKET HALL BAKERY,-43.41,11,Flowers,Business,15,Merchandise,Business,YES,Flowers → Merchandise,,,
2024-09-19,2024,9,Capital One CC,2024.xlsx Capital 1 Clean,AMAZON RETA* Z08Y211E1,AMAZON RETA* Z08Y211E1,-43.67,15,Merchandise,Business,62,Amazon,Personal,YES,Merchandise → Amazon,,,
2026-06-13,2026,6,Capital One CC,CC uploads,AMAZON MKTPL*WN9830SU3,AMAZON MKTPL*WN9830SU3,-43.84,15,Merchandise,Business,62,Amazon,Personal,YES,Merchandise → Amazon,,,
2025-12-31,2025,12,Capital One CC,2025 v3.xlsx,LIQUORLAND HARRINGTON,LIQUORLAND HARRINGTON,-43.9,11,Flowers,Business,15,Merchandise,Business,YES,Flowers → Merchandise,,,
2025-06-14,2025,6,Capital One CC,2025 v3.xlsx,TARGET.COM,TARGET.COM,-44.05,68,Household,Personal,15,Merchandise,Business,YES,Household → Merchandise,,,
2024-01-20,2024,1,Capital One CC,2024.xlsx Capital 1 Clean,AMZN Mktp US*R055W4ZM0,AMZN Mktp US*R055W4ZM0,-44.24,15,Merchandise,Business,62,Amazon,Personal,YES,Merchandise → Amazon,,,
2025-01-27,2025,1,Capital One CC,2025 v3.xlsx,A-1 MARKET,A-1 MARKET,-44.24,43,Food,Business,15,Merchandise,Business,YES,Food → Merchandise,,,
2025-11-06,2025,11,Capital One CC,2025 v3.xlsx,FEDEX OFFICE 800000836,FEDEX OFFICE 800000836,-44.29,11,Flowers,Business,14,Materials,Business,YES,Flowers → Materials,,,
2025-08-09,2025,8,Capital One CC,2025 v3.xlsx,MILANO C.LE BORDO TREN,MILANO C.LE BORDO TREN,-44.47,64,Car (personal),Personal,42,Misc,Business,YES,Car (personal) → Misc,,,
2025-08-04,2025,8,Bank of Marin,2025 v3.xlsx,Lululemon Athletica,Lululemon Athletica,-44.98,66,Clothing,Personal,42,Misc,Business,YES,Clothing → Misc,,,
2026-04-21,2026,4,Capital One CC,CC uploads,Amazon.com*BY2OC0U61,Amazon.com*BY2OC0U61,-45.07,15,Merchandise,Business,62,Amazon,Personal,YES,Merchandise → Amazon,,,
2024-04-01,2024,4,Capital One CC,2024.xlsx Capital 1 Clean,AMAZON.COM*Q08LC8W53,AMAZON.COM*Q08LC8W53,-45.36,15,Merchandise,Business,62,Amazon,Personal,YES,Merchandise → Amazon,,,
2026-01-18,2026,1,Capital One CC,CC uploads,AMAZON MKTPL*L91T389M3,AMAZON MKTPL*L91T389M3,-45.58,15,Merchandise,Business,62,Amazon,Personal,YES,Merchandise → Amazon,,,
2026-01-11,2026,1,Capital One CC,CC uploads,AMAZON MKTPL*JZ5OI6HK3,AMAZON MKTPL*JZ5OI6HK3,-45.9,15,Merchandise,Business,62,Amazon,Personal,YES,Merchandise → Amazon,,,
2024-04-25,2024,4,Capital One CC,2024.xlsx Capital 1 Clean,AMZN Mktp US*XI1TQ3L33,AMZN Mktp US*XI1TQ3L33,-46.32,15,Merchandise,Business,62,Amazon,Personal,YES,Merchandise → Amazon,,,
2026-02-20,2026,2,Capital One CC,CC uploads,AMAZON MKTPL*B91WV9542,AMAZON MKTPL*B91WV9542,-46.49,15,Merchandise,Business,62,Amazon,Personal,YES,Merchandise → Amazon,,,
2024-04-01,2024,4,Capital One CC,2024.xlsx Capital 1 Clean,AMZN Mktp US*RA46C5861,AMZN Mktp US*RA46C5861,-46.5,15,Merchandise,Business,62,Amazon,Personal,YES,Merchandise → Amazon,,,
2025-08-06,2025,8,Bank of Marin,2025 v3.xlsx,Floral Supply Synd,Floral Supply Synd,-46.5,14,Materials,Business,11,Flowers,Business,YES,Materials → Flowers,,,
2025-06-20,2025,6,Capital One CC,2025 v3.xlsx,SHOPGOODWILL.COM,SHOPGOODWILL.COM,-46.86,11,Flowers,Business,66,Clothing,Personal,YES,Flowers → Clothing,,,
2025-08-13,2025,8,Bank of Marin,2025 v3.xlsx,Floral Supply Synd,Floral Supply Synd,-47.0,14,Materials,Business,11,Flowers,Business,YES,Materials → Flowers,,,
2023-11-27,2023,11,Capital One CC,CC uploads,AMAZON.COM*OG3YU8XM3,AMAZON.COM*OG3YU8XM3,-47.02,15,Merchandise,Business,62,Amazon,Personal,YES,Merchandise → Amazon,,,
2025-12-03,2025,12,Capital One CC,2025 v3.xlsx,SQ *PACIFIC COAST EVER,SQ *PACIFIC COAST EVER,-47.5,11,Flowers,Business,15,Merchandise,Business,YES,Flowers → Merchandise,,,
2025-06-21,2025,6,Capital One CC,2025 v3.xlsx,"GLOSS* ODELAY, A GREEN","GLOSS* ODELAY, A GREEN",-47.63,11,Flowers,Business,14,Materials,Business,YES,Flowers → Materials,,,
2025-01-22,2025,1,Capital One CC,2025 v3.xlsx,FLORAL SUPPLY SYND #1,FLORAL SUPPLY SYND #1,-48.05,14,Materials,Business,11,Flowers,Business,YES,Materials → Flowers,,,
2026-04-23,2026,4,Capital One CC,CC uploads,AMAZON MKTPL*BS4ZF33H1,AMAZON MKTPL*BS4ZF33H1,-48.13,15,Merchandise,Business,62,Amazon,Personal,YES,Merchandise → Amazon,,,
2023-12-30,2023,12,Capital One CC,CC uploads,AMZN Mktp US*YZ9YY6J63,AMZN Mktp US*YZ9YY6J63,-48.35,15,Merchandise,Business,62,Amazon,Personal,YES,Merchandise → Amazon,,,
2024-11-16,2024,11,Capital One CC,2024.xlsx Capital 1 Clean,AMAZON MARK* MN4XE2XX3,AMAZON MARK* MN4XE2XX3,-48.43,15,Merchandise,Business,62,Amazon,Personal,YES,Merchandise → Amazon,,,
2026-07-03,2026,7,Capital One CC,CC uploads,AMAZON MKTPL*YF5FR7YY3,AMAZON MKTPL*YF5FR7YY3,-48.71,15,Merchandise,Business,62,Amazon,Personal,YES,Merchandise → Amazon,,,
2025-11-05,2025,11,Capital One CC,2025 v3.xlsx,THE ALEMBIC,THE ALEMBIC,-48.88,44,Car,Business,42,Misc,Business,YES,Car → Misc,,,
2025-01-30,2025,1,Capital One CC,2025 v3.xlsx,PTICKET.COM-ALAMEDA,PTICKET.COM-ALAMEDA,-48.95,44,Car,Business,42,Misc,Business,YES,Car → Misc,,,
2024-05-06,2024,5,Capital One CC,2024.xlsx Capital 1 Clean,AMZN Mktp US*6S0T175F3,AMZN Mktp US*6S0T175F3,-49.11,15,Merchandise,Business,62,Amazon,Personal,YES,Merchandise → Amazon,,,
2025-03-22,2025,3,Capital One CC,2025 v3.xlsx,"THE REALREAL, INC","THE REALREAL, INC",-49.22,66,Clothing,Personal,15,Merchandise,Business,YES,Clothing → Merchandise,,,
2025-01-28,2025,1,Capital One CC,2025 v3.xlsx,TST*ABSINTHE - SAN FRA,TST*ABSINTHE - SAN FRA,-49.47,65,Entertainment,Personal,43,Food,Business,YES,Entertainment → Food,,,
2025-10-03,2025,10,Capital One CC,2025 v3.xlsx,FLORAL SUPPLY SYND #1,FLORAL SUPPLY SYND #1,-49.5,14,Materials,Business,11,Flowers,Business,YES,Materials → Flowers,,,
2025-12-01,2025,12,Bank of Marin,2025 v3.xlsx,Healthy Spot N Ber Keley,Healthy Spot N Ber Keley,-49.58,11,Flowers,Business,42,Misc,Business,YES,Flowers → Misc,,,
2025-12-27,2025,12,Capital One CC,2025 v3.xlsx,CALTEX FEILDING,CALTEX FEILDING,-49.72,64,Car (personal),Personal,31,Car (shop),Business,YES,Car (personal) → Car (shop),,,
2025-01-06,2025,1,Bank of Marin,2025 v3.xlsx,Pagano S Hardware Towne,Pagano S Hardware Towne,-49.79,45,Furniture,Business,42,Misc,Business,YES,Furniture → Misc,,,
2024-06-26,2024,6,Capital One CC,2024.xlsx Capital 1 Clean,AMAZON MKTPL*RC3HV1ZX1,AMAZON MKTPL*RC3HV1ZX1,-49.82,15,Merchandise,Business,62,Amazon,Personal,YES,Merchandise → Amazon,,,
2024-04-05,2024,4,Capital One CC,2024.xlsx Capital 1 Clean,AMZN Mktp US*XM0LE4AU3,AMZN Mktp US*XM0LE4AU3,-49.83,15,Merchandise,Business,62,Amazon,Personal,YES,Merchandise → Amazon,,,
2023-09-26,2023,9,Capital One CC,CC uploads,AMZN Mktp US*T14635X60,AMZN Mktp US*T14635X60,-49.83,15,Merchandise,Business,62,Amazon,Personal,YES,Merchandise → Amazon,,,
2023-10-11,2023,10,Capital One CC,CC uploads,AMZN Mktp US*TP2H31OM0,AMZN Mktp US*TP2H31OM0,-49.97,15,Merchandise,Business,62,Amazon,Personal,YES,Merchandise → Amazon,,,
2025-05-21,2025,5,Capital One CC,2025 v3.xlsx,ABC*20052-CRUNCH FITN,ABC*20052-CRUNCH FITN,-49.99,61,Subscriptions,Personal,65,Entertainment,Personal,YES,Subscriptions → Entertainment,,,
2025-02-22,2025,2,Capital One CC,2025 v3.xlsx,CLIP MX*FARMREGINA,CLIP MX*FARMREGINA,-50.26,65,Entertainment,Personal,42,Misc,Business,YES,Entertainment → Misc,,,
2026-03-20,2026,3,Capital One CC,CC uploads,Amazon.com*BD3P33PW0,Amazon.com*BD3P33PW0,-50.36,15,Merchandise,Business,62,Amazon,Personal,YES,Merchandise → Amazon,,,
2024-10-15,2024,10,Capital One CC,2024.xlsx Capital 1 Clean,AMAZON MARK* 5R8UW72J3,AMAZON MARK* 5R8UW72J3,-50.37,15,Merchandise,Business,62,Amazon,Personal,YES,Merchandise → Amazon,,,
2026-07-18,2026,7,Capital One CC,CC uploads,AMAZON MKTPL*ZV7GG9HM3,AMAZON MKTPL*ZV7GG9HM3,-50.59,15,Merchandise,Business,62,Amazon,Personal,YES,Merchandise → Amazon,,,
2025-07-30,2025,7,Capital One CC,2025 v3.xlsx,FUNDACIO DALI WEB,FUNDACIO DALI WEB,-50.63,62,Amazon,Personal,65,Entertainment,Personal,YES,Amazon → Entertainment,,,
2026-01-14,2026,1,Capital One CC,CC uploads,AMAZON MKTPL*YL3LM6K43,AMAZON MKTPL*YL3LM6K43,-50.93,15,Merchandise,Business,62,Amazon,Personal,YES,Merchandise → Amazon,,,
2025-08-04,2025,8,Bank of Marin,2025 v3.xlsx,Cato S Ale Ho Use,Cato S Ale Ho Use,-51.11,65,Entertainment,Personal,43,Food,Business,YES,Entertainment → Food,,,
2026-02-07,2026,2,Capital One CC,CC uploads,AMAZON MKTPL*WO5E25YN3,AMAZON MKTPL*WO5E25YN3,-51.36,15,Merchandise,Business,62,Amazon,Personal,YES,Merchandise → Amazon,,,
2026-02-18,2026,2,Capital One CC,CC uploads,AMAZON MKTPL*W442W7RC3,AMAZON MKTPL*W442W7RC3,-51.53,15,Merchandise,Business,62,Amazon,Personal,YES,Merchandise → Amazon,,,
2024-04-11,2024,4,Capital One CC,2024.xlsx Capital 1 Clean,AMAZON MAR* 114-413818,AMAZON MAR* 114-413818,-51.72,15,Merchandise,Business,62,Amazon,Personal,YES,Merchandise → Amazon,,,
2026-04-10,2026,4,Capital One CC,CC uploads,Amazon.com*BC5MG2YW1,Amazon.com*BC5MG2YW1,-52.05,15,Merchandise,Business,62,Amazon,Personal,YES,Merchandise → Amazon,,,
2023-03-10,2023,3,Bank of Marin,BoM master,Beer Baron Ba R Ki,Beer Baron Ba R Ki,-52.28,42,Misc,Business,43,Food,Business,YES,Misc → Food,,,
2025-08-11,2025,8,Capital One CC,2025 v3.xlsx,MONTEFELTRO LIBRI SAS,MONTEFELTRO LIBRI SAS,-52.56,11,Flowers,Business,15,Merchandise,Business,YES,Flowers → Merchandise,,,
2025-05-03,2025,5,Capital One CC,2025 v3.xlsx,ABC*20052-CRUNCH FITN,ABC*20052-CRUNCH FITN,-53.49,61,Subscriptions,Personal,65,Entertainment,Personal,YES,Subscriptions → Entertainment,,,
2025-07-05,2025,7,Capital One CC,2025 v3.xlsx,ABC*20052-CRUNCH FITN,ABC*20052-CRUNCH FITN,-53.49,61,Subscriptions,Personal,65,Entertainment,Personal,YES,Subscriptions → Entertainment,,,
2026-04-22,2026,4,Capital One CC,CC uploads,Amazon.com*BY2P10ID1,Amazon.com*BY2P10ID1,-53.49,15,Merchandise,Business,62,Amazon,Personal,YES,Merchandise → Amazon,,,
2026-02-05,2026,2,Capital One CC,CC uploads,AMAZON MKTPL*383VQ0KU3,AMAZON MKTPL*383VQ0KU3,-53.99,15,Merchandise,Business,62,Amazon,Personal,YES,Merchandise → Amazon,,,
2023-12-06,2023,12,Capital One CC,CC uploads,Amazon.com*C07LI8S13,Amazon.com*C07LI8S13,-54.27,15,Merchandise,Business,62,Amazon,Personal,YES,Merchandise → Amazon,,,
2025-09-11,2025,9,Capital One CC,2025 v3.xlsx,TARGET.COM,TARGET.COM,-54.4,68,Household,Personal,15,Merchandise,Business,YES,Household → Merchandise,,,
2025-11-28,2025,11,Capital One CC,2025 v3.xlsx,TO* WWW.TOKYOVER.COM,TO* WWW.TOKYOVER.COM,-54.65,11,Flowers,Business,15,Merchandise,Business,YES,Flowers → Merchandise,,,
2024-09-21,2024,9,Capital One CC,2024.xlsx Capital 1 Clean,AMAZON RETA* 1S5QG4NH3,AMAZON RETA* 1S5QG4NH3,-55.33,15,Merchandise,Business,62,Amazon,Personal,YES,Merchandise → Amazon,,,
2025-02-14,2025,2,Bank of Marin,2025 v3.xlsx,Macondo Colomb Ian Alameda Ca,Macondo Colomb Ian Alameda Ca,-55.93,43,Food,Business,42,Misc,Business,YES,Food → Misc,,,
2025-04-18,2025,4,Bank of Marin,2025 v3.xlsx,Shop Market,Shop Market,-56.54,43,Food,Business,42,Misc,Business,YES,Food → Misc,,,
2026-04-04,2026,4,Capital One CC,CC uploads,Amazon.com*BG1VV66L0,Amazon.com*BG1VV66L0,-56.89,15,Merchandise,Business,62,Amazon,Personal,YES,Merchandise → Amazon,,,
2025-08-06,2025,8,Capital One CC,2025 v3.xlsx,N42 - SANSEBASTIAN-,N42 - SANSEBASTIAN-,-57.99,11,Flowers,Business,15,Merchandise,Business,YES,Flowers → Merchandise,,,
2024-05-03,2024,5,Capital One CC,2024.xlsx Capital 1 Clean,AMZN Mktp US*A56127LQ3,AMZN Mktp US*A56127LQ3,-58.34,15,Merchandise,Business,62,Amazon,Personal,YES,Merchandise → Amazon,,,
2026-05-27,2026,5,Capital One CC,CC uploads,AMAZON MKTPL*S94S89UH3,AMAZON MKTPL*S94S89UH3,-58.36,15,Merchandise,Business,62,Amazon,Personal,YES,Merchandise → Amazon,,,
2025-11-06,2025,11,Capital One CC,2025 v3.xlsx,USPS PO 0500720140,USPS PO 0500720140,-58.5,11,Flowers,Business,14,Materials,Business,YES,Flowers → Materials,,,
2025-12-17,2025,12,Capital One CC,2025 v3.xlsx,Happy Travels,Happy Travels,-58.67,64,Car (personal),Personal,42,Misc,Business,YES,Car (personal) → Misc,,,
2024-04-10,2024,4,Capital One CC,2024.xlsx Capital 1 Clean,AMZN Mktp US*Z88266X63,AMZN Mktp US*Z88266X63,-58.69,15,Merchandise,Business,62,Amazon,Personal,YES,Merchandise → Amazon,,,
2025-09-05,2025,9,Capital One CC,2025 v3.xlsx,FLORAL SUPPLY SYND #1,FLORAL SUPPLY SYND #1,-59.05,14,Materials,Business,11,Flowers,Business,YES,Materials → Flowers,,,
2025-07-31,2025,7,Capital One CC,2025 v3.xlsx,BENETTON BILBAO GRAN V,BENETTON BILBAO GRAN V,-59.57,67,Travel,Personal,15,Merchandise,Business,YES,Travel → Merchandise,,,
2025-02-06,2025,2,Bank of Marin,2025 v3.xlsx,A Pen Ca Lapencaaz,A Pen Ca Lapencaaz,-59.78,11,Flowers,Business,42,Misc,Business,YES,Flowers → Misc,,,
2025-12-15,2025,12,Capital One CC,2025 v3.xlsx,Hobson St Convenience,Hobson St Convenience,-59.99,11,Flowers,Business,15,Merchandise,Business,YES,Flowers → Merchandise,,,
2025-08-11,2025,8,Bank of Marin,2025 v3.xlsx,ATM Withdrawal,ATM Withdrawal,-60.0,68,Household,Personal,42,Misc,Business,YES,Household → Misc,,,
2026-03-10,2026,3,Capital One CC,CC uploads,AMAZON MKTPL*BD64S9N12,AMAZON MKTPL*BD64S9N12,-60.58,15,Merchandise,Business,62,Amazon,Personal,YES,Merchandise → Amazon,,,
2023-12-15,2023,12,Bank of Marin,BoM master,Bottle Barn Httpsbott Ca,Bottle Barn Httpsbott Ca,-60.64,42,Misc,Business,43,Food,Business,YES,Misc → Food,,,
2025-11-28,2025,11,Capital One CC,2025 v3.xlsx,TO* WWW.TOKYOVER.COM,TO* WWW.TOKYOVER.COM,-60.73,11,Flowers,Business,15,Merchandise,Business,YES,Flowers → Merchandise,,,
2026-07-16,2026,7,Capital One CC,CC uploads,Amazon.com*SF4WZ5LB3,Amazon.com*SF4WZ5LB3,-61.3,15,Merchandise,Business,62,Amazon,Personal,YES,Merchandise → Amazon,,,
2025-08-06,2025,8,Capital One CC,2025 v3.xlsx,ZARA,ZARA,-61.35,11,Flowers,Business,66,Clothing,Personal,YES,Flowers → Clothing,,,
2025-08-04,2025,8,Capital One CC,2025 v3.xlsx,HOTEL DE LONDRES Y DE,HOTEL DE LONDRES Y DE,-61.43,67,Travel,Personal,42,Misc,Business,YES,Travel → Misc,,,
2026-05-24,2026,5,Capital One CC,CC uploads,AMAZON MKTPL*JX1JS2JT3,AMAZON MKTPL*JX1JS2JT3,-62.01,15,Merchandise,Business,62,Amazon,Personal,YES,Merchandise → Amazon,,,
2025-08-26,2025,8,Capital One CC,2025 v3.xlsx,TARGET.COM,TARGET.COM,-62.06,68,Household,Personal,15,Merchandise,Business,YES,Household → Merchandise,,,
2026-07-03,2026,7,Capital One CC,CC uploads,Amazon.com*2K5ZA50Y3,Amazon.com*2K5ZA50Y3,-62.4,15,Merchandise,Business,62,Amazon,Personal,YES,Merchandise → Amazon,,,
2025-07-28,2025,7,Capital One CC,2025 v3.xlsx,APD,APD,-62.79,64,Car (personal),Personal,42,Misc,Business,YES,Car (personal) → Misc,,,
2026-05-19,2026,5,Capital One CC,CC uploads,Amazon.com*1I9YH8WF3,Amazon.com*1I9YH8WF3,-62.93,15,Merchandise,Business,62,Amazon,Personal,YES,Merchandise → Amazon,,,
2024-06-11,2024,6,Capital One CC,2024.xlsx Capital 1 Clean,AMZN Mktp US*ZI0FY1WS3,AMZN Mktp US*ZI0FY1WS3,-63.12,15,Merchandise,Business,62,Amazon,Personal,YES,Merchandise → Amazon,,,
2026-04-10,2026,4,Capital One CC,CC uploads,AMAZON MKTPL*BC6S22HR0,AMAZON MKTPL*BC6S22HR0,-63.31,15,Merchandise,Business,62,Amazon,Personal,YES,Merchandise → Amazon,,,
2025-10-06,2025,10,Capital One CC,2025 v3.xlsx,SHARI'SBERRIES.COM,SHARI'SBERRIES.COM,-63.59,11,Flowers,Business,15,Merchandise,Business,YES,Flowers → Merchandise,,,
2025-04-10,2025,4,Capital One CC,2025 v3.xlsx,VISTAPRINT,VISTAPRINT,-64.21,11,Flowers,Business,14,Materials,Business,YES,Flowers → Materials,,,
2025-02-07,2025,2,Bank of Marin,2025 v3.xlsx,Floral Supply Synd,Floral Supply Synd,-64.75,14,Materials,Business,11,Flowers,Business,YES,Materials → Flowers,,,
2024-05-17,2024,5,Bank of Marin,2024.xlsx Marin clean,Rafa's Wholesale Flowers,Rafas Wholesale Fl Owers,-65.0,63,Groceries,Personal,11,Flowers,Business,YES,Groceries → Flowers,,,
2025-10-30,2025,10,Bank of Marin,2025 v3.xlsx,Tomo S Organic Spa,Tomo S Organic Spa,-65.0,11,Flowers,Business,42,Misc,Business,YES,Flowers → Misc,,,
2025-11-26,2025,11,Bank of Marin,2025 v3.xlsx,Tomo S Organic Spa,Tomo S Organic Spa,-65.0,11,Flowers,Business,42,Misc,Business,YES,Flowers → Misc,,,
2025-08-09,2025,8,Capital One CC,2025 v3.xlsx,ARATTA FAIRE,ARATTA FAIRE,-65.0,67,Travel,Personal,11,Flowers,Business,YES,Travel → Flowers,,,
2024-12-19,2024,12,Bank of Marin,2024.xlsx Marin clean,Amazon,Amazon,-65.03,14,Materials,Business,62,Amazon,Personal,YES,Materials → Amazon,,,
2025-07-16,2025,7,Capital One CC,2025 v3.xlsx,MT. EDEN FLORAL COMPAN,MT. EDEN FLORAL COMPAN,-66.28,11,Flowers,Business,15,Merchandise,Business,YES,Flowers → Merchandise,,,
2026-03-12,2026,3,Capital One CC,CC uploads,AMAZON MKTPL*BP5K54QQ1,AMAZON MKTPL*BP5K54QQ1,-66.39,15,Merchandise,Business,62,Amazon,Personal,YES,Merchandise → Amazon,,,
2025-06-18,2025,6,Capital One CC,2025 v3.xlsx,FLORAL SUPPLY SYND #1,FLORAL SUPPLY SYND #1,-66.4,14,Materials,Business,11,Flowers,Business,YES,Materials → Flowers,,,
2024-06-21,2024,6,Bank of Marin,2024.xlsx Marin clean,Grace Nursery,Grace Nursery Inc,-66.63,42,Misc,Business,11,Flowers,Business,YES,Misc → Flowers,,,
2025-05-17,2025,5,Capital One CC,2025 v3.xlsx,ALAMEDA SMOG,ALAMEDA SMOG,-67.25,33,Utilities,Business,31,Car (shop),Business,YES,Utilities → Car (shop),,,
2024-11-18,2024,11,Bank of Marin,2024.xlsx Marin clean,Mayesh Wholesale Flowers,Mayesh San Francis Co,-67.32,42,Misc,Business,11,Flowers,Business,YES,Misc → Flowers,,,
2025-06-18,2025,6,Capital One CC,2025 v3.xlsx,MT. EDEN FLORAL COMPAN,MT. EDEN FLORAL COMPAN,-67.5,11,Flowers,Business,15,Merchandise,Business,YES,Flowers → Merchandise,,,
2026-06-15,2026,6,Capital One CC,CC uploads,Amazon.com*V50R673W3,Amazon.com*V50R673W3,-67.54,15,Merchandise,Business,62,Amazon,Personal,YES,Merchandise → Amazon,,,
2025-09-17,2025,9,Capital One CC,2025 v3.xlsx,TRUST THE UNIVERSE,TRUST THE UNIVERSE,-68.0,62,Amazon,Personal,65,Entertainment,Personal,YES,Amazon → Entertainment,,,
2025-09-17,2025,9,Capital One CC,2025 v3.xlsx,TRUST THE UNIVERSE,TRUST THE UNIVERSE,-68.0,62,Amazon,Personal,65,Entertainment,Personal,YES,Amazon → Entertainment,,,
2025-02-24,2025,2,Capital One CC,2025 v3.xlsx,"THE REALREAL, INC","THE REALREAL, INC",-68.11,66,Clothing,Personal,15,Merchandise,Business,YES,Clothing → Merchandise,,,
2025-12-22,2025,12,Bank of Marin,2025 v3.xlsx,Market Hall Ba Kery Oakland Ca,Market Hall Ba Kery Oakland Ca,-68.88,11,Flowers,Business,42,Misc,Business,YES,Flowers → Misc,,,
2025-11-19,2025,11,Bank of Marin,2025 v3.xlsx,Floral Supply Synd,Floral Supply Synd,-69.0,14,Materials,Business,11,Flowers,Business,YES,Materials → Flowers,,,
2025-02-07,2025,2,Bank of Marin,2025 v3.xlsx,The RealReal,The RealReal,-69.79,66,Clothing,Personal,14,Materials,Business,YES,Clothing → Materials,,,
2025-12-03,2025,12,Capital One CC,2025 v3.xlsx,FIGONE NURSERY,FIGONE NURSERY,-70.0,11,Flowers,Business,15,Merchandise,Business,YES,Flowers → Merchandise,,,
2026-05-11,2026,5,Bank of Marin,BoM master,Signal Coffee,Signal Coffee,-70.0,42,Misc,Business,43,Food,Business,YES,Misc → Food,,,
2025-06-25,2025,6,Capital One CC,2025 v3.xlsx,BIG DIPPER WAX W FAIRE,BIG DIPPER WAX W FAIRE,-70.62,15,Merchandise,Business,11,Flowers,Business,YES,Merchandise → Flowers,,,
2024-07-06,2024,7,Capital One CC,2024.xlsx Capital 1 Clean,AMAZON MKTPL*R76C95HC2,AMAZON MKTPL*R76C95HC2,-70.99,15,Merchandise,Business,62,Amazon,Personal,YES,Merchandise → Amazon,,,
2024-05-21,2024,5,Capital One CC,2024.xlsx Capital 1 Clean,AMAZON RET* 114-523103,AMAZON RET* 114-523103,-71.17,15,Merchandise,Business,62,Amazon,Personal,YES,Merchandise → Amazon,,,
2024-12-18,2024,12,Bank of Marin,2024.xlsx Marin clean,Floral Supply Synd,Floral Supply Synd,-72.0,14,Materials,Business,11,Flowers,Business,YES,Materials → Flowers,,,
2025-07-09,2025,7,Bank of Marin,2025 v3.xlsx,Floral Supply Synd,Floral Supply Synd,-72.0,14,Materials,Business,11,Flowers,Business,YES,Materials → Flowers,,,
2025-01-06,2025,1,Bank of Marin,2025 v3.xlsx,Spo Zutonfourth,Spo Zutonfourth,-72.77,65,Entertainment,Personal,42,Misc,Business,YES,Entertainment → Misc,,,
2024-10-02,2024,10,Capital One CC,2024.xlsx Capital 1 Clean,AMAZON MARK* 9D5A31Q73,AMAZON MARK* 9D5A31Q73,-72.81,15,Merchandise,Business,62,Amazon,Personal,YES,Merchandise → Amazon,,,
2025-12-15,2025,12,Capital One CC,2025 v3.xlsx,BOARDERTOWN,BOARDERTOWN,-73.34,66,Clothing,Personal,15,Merchandise,Business,YES,Clothing → Merchandise,,,
2025-09-01,2025,9,Capital One CC,2025 v3.xlsx,SP BEYOND YOGA,SP BEYOND YOGA,-73.93,11,Flowers,Business,15,Merchandise,Business,YES,Flowers → Merchandise,,,
2024-05-20,2024,5,Capital One CC,2024.xlsx Capital 1 Clean,AMZN Mktp US*FN1AT5E13,AMZN Mktp US*FN1AT5E13,-74.1,15,Merchandise,Business,62,Amazon,Personal,YES,Merchandise → Amazon,,,
2024-06-09,2024,6,Capital One CC,2024.xlsx Capital 1 Clean,AMZN Mktp US*KN6V04EP3,AMZN Mktp US*KN6V04EP3,-74.18,15,Merchandise,Business,62,Amazon,Personal,YES,Merchandise → Amazon,,,
2024-06-20,2024,6,Capital One CC,2024.xlsx Capital 1 Clean,AMAZON MKTPL*UI16L0QZ3,AMAZON MKTPL*UI16L0QZ3,-74.75,15,Merchandise,Business,62,Amazon,Personal,YES,Merchandise → Amazon,,,
2025-07-28,2025,7,Bank of Marin,2025 v3.xlsx,Martens Walnut,Martens Walnut,-74.8,22,Venmo,Business,71,Transfer (exclude),Exclude,YES,Venmo → Transfer (exclude),,,
2025-08-04,2025,8,Capital One CC,2025 v3.xlsx,HYSSOP BEAUTY AP FAIRE,HYSSOP BEAUTY AP FAIRE,-75.0,15,Merchandise,Business,11,Flowers,Business,YES,Merchandise → Flowers,,,
2023-04-28,2023,4,Bank of Marin,BoM master,FasTrak,FasTrak,-75.0,44,Car,Business,31,Car (shop),Business,YES,Car → Car (shop),,,
2023-03-24,2023,3,Bank of Marin,BoM master,FasTrak,FasTrak,-75.0,44,Car,Business,31,Car (shop),Business,YES,Car → Car (shop),,,
2023-02-14,2023,2,Bank of Marin,BoM master,FasTrak,FasTrak,-75.0,44,Car,Business,31,Car (shop),Business,YES,Car → Car (shop),,,
2023-01-31,2023,1,Bank of Marin,BoM master,FasTrak,FasTrak,-75.0,44,Car,Business,31,Car (shop),Business,YES,Car → Car (shop),,,
2025-08-25,2025,8,Capital One CC,2025 v3.xlsx,SP VB BEAUTY,SP VB BEAUTY,-75.32,11,Flowers,Business,15,Merchandise,Business,YES,Flowers → Merchandise,,,
2025-12-08,2025,12,Capital One CC,2025 v3.xlsx,HYSSOP BEAUTY AP FAIRE,HYSSOP BEAUTY AP FAIRE,-75.42,15,Merchandise,Business,11,Flowers,Business,YES,Merchandise → Flowers,,,
2025-07-02,2025,7,Capital One CC,2025 v3.xlsx,FLORAL SUPPLY SYND #1,FLORAL SUPPLY SYND #1,-76.0,14,Materials,Business,11,Flowers,Business,YES,Materials → Flowers,,,
2025-10-01,2025,10,Capital One CC,2025 v3.xlsx,HYSSOP BEAUTY AP FAIRE,HYSSOP BEAUTY AP FAIRE,-76.57,15,Merchandise,Business,11,Flowers,Business,YES,Merchandise → Flowers,,,
2024-12-23,2024,12,Bank of Marin,2024.xlsx Marin clean,Amazon,Amazon,-77.5,14,Materials,Business,62,Amazon,Personal,YES,Materials → Amazon,,,
2024-05-26,2024,5,Capital One CC,2024.xlsx Capital 1 Clean,AMZN Mktp US*CN30U0VZ3,AMZN Mktp US*CN30U0VZ3,-77.51,15,Merchandise,Business,62,Amazon,Personal,YES,Merchandise → Amazon,,,
2024-06-20,2024,6,Capital One CC,2024.xlsx Capital 1 Clean,AMAZON MKTPL*RG0YF3SM0,AMAZON MKTPL*RG0YF3SM0,-77.51,15,Merchandise,Business,62,Amazon,Personal,YES,Merchandise → Amazon,,,
2024-08-05,2024,8,Capital One CC,2024.xlsx Capital 1 Clean,AMZN Mktp US*RF8FP6202,AMZN Mktp US*RF8FP6202,-77.51,15,Merchandise,Business,62,Amazon,Personal,YES,Merchandise → Amazon,,,
2024-07-21,2024,7,Capital One CC,2024.xlsx Capital 1 Clean,AMAZON MKTPL*RJ71X1ZP2,AMAZON MKTPL*RJ71X1ZP2,-77.74,15,Merchandise,Business,62,Amazon,Personal,YES,Merchandise → Amazon,,,
2026-04-09,2026,4,Capital One CC,CC uploads,Amazon.com*BC17E2MN0,Amazon.com*BC17E2MN0,-78.08,15,Merchandise,Business,62,Amazon,Personal,YES,Merchandise → Amazon,,,
2026-05-23,2026,5,Capital One CC,CC uploads,AMAZON MKTPL*EG2EG55F3,AMAZON MKTPL*EG2EG55F3,-78.9,15,Merchandise,Business,62,Amazon,Personal,YES,Merchandise → Amazon,,,
2025-03-07,2025,3,Capital One CC,2025 v3.xlsx,FLORAL SUPPLY SYND #1,FLORAL SUPPLY SYND #1,-79.5,14,Materials,Business,11,Flowers,Business,YES,Materials → Flowers,,,
2026-04-10,2026,4,Capital One CC,CC uploads,AMAZON MKTPL*BC4VM7YZ1,AMAZON MKTPL*BC4VM7YZ1,-79.72,15,Merchandise,Business,62,Amazon,Personal,YES,Merchandise → Amazon,,,
2025-11-05,2025,11,Capital One CC,2025 v3.xlsx,"GLOSS* ODELAY, A GREEN","GLOSS* ODELAY, A GREEN",-79.74,11,Flowers,Business,14,Materials,Business,YES,Flowers → Materials,,,
2025-07-28,2025,7,Capital One CC,2025 v3.xlsx,CA LA PAQUITA,CA LA PAQUITA,-79.88,65,Entertainment,Personal,42,Misc,Business,YES,Entertainment → Misc,,,
2025-08-27,2025,8,Capital One CC,2025 v3.xlsx,FIGONE NURSERY,FIGONE NURSERY,-80.0,11,Flowers,Business,15,Merchandise,Business,YES,Flowers → Merchandise,,,
2025-12-10,2025,12,Capital One CC,2025 v3.xlsx,FIGONE NURSERY,FIGONE NURSERY,-80.0,11,Flowers,Business,15,Merchandise,Business,YES,Flowers → Merchandise,,,
2025-08-27,2025,8,Capital One CC,2025 v3.xlsx,"GLOSS* ODELAY, A GREEN","GLOSS* ODELAY, A GREEN",-80.29,11,Flowers,Business,14,Materials,Business,YES,Flowers → Materials,,,
2026-05-03,2026,5,Capital One CC,CC uploads,AMAZON MKTPL*BV0YK12A2,AMAZON MKTPL*BV0YK12A2,-81.17,15,Merchandise,Business,62,Amazon,Personal,YES,Merchandise → Amazon,,,
2025-05-16,2025,5,Capital One CC,2025 v3.xlsx,PAGANO S HARDWARE TOWN,PAGANO S HARDWARE TOWN,-81.92,45,Furniture,Business,15,Merchandise,Business,YES,Furniture → Merchandise,,,
2025-03-22,2025,3,Capital One CC,2025 v3.xlsx,BARNES&NOBLE PAPERSOUR,BARNES&NOBLE PAPERSOUR,-81.94,65,Entertainment,Personal,15,Merchandise,Business,YES,Entertainment → Merchandise,,,
2026-05-26,2026,5,Capital One CC,CC uploads,AMAZON MKTPL*4Z78U0N43,AMAZON MKTPL*4Z78U0N43,-82.23,15,Merchandise,Business,62,Amazon,Personal,YES,Merchandise → Amazon,,,
2025-05-07,2025,5,Capital One CC,2025 v3.xlsx,FLORAL SUPPLY SYND #1,FLORAL SUPPLY SYND #1,-82.5,14,Materials,Business,11,Flowers,Business,YES,Materials → Flowers,,,
2025-05-10,2025,5,Capital One CC,2025 v3.xlsx,FIGONE NURSERY,FIGONE NURSERY,-85.0,11,Flowers,Business,15,Merchandise,Business,YES,Flowers → Merchandise,,,
2024-10-18,2024,10,Bank of Marin,2024.xlsx Marin clean,Zara,Zara,-85.08,14,Materials,Business,66,Clothing,Personal,YES,Materials → Clothing,,,
2024-01-20,2024,1,Capital One CC,2024.xlsx Capital 1 Clean,AMZN Mktp US*R004134E0,AMZN Mktp US*R004134E0,-85.17,15,Merchandise,Business,62,Amazon,Personal,YES,Merchandise → Amazon,,,
2025-03-08,2025,3,Capital One CC,2025 v3.xlsx,"GLOSS* ODELAY, A GREEN","GLOSS* ODELAY, A GREEN",-85.56,11,Flowers,Business,14,Materials,Business,YES,Flowers → Materials,,,
2025-08-11,2025,8,Capital One CC,2025 v3.xlsx,CAFFE' JOURNAL,CAFFE' JOURNAL,-85.86,65,Entertainment,Personal,43,Food,Business,YES,Entertainment → Food,,,
2025-10-24,2025,10,Capital One CC,2025 v3.xlsx,FLORAL SUPPLY SYND #1,FLORAL SUPPLY SYND #1,-86.1,14,Materials,Business,11,Flowers,Business,YES,Materials → Flowers,,,
2025-03-14,2025,3,Capital One CC,2025 v3.xlsx,"THE REALREAL, INC","THE REALREAL, INC",-86.4,66,Clothing,Personal,15,Merchandise,Business,YES,Clothing → Merchandise,,,
2026-04-10,2026,4,Capital One CC,CC uploads,AMAZON MKTPL*BY7ZK8012,AMAZON MKTPL*BY7ZK8012,-87.4,15,Merchandise,Business,62,Amazon,Personal,YES,Merchandise → Amazon,,,
2025-07-30,2025,7,Capital One CC,2025 v3.xlsx,8 DAYS BOTANICAL FAIRE,8 DAYS BOTANICAL FAIRE,-87.5,15,Merchandise,Business,11,Flowers,Business,YES,Merchandise → Flowers,,,
2025-10-29,2025,10,Capital One CC,2025 v3.xlsx,TARGET.COM,TARGET.COM,-87.6,68,Household,Personal,15,Merchandise,Business,YES,Household → Merchandise,,,
2025-04-18,2025,4,Capital One CC,2025 v3.xlsx,FLORAL SUPPLY SYND #1,FLORAL SUPPLY SYND #1,-87.95,14,Materials,Business,11,Flowers,Business,YES,Materials → Flowers,,,
2025-10-10,2025,10,Capital One CC,2025 v3.xlsx,FLORAL SUPPLY SYND #1,FLORAL SUPPLY SYND #1,-87.95,14,Materials,Business,11,Flowers,Business,YES,Materials → Flowers,,,
2025-09-12,2025,9,Capital One CC,2025 v3.xlsx,FLORAL SUPPLY SYND #1,FLORAL SUPPLY SYND #1,-88.1,14,Materials,Business,11,Flowers,Business,YES,Materials → Flowers,,,
2025-05-30,2025,5,Capital One CC,2025 v3.xlsx,FLORAL SUPPLY SYND #1,FLORAL SUPPLY SYND #1,-88.5,14,Materials,Business,11,Flowers,Business,YES,Materials → Flowers,,,
2024-05-29,2024,5,Capital One CC,2024.xlsx Capital 1 Clean,AMZN Mktp US*704ZH4FM3,AMZN Mktp US*704ZH4FM3,-88.6,15,Merchandise,Business,62,Amazon,Personal,YES,Merchandise → Amazon,,,
2025-12-23,2025,12,Capital One CC,2025 v3.xlsx,FLORAL SUPPLY SYND #1,FLORAL SUPPLY SYND #1,-89.25,14,Materials,Business,11,Flowers,Business,YES,Materials → Flowers,,,
2025-11-24,2025,11,Capital One CC,2025 v3.xlsx,8 DAYS BOTANICAL FAIRE,8 DAYS BOTANICAL FAIRE,-89.8,15,Merchandise,Business,11,Flowers,Business,YES,Merchandise → Flowers,,,
2025-09-23,2025,9,Capital One CC,2025 v3.xlsx,8 DAYS BOTANICAL FAIRE,8 DAYS BOTANICAL FAIRE,-89.81,15,Merchandise,Business,11,Flowers,Business,YES,Merchandise → Flowers,,,
2023-10-26,2023,10,Capital One CC,CC uploads,AMZN Mktp US*0U55Q9Q53,AMZN Mktp US*0U55Q9Q53,-90.79,15,Merchandise,Business,62,Amazon,Personal,YES,Merchandise → Amazon,,,
2024-06-24,2024,6,Bank of Marin,2024.xlsx Marin clean,Floral Supply Synd,Floral Supply Synd,-91.5,14,Materials,Business,11,Flowers,Business,YES,Materials → Flowers,,,
2024-10-15,2024,10,Capital One CC,2024.xlsx Capital 1 Clean,AMAZON MKTPL*1U0NO4OT3,AMAZON MKTPL*1U0NO4OT3,-91.86,15,Merchandise,Business,62,Amazon,Personal,YES,Merchandise → Amazon,,,
2025-06-23,2025,6,Capital One CC,2025 v3.xlsx,CARE BY ME USA FAIRE,CARE BY ME USA FAIRE,-92.0,15,Merchandise,Business,11,Flowers,Business,YES,Merchandise → Flowers,,,
2024-07-20,2024,7,Capital One CC,2024.xlsx Capital 1 Clean,AMAZON MKTPL*RJ8IL2EG0,AMAZON MKTPL*RJ8IL2EG0,-93.51,15,Merchandise,Business,62,Amazon,Personal,YES,Merchandise → Amazon,,,
2025-12-12,2025,12,Capital One CC,2025 v3.xlsx,FLORAL SUPPLY SYND #1,FLORAL SUPPLY SYND #1,-94.5,14,Materials,Business,11,Flowers,Business,YES,Materials → Flowers,,,
2024-02-05,2024,2,Capital One CC,2024.xlsx Capital 1 Clean,Capital One CC payment,CAPITAL ONE MEMBER FEE,-95.0,42,Misc,Business,71,Transfer (exclude),Exclude,YES,Misc → Transfer (exclude),,,
2025-02-04,2025,2,Capital One CC,2025 v3.xlsx,Capital One CC payment,CAPITAL ONE MEMBER FEE,-95.0,42,Misc,Business,71,Transfer (exclude),Exclude,YES,Misc → Transfer (exclude),,,
2026-05-12,2026,5,Capital One CC,CC uploads,AMAZON MKTPL*BF2E09011,AMAZON MKTPL*BF2E09011,-95.47,15,Merchandise,Business,62,Amazon,Personal,YES,Merchandise → Amazon,,,
2026-03-12,2026,3,Capital One CC,CC uploads,AMAZON MKTPL*BP3777NJ0,AMAZON MKTPL*BP3777NJ0,-95.87,15,Merchandise,Business,62,Amazon,Personal,YES,Merchandise → Amazon,,,
2023-10-17,2023,10,Capital One CC,CC uploads,AMZN Mktp US*TP7U11Y40,AMZN Mktp US*TP7U11Y40,-97.46,15,Merchandise,Business,62,Amazon,Personal,YES,Merchandise → Amazon,,,
2025-05-26,2025,5,Capital One CC,2025 v3.xlsx,SP ROARK,SP ROARK,-98.12,11,Flowers,Business,15,Merchandise,Business,YES,Flowers → Merchandise,,,
2025-08-07,2025,8,Capital One CC,2025 v3.xlsx,MULTISTORE ATG,MULTISTORE ATG,-99.44,11,Flowers,Business,15,Merchandise,Business,YES,Flowers → Merchandise,,,
2024-02-29,2024,2,Capital One CC,2024.xlsx Capital 1 Clean,ANTHROPOLOGIE.COM,ANTHROPOLOGIE.COM,-99.62,15,Merchandise,Business,66,Clothing,Personal,YES,Merchandise → Clothing,,,
2024-10-20,2024,10,Capital One CC,2024.xlsx Capital 1 Clean,AMAZON MKTPL*ZQ16M1BN3,AMAZON MKTPL*ZQ16M1BN3,-103.0,15,Merchandise,Business,62,Amazon,Personal,YES,Merchandise → Amazon,,,
2025-12-16,2025,12,Capital One CC,2025 v3.xlsx,TRADEMARK.FLICKET.CO.N,TRADEMARK.FLICKET.CO.N,-104.46,62,Amazon,Personal,65,Entertainment,Personal,YES,Amazon → Entertainment,,,
2023-04-27,2023,4,Bank of Marin,BoM master,Check #5023 — PAYEE UNKNOWN,Electronified Check Adt Payment Check #5023,-104.98,42,Misc,Business,11,Flowers,Business,YES,Misc → Flowers,,,
2023-03-02,2023,3,Bank of Marin,BoM master,Check #5059 — PAYEE UNKNOWN,Electronified Check Adt Payment Check #5059,-104.98,42,Misc,Business,11,Flowers,Business,YES,Misc → Flowers,,,
2026-07-08,2026,7,Capital One CC,CC uploads,Amazon.com*UQ77L1JP3,Amazon.com*UQ77L1JP3,-106.51,15,Merchandise,Business,62,Amazon,Personal,YES,Merchandise → Amazon,,,
2025-08-25,2025,8,Bank of Marin,2025 v3.xlsx,Keenfootwear,Keenfootwear,-106.92,11,Flowers,Business,42,Misc,Business,YES,Flowers → Misc,,,
2025-03-07,2025,3,Capital One CC,2025 v3.xlsx,MT. EDEN FLORAL COMPAN,MT. EDEN FLORAL COMPAN,-107.0,11,Flowers,Business,15,Merchandise,Business,YES,Flowers → Merchandise,,,
2025-12-15,2025,12,Capital One CC,2025 v3.xlsx,MS* LYLOAUCKLAND,MS* LYLOAUCKLAND,-109.78,68,Household,Personal,42,Misc,Business,YES,Household → Misc,,,
2025-12-10,2025,12,Capital One CC,2025 v3.xlsx,AKIVODU CANDLES FAIRE,AKIVODU CANDLES FAIRE,-109.82,15,Merchandise,Business,11,Flowers,Business,YES,Merchandise → Flowers,,,
2025-07-21,2025,7,Bank of Marin,2025 v3.xlsx,Free People,Free People,-110.53,68,Household,Personal,66,Clothing,Personal,YES,Household → Clothing,,,
2025-11-21,2025,11,Capital One CC,2025 v3.xlsx,ONEQUINCE* Q14973277,ONEQUINCE* Q14973277,-110.64,11,Flowers,Business,15,Merchandise,Business,YES,Flowers → Merchandise,,,
2024-06-28,2024,6,Bank of Marin,2024.xlsx Marin clean,Grace Nursery,Grace Nursery Inc,-110.7,42,Misc,Business,11,Flowers,Business,YES,Misc → Flowers,,,
2025-01-24,2025,1,Capital One CC,2025 v3.xlsx,MT. EDEN FLORAL COMPAN,MT. EDEN FLORAL COMPAN,-111.12,11,Flowers,Business,15,Merchandise,Business,YES,Flowers → Merchandise,,,
2025-09-03,2025,9,Capital One CC,2025 v3.xlsx,FLORAL SUPPLY SYND #1,FLORAL SUPPLY SYND #1,-111.5,14,Materials,Business,11,Flowers,Business,YES,Materials → Flowers,,,
2024-08-03,2024,8,Capital One CC,2024.xlsx Capital 1 Clean,AMAZON MKTPL*RF63U40X0,AMAZON MKTPL*RF63U40X0,-111.77,15,Merchandise,Business,62,Amazon,Personal,YES,Merchandise → Amazon,,,
2025-06-11,2025,6,Capital One CC,2025 v3.xlsx,FLORAL SUPPLY SYND #1,FLORAL SUPPLY SYND #1,-112.05,14,Materials,Business,11,Flowers,Business,YES,Materials → Flowers,,,
2023-10-10,2023,10,Bank of Marin,BoM master,Bar Cesar,Bar Cesar,-112.6,42,Misc,Business,43,Food,Business,YES,Misc → Food,,,
2025-11-26,2025,11,Capital One CC,2025 v3.xlsx,123 FARM FAIRE,123 FARM FAIRE,-112.8,15,Merchandise,Business,11,Flowers,Business,YES,Merchandise → Flowers,,,
2024-12-24,2024,12,Bank of Marin,2024.xlsx Marin clean,Mayesh Wholesale Flowers,Mayesh San Francis Co,-113.22,42,Misc,Business,11,Flowers,Business,YES,Misc → Flowers,,,
2025-01-31,2025,1,Capital One CC,2025 v3.xlsx,"THE REALREAL, INC","THE REALREAL, INC",-115.2,66,Clothing,Personal,15,Merchandise,Business,YES,Clothing → Merchandise,,,
2025-06-05,2025,6,Capital One CC,2025 v3.xlsx,SOULSILK FAIRE,SOULSILK FAIRE,-116.5,15,Merchandise,Business,11,Flowers,Business,YES,Merchandise → Flowers,,,
2025-12-19,2025,12,Capital One CC,2025 v3.xlsx,Kathmandu New Plymouth,Kathmandu New Plymouth,-117.53,11,Flowers,Business,15,Merchandise,Business,YES,Flowers → Merchandise,,,
2025-01-18,2025,1,Capital One CC,2025 v3.xlsx,TM *THE TEMPTATIONS AN,TM *THE TEMPTATIONS AN,-118.2,11,Flowers,Business,65,Entertainment,Personal,YES,Flowers → Entertainment,,,
2025-08-04,2025,8,Bank of Marin,2025 v3.xlsx,Lululemon Athletica,Lululemon Athletica,-119.95,68,Household,Personal,42,Misc,Business,YES,Household → Misc,,,
2025-05-21,2025,5,Capital One CC,2025 v3.xlsx,MT. EDEN FLORAL COMPAN,MT. EDEN FLORAL COMPAN,-120.0,11,Flowers,Business,15,Merchandise,Business,YES,Flowers → Merchandise,,,
2025-07-18,2025,7,Capital One CC,2025 v3.xlsx,SAN FRANCISCO FLOWER M,SAN FRANCISCO FLOWER M,-120.0,11,Flowers,Business,15,Merchandise,Business,YES,Flowers → Merchandise,,,
2025-11-19,2025,11,Bank of Marin,2025 v3.xlsx,Davis Farms Wholes Ale Ti,Davis Farms Wholes Ale Ti,-120.0,68,Household,Personal,43,Food,Business,YES,Household → Food,,,
2025-11-25,2025,11,Bank of Marin,2025 v3.xlsx,Safeway,Safeway,-120.19,43,Food,Business,42,Misc,Business,YES,Food → Misc,,,
2025-11-22,2025,11,Capital One CC,2025 v3.xlsx,FLORAL SUPPLY SYND #1,FLORAL SUPPLY SYND #1,-120.45,14,Materials,Business,11,Flowers,Business,YES,Materials → Flowers,,,
2025-02-22,2025,2,Capital One CC,2025 v3.xlsx,"THE REALREAL, INC","THE REALREAL, INC",-120.46,66,Clothing,Personal,15,Merchandise,Business,YES,Clothing → Merchandise,,,
2024-02-20,2024,2,Bank of Marin,2024.xlsx Marin clean,Neve Bros,Neve Bros,-123.0,35,SBA / Admin,Business,11,Flowers,Business,YES,SBA / Admin → Flowers,,,
2025-05-07,2025,5,Capital One CC,2025 v3.xlsx,ARATTA FAIRE,ARATTA FAIRE,-124.0,67,Travel,Personal,11,Flowers,Business,YES,Travel → Flowers,,,
2025-10-01,2025,10,Capital One CC,2025 v3.xlsx,FIGONE NURSERY,FIGONE NURSERY,-125.0,11,Flowers,Business,15,Merchandise,Business,YES,Flowers → Merchandise,,,
2026-01-30,2026,1,Capital One CC,CC uploads,Amazon.com*QT2KW7TW3,Amazon.com*QT2KW7TW3,-125.86,15,Merchandise,Business,62,Amazon,Personal,YES,Merchandise → Amazon,,,
2024-11-04,2024,11,Bank of Marin,2024.xlsx Marin clean,Neve Bros,Neve Bros,-126.0,35,SBA / Admin,Business,11,Flowers,Business,YES,SBA / Admin → Flowers,,,
2025-04-23,2025,4,Bank of Marin,2025 v3.xlsx,Floral Supply Synd,Floral Supply Synd,-126.0,14,Materials,Business,11,Flowers,Business,YES,Materials → Flowers,,,
2025-03-10,2025,3,Capital One CC,2025 v3.xlsx,"THE REALREAL, INC","THE REALREAL, INC",-127.07,66,Clothing,Personal,15,Merchandise,Business,YES,Clothing → Merchandise,,,
2026-05-19,2026,5,Capital One CC,CC uploads,AMAZON MKTPL*OD0S99QI3,AMAZON MKTPL*OD0S99QI3,-127.44,15,Merchandise,Business,62,Amazon,Personal,YES,Merchandise → Amazon,,,
2025-02-15,2025,2,Capital One CC,2025 v3.xlsx,"SQ *STITCHES, LLC","SQ *STITCHES, LLC",-128.0,11,Flowers,Business,14,Materials,Business,YES,Flowers → Materials,,,
2025-05-26,2025,5,Capital One CC,2025 v3.xlsx,ENCINAL MARKET,ENCINAL MARKET,-128.77,11,Flowers,Business,15,Merchandise,Business,YES,Flowers → Merchandise,,,
2025-12-22,2025,12,Bank of Marin,2025 v3.xlsx,Paul Marcus Wines,Paul Marcus Wines,-130.08,68,Household,Personal,43,Food,Business,YES,Household → Food,,,
2024-12-16,2024,12,Bank of Marin,2024.xlsx Marin clean,Neve Bros,Neve Bros,-131.0,35,SBA / Admin,Business,11,Flowers,Business,YES,SBA / Admin → Flowers,,,
2026-07-02,2026,7,Capital One CC,CC uploads,Amazon.com*BD1YQ7WV3,Amazon.com*BD1YQ7WV3,-131.72,15,Merchandise,Business,62,Amazon,Personal,YES,Merchandise → Amazon,,,
2026-02-28,2026,2,Capital One CC,CC uploads,AMAZON MKTPL*B94D56EW0,AMAZON MKTPL*B94D56EW0,-135.84,15,Merchandise,Business,62,Amazon,Personal,YES,Merchandise → Amazon,,,
2025-07-28,2025,7,Capital One CC,2025 v3.xlsx,PLANE PORTVENDRE,PLANE PORTVENDRE,-137.59,11,Flowers,Business,15,Merchandise,Business,YES,Flowers → Merchandise,,,
2023-09-09,2023,9,Capital One CC,CC uploads,FREE PEOPLE #821,FREE PEOPLE #821,-137.66,15,Merchandise,Business,66,Clothing,Personal,YES,Merchandise → Clothing,,,
2025-11-22,2025,11,Capital One CC,2025 v3.xlsx,FLORAL SUPPLY SYND #1,FLORAL SUPPLY SYND #1,-144.0,14,Materials,Business,11,Flowers,Business,YES,Materials → Flowers,,,
2025-12-03,2025,12,Capital One CC,2025 v3.xlsx,FLORAL SUPPLY SYND #1,FLORAL SUPPLY SYND #1,-144.25,14,Materials,Business,11,Flowers,Business,YES,Materials → Flowers,,,
2024-06-28,2024,6,Bank of Marin,2024.xlsx Marin clean,Mayesh Wholesale Flowers,Mayesh San Francis Co,-150.45,42,Misc,Business,11,Flowers,Business,YES,Misc → Flowers,,,
2025-11-18,2025,11,Capital One CC,2025 v3.xlsx,EB *NUTCRACKER NIGHTMA,EB *NUTCRACKER NIGHTMA,-153.08,11,Flowers,Business,14,Materials,Business,YES,Flowers → Materials,,,
2024-03-31,2024,3,Capital One CC,2024.xlsx Capital 1 Clean,Amazon Prime*8O5453GB3,Amazon Prime*8O5453GB3,-153.94,14,Materials,Business,62,Amazon,Personal,YES,Materials → Amazon,,,
2026-03-31,2026,3,Capital One CC,CC uploads,AMAZON PRIME*XH00R81K3,AMAZON PRIME*XH00R81K3,-153.94,14,Materials,Business,62,Amazon,Personal,YES,Materials → Amazon,,,
2024-09-13,2024,9,Capital One CC,2024.xlsx Capital 1 Clean,DAVIS FARMS WHOLESALE,DAVIS FARMS WHOLESALE,-156.0,14,Materials,Business,11,Flowers,Business,YES,Materials → Flowers,,,
2025-04-25,2025,4,Bank of Marin,2025 v3.xlsx,Amanda Leong Denta,Amanda Leong Denta,-156.0,68,Household,Personal,42,Misc,Business,YES,Household → Misc,,,
2023-01-11,2023,1,Bank of Marin,BoM master,Check #5001 — PAYEE UNKNOWN,Electronified Check Adt Payment Check #5001,-156.97,42,Misc,Business,11,Flowers,Business,YES,Misc → Flowers,,,
2025-12-24,2025,12,Bank of Marin,2025 v3.xlsx,ATM Withdrawal,ATM Withdrawal,-160.0,65,Entertainment,Personal,42,Misc,Business,YES,Entertainment → Misc,,,
2025-05-14,2025,5,Capital One CC,2025 v3.xlsx,FLORAL SUPPLY SYND #1,FLORAL SUPPLY SYND #1,-160.5,14,Materials,Business,11,Flowers,Business,YES,Materials → Flowers,,,
2025-10-08,2025,10,Capital One CC,2025 v3.xlsx,FLORAL SUPPLY SYND #1,FLORAL SUPPLY SYND #1,-162.3,14,Materials,Business,11,Flowers,Business,YES,Materials → Flowers,,,
2025-03-17,2025,3,Capital One CC,2025 v3.xlsx,"THE REALREAL, INC","THE REALREAL, INC",-162.54,66,Clothing,Personal,15,Merchandise,Business,YES,Clothing → Merchandise,,,
2025-09-26,2025,9,Capital One CC,2025 v3.xlsx,FLORAL SUPPLY SYND #1,FLORAL SUPPLY SYND #1,-162.8,14,Materials,Business,11,Flowers,Business,YES,Materials → Flowers,,,
2023-08-15,2023,8,Bank of Marin,BoM master,Check #5077 — PAYEE UNKNOWN,State Auto Check #5077,-164.98,42,Misc,Business,11,Flowers,Business,YES,Misc → Flowers,,,
2024-01-29,2024,1,Bank of Marin,2024.xlsx Marin clean,Neve Bros,Neve Bros,-165.03,35,SBA / Admin,Business,11,Flowers,Business,YES,SBA / Admin → Flowers,,,
2025-06-09,2025,6,Bank of Marin,2025 v3.xlsx,Floral Supply Synd,Floral Supply Synd,-166.15,14,Materials,Business,11,Flowers,Business,YES,Materials → Flowers,,,
2025-07-10,2025,7,Bank of Marin,2025 v3.xlsx,Sephora,Sephora,-168.55,66,Clothing,Personal,42,Misc,Business,YES,Clothing → Misc,,,
2024-01-18,2024,1,Bank of Marin,2024.xlsx Marin clean,Neve Bros,Neve Bros,-169.13,35,SBA / Admin,Business,11,Flowers,Business,YES,SBA / Admin → Flowers,,,
2024-01-22,2024,1,Bank of Marin,2024.xlsx Marin clean,Neve Bros,Neve Bros,-169.13,35,SBA / Admin,Business,11,Flowers,Business,YES,SBA / Admin → Flowers,,,
2025-04-15,2025,4,Capital One CC,2025 v3.xlsx,"THE REALREAL, INC","THE REALREAL, INC",-170.0,66,Clothing,Personal,15,Merchandise,Business,YES,Clothing → Merchandise,,,
2025-07-24,2025,7,Bank of Marin,2025 v3.xlsx,Miguel Flowers,Miguel Flowers San Franc Ca,-170.76,14,Materials,Business,11,Flowers,Business,YES,Materials → Flowers,,,
2024-04-24,2024,4,Capital One CC,2024.xlsx Capital 1 Clean,DAVIS FARMS WHOLESALE,DAVIS FARMS WHOLESALE,-172.0,14,Materials,Business,11,Flowers,Business,YES,Materials → Flowers,,,
2025-05-28,2025,5,Capital One CC,2025 v3.xlsx,BEST PLANT FRIEN FAIRE,BEST PLANT FRIEN FAIRE,-174.18,15,Merchandise,Business,11,Flowers,Business,YES,Merchandise → Flowers,,,
2025-11-03,2025,11,Capital One CC,2025 v3.xlsx,SAN FRANCISCO FLOWER M,SAN FRANCISCO FLOWER M,-175.0,11,Flowers,Business,15,Merchandise,Business,YES,Flowers → Merchandise,,,
2024-03-04,2024,3,Capital One CC,2024.xlsx Capital 1 Clean,ANTHROPOLOGIE #448,ANTHROPOLOGIE #448,-176.4,15,Merchandise,Business,66,Clothing,Personal,YES,Merchandise → Clothing,,,
2025-05-02,2025,5,Capital One CC,2025 v3.xlsx,FLORAL SUPPLY SYND #1,FLORAL SUPPLY SYND #1,-177.0,14,Materials,Business,11,Flowers,Business,YES,Materials → Flowers,,,
2025-11-25,2025,11,Bank of Marin,2025 v3.xlsx,Miguel Flowers,Miguel Flowers San Franc Ca,-178.94,14,Materials,Business,11,Flowers,Business,YES,Materials → Flowers,,,
2025-06-09,2025,6,Bank of Marin,2025 v3.xlsx,Curious Flora N Urs,Curious Flora N Urs,-179.16,11,Flowers,Business,42,Misc,Business,YES,Flowers → Misc,,,
2025-07-29,2025,7,Bank of Marin,2025 v3.xlsx,StubHub!,StubHub!,-179.54,62,Amazon,Personal,65,Entertainment,Personal,YES,Amazon → Entertainment,,,
2025-02-03,2025,2,Bank of Marin,2025 v3.xlsx,Transfer to Apple Pay,Transfer to Apple Pay,-180.0,22,Venmo,Business,71,Transfer (exclude),Exclude,YES,Venmo → Transfer (exclude),,,
2025-02-07,2025,2,Bank of Marin,2025 v3.xlsx,Floral Supply Synd,Floral Supply Synd,-182.75,14,Materials,Business,11,Flowers,Business,YES,Materials → Flowers,,,
2025-08-27,2025,8,Capital One CC,2025 v3.xlsx,FLORAL SUPPLY SYND #1,FLORAL SUPPLY SYND #1,-186.9,14,Materials,Business,11,Flowers,Business,YES,Materials → Flowers,,,
2025-01-15,2025,1,Capital One CC,2025 v3.xlsx,"THE REALREAL, INC","THE REALREAL, INC",-187.72,66,Clothing,Personal,15,Merchandise,Business,YES,Clothing → Merchandise,,,
2024-11-18,2024,11,Bank of Marin,2024.xlsx Marin clean,Neve Bros,Neve Bros,-192.0,35,SBA / Admin,Business,11,Flowers,Business,YES,SBA / Admin → Flowers,,,
2025-10-22,2025,10,Capital One CC,2025 v3.xlsx,FLORAL SUPPLY SYND #1,FLORAL SUPPLY SYND #1,-193.0,14,Materials,Business,11,Flowers,Business,YES,Materials → Flowers,,,
2025-12-29,2025,12,Capital One CC,2025 v3.xlsx,"THE REALREAL, INC","THE REALREAL, INC",-194.94,66,Clothing,Personal,15,Merchandise,Business,YES,Clothing → Merchandise,,,
2024-11-29,2024,11,Bank of Marin,2024.xlsx Marin clean,Neve Bros,Neve Bros,-195.5,35,SBA / Admin,Business,11,Flowers,Business,YES,SBA / Admin → Flowers,,,
2025-01-21,2025,1,Capital One CC,2025 v3.xlsx,ALO MOVES,ALO MOVES,-199.0,68,Household,Personal,65,Entertainment,Personal,YES,Household → Entertainment,,,
2023-09-25,2023,9,Capital One CC,CC uploads,AMZN MKTP US*T15724UR2,AMZN MKTP US*T15724UR2,-199.2,15,Merchandise,Business,62,Amazon,Personal,YES,Merchandise → Amazon,,,
2023-09-20,2023,9,Capital One CC,CC uploads,AMZN Mktp US*TX4UB4KN0,AMZN Mktp US*TX4UB4KN0,-199.2,15,Merchandise,Business,62,Amazon,Personal,YES,Merchandise → Amazon,,,
2024-12-02,2024,12,Bank of Marin,2024.xlsx Marin clean,Neve Bros,Neve Bros,-200.0,35,SBA / Admin,Business,11,Flowers,Business,YES,SBA / Admin → Flowers,,,
2025-05-26,2025,5,Capital One CC,2025 v3.xlsx,FREE PEOPLE 00821,FREE PEOPLE 00821,-201.12,11,Flowers,Business,66,Clothing,Personal,YES,Flowers → Clothing,,,
2026-05-28,2026,5,Capital One CC,CC uploads,AMAZON MKTPL*QU5TF0FL3,AMAZON MKTPL*QU5TF0FL3,-204.96,15,Merchandise,Business,62,Amazon,Personal,YES,Merchandise → Amazon,,,
2025-09-19,2025,9,Capital One CC,2025 v3.xlsx,FLORAL SUPPLY SYND #1,FLORAL SUPPLY SYND #1,-207.4,14,Materials,Business,11,Flowers,Business,YES,Materials → Flowers,,,
2025-05-28,2025,5,Capital One CC,2025 v3.xlsx,FLORAL SUPPLY SYND #1,FLORAL SUPPLY SYND #1,-214.0,14,Materials,Business,11,Flowers,Business,YES,Materials → Flowers,,,
2024-05-24,2024,5,Bank of Marin,2024.xlsx Marin clean,Neve Bros,Neve Bros,-215.0,35,SBA / Admin,Business,11,Flowers,Business,YES,SBA / Admin → Flowers,,,
2025-01-17,2025,1,Capital One CC,2025 v3.xlsx,MT. EDEN FLORAL COMPAN,MT. EDEN FLORAL COMPAN,-216.0,11,Flowers,Business,15,Merchandise,Business,YES,Flowers → Merchandise,,,
2025-06-27,2025,6,Capital One CC,2025 v3.xlsx,"THE REALREAL, INC","THE REALREAL, INC",-217.91,66,Clothing,Personal,15,Merchandise,Business,YES,Clothing → Merchandise,,,
2025-05-30,2025,5,Capital One CC,2025 v3.xlsx,"SQ *STITCHES, LLC","SQ *STITCHES, LLC",-222.0,11,Flowers,Business,14,Materials,Business,YES,Flowers → Materials,,,
2025-08-22,2025,8,Capital One CC,2025 v3.xlsx,VERIZON WRLS 08926-01,VERIZON WRLS 08926-01,-222.13,11,Flowers,Business,15,Merchandise,Business,YES,Flowers → Merchandise,,,
2025-03-26,2025,3,Capital One CC,2025 v3.xlsx,FLORAL SUPPLY SYND #1,FLORAL SUPPLY SYND #1,-222.25,14,Materials,Business,11,Flowers,Business,YES,Materials → Flowers,,,
2025-02-14,2025,2,Capital One CC,2025 v3.xlsx,MT. EDEN FLORAL COMPAN,MT. EDEN FLORAL COMPAN,-227.82,11,Flowers,Business,15,Merchandise,Business,YES,Flowers → Merchandise,,,
2025-04-08,2025,4,Capital One CC,2025 v3.xlsx,TM *POSTCARD FROM EART,TM *POSTCARD FROM EART,-228.0,62,Amazon,Personal,65,Entertainment,Personal,YES,Amazon → Entertainment,,,
2025-05-21,2025,5,Capital One CC,2025 v3.xlsx,FLORAL SUPPLY SYND #1,FLORAL SUPPLY SYND #1,-228.75,14,Materials,Business,11,Flowers,Business,YES,Materials → Flowers,,,
2024-11-22,2024,11,Bank of Marin,2024.xlsx Marin clean,Neve Bros,Neve Bros,-230.0,35,SBA / Admin,Business,11,Flowers,Business,YES,SBA / Admin → Flowers,,,
2024-06-21,2024,6,Bank of Marin,2024.xlsx Marin clean,Torchio Nursery,Torchio Nursery Co Mpany,-231.5,42,Misc,Business,11,Flowers,Business,YES,Misc → Flowers,,,
2023-05-08,2023,5,Bank of Marin,BoM master,Nordstrom Rack,Nordstrom Rack,-237.93,14,Materials,Business,66,Clothing,Personal,YES,Materials → Clothing,,,
2025-08-04,2025,8,Bank of Marin,2025 v3.xlsx,ATM Withdrawal,ATM Withdrawal,-240.0,68,Household,Personal,42,Misc,Business,YES,Household → Misc,,,
2025-06-10,2025,6,Capital One CC,2025 v3.xlsx,SPO*ENCINALNURSERY,SPO*ENCINALNURSERY,-240.24,11,Flowers,Business,15,Merchandise,Business,YES,Flowers → Merchandise,,,
2025-01-31,2025,1,Capital One CC,2025 v3.xlsx,FLORAL SUPPLY SYND #1,FLORAL SUPPLY SYND #1,-240.5,14,Materials,Business,11,Flowers,Business,YES,Materials → Flowers,,,
2024-07-17,2024,7,Bank of Marin,2024.xlsx Marin clean,Mt Eden Floral Co Mpany,Mt Eden Floral Co Mpany,-242.05,42,Misc,Business,11,Flowers,Business,YES,Misc → Flowers,,,
2025-03-04,2025,3,Bank of Marin,2025 v3.xlsx,Funds Transfer,Funds Transfer,-243.0,4,Other Income,Revenue,71,Transfer (exclude),Exclude,YES,Other Income → Transfer (exclude),,,
2024-07-31,2024,7,Bank of Marin,2024.xlsx Marin clean,Mayesh Wholesale Flowers,Mayesh San Francis Co,-243.27,42,Misc,Business,11,Flowers,Business,YES,Misc → Flowers,,,
2025-07-18,2025,7,Capital One CC,2025 v3.xlsx,FLORAL SUPPLY SYND #1,FLORAL SUPPLY SYND #1,-244.9,14,Materials,Business,11,Flowers,Business,YES,Materials → Flowers,,,
2024-07-03,2024,7,Bank of Marin,2024.xlsx Marin clean,Mayesh Wholesale Flowers,Mayesh San Francis Co,-247.35,42,Misc,Business,11,Flowers,Business,YES,Misc → Flowers,,,
2024-11-15,2024,11,Bank of Marin,2024.xlsx Marin clean,Neve Bros,Neve Bros,-250.0,35,SBA / Admin,Business,11,Flowers,Business,YES,SBA / Admin → Flowers,,,
2025-02-10,2025,2,Bank of Marin,2025 v3.xlsx,Transfer to Apple Pay,Transfer to Apple Pay,-250.0,22,Venmo,Business,71,Transfer (exclude),Exclude,YES,Venmo → Transfer (exclude),,,
2025-03-17,2025,3,Bank of Marin,2025 v3.xlsx,Transfer to Apple Pay,Transfer to Apple Pay,-250.0,22,Venmo,Business,71,Transfer (exclude),Exclude,YES,Venmo → Transfer (exclude),,,
2024-03-08,2024,3,Bank of Marin,2024.xlsx Marin clean,Neve Bros,Neve Bros,-251.13,35,SBA / Admin,Business,11,Flowers,Business,YES,SBA / Admin → Flowers,,,
2024-06-28,2024,6,Bank of Marin,2024.xlsx Marin clean,Neve Bros,Neve Bros,-251.5,35,SBA / Admin,Business,11,Flowers,Business,YES,SBA / Admin → Flowers,,,
2024-09-28,2024,9,Capital One CC,2024.xlsx Capital 1 Clean,AMAZON MARK* 6V37F7OT3,AMAZON MARK* 6V37F7OT3,-254.71,15,Merchandise,Business,62,Amazon,Personal,YES,Merchandise → Amazon,,,
2025-09-10,2025,9,Capital One CC,2025 v3.xlsx,FLORAL SUPPLY SYND #1,FLORAL SUPPLY SYND #1,-255.2,14,Materials,Business,11,Flowers,Business,YES,Materials → Flowers,,,
2025-08-11,2025,8,Bank of Marin,2025 v3.xlsx,Depop,Depop,-256.97,15,Merchandise,Business,66,Clothing,Personal,YES,Merchandise → Clothing,,,
2024-09-27,2024,9,Bank of Marin,2024.xlsx Marin clean,Neve Bros,Neve Bros,-260.0,35,SBA / Admin,Business,11,Flowers,Business,YES,SBA / Admin → Flowers,,,
2025-01-17,2025,1,Capital One CC,2025 v3.xlsx,FLORAL SUPPLY SYND #1,FLORAL SUPPLY SYND #1,-262.35,14,Materials,Business,11,Flowers,Business,YES,Materials → Flowers,,,
2025-05-19,2025,5,Capital One CC,2025 v3.xlsx,"THE REALREAL, INC","THE REALREAL, INC",-264.14,66,Clothing,Personal,15,Merchandise,Business,YES,Clothing → Merchandise,,,
2025-06-25,2025,6,Capital One CC,2025 v3.xlsx,FLORAL SUPPLY SYND #1,FLORAL SUPPLY SYND #1,-268.95,14,Materials,Business,11,Flowers,Business,YES,Materials → Flowers,,,
2024-09-13,2024,9,Bank of Marin,2024.xlsx Marin clean,Neve Bros,Neve Bros,-271.0,35,SBA / Admin,Business,11,Flowers,Business,YES,SBA / Admin → Flowers,,,
2024-02-26,2024,2,Bank of Marin,2024.xlsx Marin clean,Neve Bros,Neve Bros,-273.68,35,SBA / Admin,Business,11,Flowers,Business,YES,SBA / Admin → Flowers,,,
2025-06-23,2025,6,Capital One CC,2025 v3.xlsx,SHOPGOODWILL.COM,SHOPGOODWILL.COM,-274.42,11,Flowers,Business,66,Clothing,Personal,YES,Flowers → Clothing,,,
2025-12-05,2025,12,Capital One CC,2025 v3.xlsx,TARGET.COM,TARGET.COM,-276.96,68,Household,Personal,15,Merchandise,Business,YES,Household → Merchandise,,,
2025-09-16,2025,9,Bank of Marin,2025 v3.xlsx,Sherwin-Williams,Sherwin-Williams,-286.17,45,Furniture,Business,42,Misc,Business,YES,Furniture → Misc,,,
2025-12-13,2025,12,Capital One CC,2025 v3.xlsx,Tiffany  Co.,Tiffany  Co.,-290.0,11,Flowers,Business,66,Clothing,Personal,YES,Flowers → Clothing,,,
2023-07-03,2023,7,Capital One CC,CC uploads,NORDSTROM-RACK #0431,NORDSTROM-RACK #0431,-293.16,15,Merchandise,Business,66,Clothing,Personal,YES,Merchandise → Clothing,,,
2025-08-04,2025,8,Bank of Marin,2025 v3.xlsx,Delta Airlines,Delta Airlines,-296.37,67,Travel,Personal,42,Misc,Business,YES,Travel → Misc,,,
2025-08-06,2025,8,Capital One CC,2025 v3.xlsx,ZARA,ZARA,-299.81,11,Flowers,Business,66,Clothing,Personal,YES,Flowers → Clothing,,,
2025-07-25,2025,7,Bank of Marin,2025 v3.xlsx,ATM Withdrawal,ATM Withdrawal,-300.0,68,Household,Personal,42,Misc,Business,YES,Household → Misc,,,
2025-10-17,2025,10,Capital One CC,2025 v3.xlsx,FLORAL SUPPLY SYND #1,FLORAL SUPPLY SYND #1,-304.0,14,Materials,Business,11,Flowers,Business,YES,Materials → Flowers,,,
2024-06-28,2024,6,Bank of Marin,2024.xlsx Marin clean,Torchio Nursery,Torchio Nursery Co Mpany,-306.0,42,Misc,Business,11,Flowers,Business,YES,Misc → Flowers,,,
2025-12-10,2025,12,Capital One CC,2025 v3.xlsx,FLORAL SUPPLY SYND #1,FLORAL SUPPLY SYND #1,-306.3,14,Materials,Business,11,Flowers,Business,YES,Materials → Flowers,,,
2025-04-04,2025,4,Capital One CC,2025 v3.xlsx,FLORAL SUPPLY SYND #1,FLORAL SUPPLY SYND #1,-309.15,14,Materials,Business,11,Flowers,Business,YES,Materials → Flowers,,,
2024-10-25,2024,10,Bank of Marin,2024.xlsx Marin clean,Neve Bros,Neve Bros,-313.0,35,SBA / Admin,Business,11,Flowers,Business,YES,SBA / Admin → Flowers,,,
2024-12-20,2024,12,Bank of Marin,2024.xlsx Marin clean,Torchio Nursery,Torchio Nursery Co Mpany,-316.0,14,Materials,Business,11,Flowers,Business,YES,Materials → Flowers,,,
2025-01-20,2025,1,Capital One CC,2025 v3.xlsx,EUROPEAN SOAPS FAIRE,EUROPEAN SOAPS FAIRE,-318.0,15,Merchandise,Business,11,Flowers,Business,YES,Merchandise → Flowers,,,
2024-02-12,2024,2,Bank of Marin,2024.xlsx Marin clean,Neve Bros,Neve Bros,-323.9,35,SBA / Admin,Business,11,Flowers,Business,YES,SBA / Admin → Flowers,,,
2025-12-19,2025,12,Capital One CC,2025 v3.xlsx,"THE REALREAL, INC","THE REALREAL, INC",-332.84,66,Clothing,Personal,15,Merchandise,Business,YES,Clothing → Merchandise,,,
2025-06-14,2025,6,Capital One CC,2025 v3.xlsx,SQSP* INV185971755,SQSP* INV185971755,-336.0,61,Subscriptions,Personal,42,Misc,Business,YES,Subscriptions → Misc,,,
2025-09-29,2025,9,Capital One CC,2025 v3.xlsx,"THE REALREAL, INC","THE REALREAL, INC",-336.71,66,Clothing,Personal,15,Merchandise,Business,YES,Clothing → Merchandise,,,
2024-06-21,2024,6,Bank of Marin,2024.xlsx Marin clean,Neve Bros,Neve Bros,-337.0,35,SBA / Admin,Business,11,Flowers,Business,YES,SBA / Admin → Flowers,,,
2024-10-04,2024,10,Bank of Marin,2024.xlsx Marin clean,Neve Bros,Neve Bros,-341.0,35,SBA / Admin,Business,11,Flowers,Business,YES,SBA / Admin → Flowers,,,
2025-06-09,2025,6,Capital One CC,2025 v3.xlsx,MTD*CUB CADET,MTD*CUB CADET,-344.15,11,Flowers,Business,15,Merchandise,Business,YES,Flowers → Merchandise,,,
2024-12-06,2024,12,Bank of Marin,2024.xlsx Marin clean,Neve Bros,Neve Bros,-346.0,35,SBA / Admin,Business,11,Flowers,Business,YES,SBA / Admin → Flowers,,,
2025-02-21,2025,2,Bank of Marin,2025 v3.xlsx,Transfer to Apple Pay,Transfer to Apple Pay,-350.0,22,Venmo,Business,71,Transfer (exclude),Exclude,YES,Venmo → Transfer (exclude),,,
2024-02-02,2024,2,Bank of Marin,2024.xlsx Marin clean,Neve Bros,Neve Bros,-350.55,35,SBA / Admin,Business,11,Flowers,Business,YES,SBA / Admin → Flowers,,,
2024-12-20,2024,12,Bank of Marin,2024.xlsx Marin clean,Floral Supply Synd,Floral Supply Synd,-351.25,14,Materials,Business,11,Flowers,Business,YES,Materials → Flowers,,,
2024-12-20,2024,12,Bank of Marin,2024.xlsx Marin clean,Neve Bros,Neve Bros,-354.5,35,SBA / Admin,Business,11,Flowers,Business,YES,SBA / Admin → Flowers,,,
2025-01-22,2025,1,Capital One CC,2025 v3.xlsx,SOULSILK FAIRE,SOULSILK FAIRE,-355.5,15,Merchandise,Business,11,Flowers,Business,YES,Merchandise → Flowers,,,
2024-04-05,2024,4,Bank of Marin,2024.xlsx Marin clean,Neve Bros,Neve Bros,-358.75,35,SBA / Admin,Business,11,Flowers,Business,YES,SBA / Admin → Flowers,,,
2024-11-20,2024,11,Bank of Marin,2024.xlsx Marin clean,Mayesh Wholesale Flowers,Mayesh San Francis Co,-363.63,42,Misc,Business,11,Flowers,Business,YES,Misc → Flowers,,,
2024-12-18,2024,12,Bank of Marin,2024.xlsx Marin clean,Mayesh Wholesale Flowers,Mayesh San Francis Co,-365.67,42,Misc,Business,11,Flowers,Business,YES,Misc → Flowers,,,
2024-03-01,2024,3,Bank of Marin,2024.xlsx Marin clean,Neve Bros,Neve Bros,-366.95,35,SBA / Admin,Business,11,Flowers,Business,YES,SBA / Admin → Flowers,,,
2024-12-12,2024,12,Bank of Marin,2024.xlsx Marin clean,Neve Bros,Neve Bros,-371.5,35,SBA / Admin,Business,11,Flowers,Business,YES,SBA / Admin → Flowers,,,
2025-11-07,2025,11,Capital One CC,2025 v3.xlsx,FLORAL SUPPLY SYND #1,FLORAL SUPPLY SYND #1,-376.0,14,Materials,Business,11,Flowers,Business,YES,Materials → Flowers,,,
2024-08-09,2024,8,Bank of Marin,2024.xlsx Marin clean,Neve Bros,Neve Bros,-380.0,35,SBA / Admin,Business,11,Flowers,Business,YES,SBA / Admin → Flowers,,,
2024-05-24,2024,5,Bank of Marin,2024.xlsx Marin clean,Neve Bros,Neve Bros,-380.5,35,SBA / Admin,Business,11,Flowers,Business,YES,SBA / Admin → Flowers,,,
2024-09-23,2024,9,Bank of Marin,2024.xlsx Marin clean,Neve Bros,Neve Bros,-384.0,35,SBA / Admin,Business,11,Flowers,Business,YES,SBA / Admin → Flowers,,,
2024-03-15,2024,3,Bank of Marin,2024.xlsx Marin clean,Neve Bros,Neve Bros,-384.38,35,SBA / Admin,Business,11,Flowers,Business,YES,SBA / Admin → Flowers,,,
2024-04-12,2024,4,Bank of Marin,2024.xlsx Marin clean,Neve Bros,Neve Bros,-384.38,35,SBA / Admin,Business,11,Flowers,Business,YES,SBA / Admin → Flowers,,,
2024-05-13,2024,5,Bank of Marin,2024.xlsx Marin clean,Neve Bros,Neve Bros,-384.38,35,SBA / Admin,Business,11,Flowers,Business,YES,SBA / Admin → Flowers,,,
2024-11-18,2024,11,Bank of Marin,2024.xlsx Marin clean,Torchio Nursery,Torchio Nursery Co Mpany,-388.5,14,Materials,Business,11,Flowers,Business,YES,Materials → Flowers,,,
2025-08-22,2025,8,Capital One CC,2025 v3.xlsx,FLORAL SUPPLY SYND #1,FLORAL SUPPLY SYND #1,-389.15,14,Materials,Business,11,Flowers,Business,YES,Materials → Flowers,,,
2024-06-14,2024,6,Bank of Marin,2024.xlsx Marin clean,Neve Bros,Neve Bros,-389.5,35,SBA / Admin,Business,11,Flowers,Business,YES,SBA / Admin → Flowers,,,
2024-03-22,2024,3,Bank of Marin,2024.xlsx Marin clean,Neve Bros,Neve Bros,-396.68,35,SBA / Admin,Business,11,Flowers,Business,YES,SBA / Admin → Flowers,,,
2024-08-02,2024,8,Bank of Marin,2024.xlsx Marin clean,Neve Bros,Neve Bros,-405.0,35,SBA / Admin,Business,11,Flowers,Business,YES,SBA / Admin → Flowers,,,
2024-12-16,2024,12,Bank of Marin,2024.xlsx Marin clean,Torchio Nursery,Torchio Nursery Co Mpany,-410.0,14,Materials,Business,11,Flowers,Business,YES,Materials → Flowers,,,
2024-06-26,2024,6,Bank of Marin,2024.xlsx Marin clean,Mayesh Wholesale Flowers,Mayesh San Francis Co,-411.06,42,Misc,Business,11,Flowers,Business,YES,Misc → Flowers,,,
2024-11-01,2024,11,Bank of Marin,2024.xlsx Marin clean,Neve Bros,Neve Bros,-415.0,35,SBA / Admin,Business,11,Flowers,Business,YES,SBA / Admin → Flowers,,,
2025-02-27,2025,2,Capital One CC,2025 v3.xlsx,WILLIAMS-SONOMA.COM,WILLIAMS-SONOMA.COM,-415.31,11,Flowers,Business,66,Clothing,Personal,YES,Flowers → Clothing,,,
2024-07-26,2024,7,Bank of Marin,2024.xlsx Marin clean,Neve Bros,Neve Bros,-425.0,35,SBA / Admin,Business,11,Flowers,Business,YES,SBA / Admin → Flowers,,,
2023-03-30,2023,3,Capital One CC,CC uploads,FARMERS INS COMMERCIAL,FARMERS INS COMMERCIAL,-428.0,42,Misc,Business,34,Insurance,Business,YES,Misc → Insurance,,,
2024-07-19,2024,7,Bank of Marin,2024.xlsx Marin clean,Neve Bros,Neve Bros,-435.5,35,SBA / Admin,Business,11,Flowers,Business,YES,SBA / Admin → Flowers,,,
2024-05-31,2024,5,Bank of Marin,2024.xlsx Marin clean,Neve Bros,Neve Bros,-439.5,35,SBA / Admin,Business,11,Flowers,Business,YES,SBA / Admin → Flowers,,,
2024-06-26,2024,6,Bank of Marin,2024.xlsx Marin clean,Torchio Nursery,Torchio Nursery Co Mpany,-444.0,42,Misc,Business,11,Flowers,Business,YES,Misc → Flowers,,,
2024-05-29,2024,5,Bank of Marin,2024.xlsx Marin clean,Volvo Car Finance,Volvo Car Fin Auto Finan,-450.32,44,Car,Business,64,Car (personal),Personal,YES,Car → Car (personal),,,
2024-06-20,2024,6,Bank of Marin,2024.xlsx Marin clean,Volvo Car Finance,Volvo Car Fin Auto Finan,-450.32,44,Car,Business,64,Car (personal),Personal,YES,Car → Car (personal),,,
2024-07-31,2024,7,Bank of Marin,2024.xlsx Marin clean,Volvo Car Finance,Volvo Car Fin Auto Finan,-450.32,44,Car,Business,64,Car (personal),Personal,YES,Car → Car (personal),,,
2024-09-03,2024,9,Bank of Marin,2024.xlsx Marin clean,Volvo Car Finance,Volvo Car Fin Auto Finan,-450.32,44,Car,Business,64,Car (personal),Personal,YES,Car → Car (personal),,,
2024-09-26,2024,9,Bank of Marin,2024.xlsx Marin clean,Volvo Car Finance,Volvo Car Fin Auto Finan,-450.32,44,Car,Business,64,Car (personal),Personal,YES,Car → Car (personal),,,
2024-11-05,2024,11,Bank of Marin,2024.xlsx Marin clean,Volvo Car Finance,Volvo Car Fin Auto Finan,-450.32,44,Car,Business,64,Car (personal),Personal,YES,Car → Car (personal),,,
2024-12-03,2024,12,Bank of Marin,2024.xlsx Marin clean,Volvo Car Finance,Volvo Car Fin Auto Finan,-450.32,44,Car,Business,64,Car (personal),Personal,YES,Car → Car (personal),,,
2025-01-03,2025,1,Bank of Marin,2025 v3.xlsx,Volvo Car Finance,Volvo Car Fin Auto Finan,-450.32,44,Car,Business,64,Car (personal),Personal,YES,Car → Car (personal),,,
2025-08-04,2025,8,Bank of Marin,2025 v3.xlsx,Depop,Depop,-450.84,15,Merchandise,Business,66,Clothing,Personal,YES,Merchandise → Clothing,,,
2025-06-23,2025,6,Capital One CC,2025 v3.xlsx,CARE BY ME USA FAIRE,CARE BY ME USA FAIRE,-474.5,15,Merchandise,Business,11,Flowers,Business,YES,Merchandise → Flowers,,,
2024-06-07,2024,6,Bank of Marin,2024.xlsx Marin clean,Neve Bros,Neve Bros,-482.5,35,SBA / Admin,Business,11,Flowers,Business,YES,SBA / Admin → Flowers,,,
2025-05-07,2025,5,Capital One CC,2025 v3.xlsx,MT. EDEN FLORAL COMPAN,MT. EDEN FLORAL COMPAN,-494.1,11,Flowers,Business,15,Merchandise,Business,YES,Flowers → Merchandise,,,
2024-09-06,2024,9,Bank of Marin,2024.xlsx Marin clean,Neve Bros,Neve Bros,-497.0,35,SBA / Admin,Business,11,Flowers,Business,YES,SBA / Admin → Flowers,,,
2024-10-18,2024,10,Bank of Marin,2024.xlsx Marin clean,Neve Bros,Neve Bros,-497.0,35,SBA / Admin,Business,11,Flowers,Business,YES,SBA / Admin → Flowers,,,
2024-05-03,2024,5,Bank of Marin,2024.xlsx Marin clean,Neve Bros,Neve Bros,-497.13,35,SBA / Admin,Business,11,Flowers,Business,YES,SBA / Admin → Flowers,,,
2024-10-11,2024,10,Bank of Marin,2024.xlsx Marin clean,Neve Bros,Neve Bros,-501.0,35,SBA / Admin,Business,11,Flowers,Business,YES,SBA / Admin → Flowers,,,
2024-11-08,2024,11,Bank of Marin,2024.xlsx Marin clean,Neve Bros,Neve Bros,-510.0,35,SBA / Admin,Business,11,Flowers,Business,YES,SBA / Admin → Flowers,,,
2024-03-29,2024,3,Bank of Marin,2024.xlsx Marin clean,Neve Bros,Neve Bros,-512.5,35,SBA / Admin,Business,11,Flowers,Business,YES,SBA / Admin → Flowers,,,
2025-06-02,2025,6,Bank of Marin,2025 v3.xlsx,City of Alameda,City of Alameda,-524.0,31,Car (shop),Business,33,Utilities,Business,YES,Car (shop) → Utilities,,,
2024-07-17,2024,7,Bank of Marin,2024.xlsx Marin clean,Torchio Nursery,Torchio Nursery Co Mpany,-528.5,14,Materials,Business,11,Flowers,Business,YES,Materials → Flowers,,,
2026-03-10,2026,3,Capital One CC,CC uploads,FARMERS INS COMMERCIAL,FARMERS INS COMMERCIAL,-533.0,42,Misc,Business,34,Insurance,Business,YES,Misc → Insurance,,,
2024-05-29,2024,5,Bank of Marin,2024.xlsx Marin clean,Torchio Nursery,Torchio Nursery Co Mpany,-533.5,42,Misc,Business,11,Flowers,Business,YES,Misc → Flowers,,,
2025-05-02,2025,5,Capital One CC,2025 v3.xlsx,FLORAL SUPPLY SYND #1,FLORAL SUPPLY SYND #1,-538.9,14,Materials,Business,11,Flowers,Business,YES,Materials → Flowers,,,
2025-02-28,2025,2,Capital One CC,2025 v3.xlsx,FLORAL SUPPLY SYND #1,FLORAL SUPPLY SYND #1,-547.0,14,Materials,Business,11,Flowers,Business,YES,Materials → Flowers,,,
2024-09-30,2024,9,Bank of Marin,2024.xlsx Marin clean,Neve Bros,Neve Bros,-589.5,35,SBA / Admin,Business,11,Flowers,Business,YES,SBA / Admin → Flowers,,,
2024-06-21,2024,6,Bank of Marin,2024.xlsx Marin clean,Mayesh Wholesale Flowers,Mayesh San Francis Co,-593.64,42,Misc,Business,11,Flowers,Business,YES,Misc → Flowers,,,
2025-03-24,2025,3,Bank of Marin,2025 v3.xlsx,Transfer to Apple Pay,Transfer to Apple Pay,-600.0,22,Venmo,Business,71,Transfer (exclude),Exclude,YES,Venmo → Transfer (exclude),,,
2025-06-05,2025,6,Bank of Marin,2025 v3.xlsx,Miguel Flowers,Miguel Flowers San Franc Ca,-617.08,14,Materials,Business,11,Flowers,Business,YES,Materials → Flowers,,,
2025-06-10,2025,6,Capital One CC,2025 v3.xlsx,ANA KOUTSI FAIRE,ANA KOUTSI FAIRE,-630.0,15,Merchandise,Business,11,Flowers,Business,YES,Merchandise → Flowers,,,
2025-01-24,2025,1,Capital One CC,2025 v3.xlsx,FLORAL SUPPLY SYND #1,FLORAL SUPPLY SYND #1,-632.4,14,Materials,Business,11,Flowers,Business,YES,Materials → Flowers,,,
2024-04-26,2024,4,Bank of Marin,2024.xlsx Marin clean,Neve Bros,Neve Bros,-645.75,35,SBA / Admin,Business,11,Flowers,Business,YES,SBA / Admin → Flowers,,,
2024-12-18,2024,12,Bank of Marin,2024.xlsx Marin clean,Torchio Nursery,Torchio Nursery Co Mpany,-653.0,14,Materials,Business,11,Flowers,Business,YES,Materials → Flowers,,,
2024-05-29,2024,5,Bank of Marin,2024.xlsx Marin clean,Mayesh Wholesale Flowers,Mayesh San Francis Co,-665.04,42,Misc,Business,11,Flowers,Business,YES,Misc → Flowers,,,
2025-04-24,2025,4,Bank of Marin,2025 v3.xlsx,Miguel Flowers,Miguel Flowers San Franc Ca,-740.29,14,Materials,Business,11,Flowers,Business,YES,Materials → Flowers,,,
2025-02-26,2025,2,Bank of Marin,2025 v3.xlsx,Volvo Car Finance,Volvo Car Fin Auto Finan,-773.54,44,Car,Business,64,Car (personal),Personal,YES,Car → Car (personal),,,
2023-01-17,2023,1,Capital One CC,CC uploads,FARMERS INS BILLING,FARMERS INS BILLING,-961.5,42,Misc,Business,34,Insurance,Business,YES,Misc → Insurance,,,
2025-02-04,2025,2,Capital One CC,2025 v3.xlsx,SNOW.COM/VAIL RESORTS,SNOW.COM/VAIL RESORTS,-964.08,62,Amazon,Personal,65,Entertainment,Personal,YES,Amazon → Entertainment,,,
2024-04-19,2024,4,Bank of Marin,2024.xlsx Marin clean,Neve Bros,Neve Bros,-988.1,35,SBA / Admin,Business,11,Flowers,Business,YES,SBA / Admin → Flowers,,,
2025-04-14,2025,4,Bank of Marin,2025 v3.xlsx,Transfer to Apple Pay,Transfer to Apple Pay,-1000.0,22,Venmo,Business,71,Transfer (exclude),Exclude,YES,Venmo → Transfer (exclude),,,
2023-05-09,2023,5,Bank of Marin,BoM master,Check #1280 — PAYEE UNKNOWN,Return Item Deposit Check #1280,-1200.0,42,Misc,Business,11,Flowers,Business,YES,Misc → Flowers,,,
2024-05-10,2024,5,Bank of Marin,2024.xlsx Marin clean,Neve Bros,Neve Bros,-1242.3,35,SBA / Admin,Business,11,Flowers,Business,YES,SBA / Admin → Flowers,,,
2024-03-06,2024,3,Bank of Marin,2024.xlsx Marin clean,Check #5123 — PAYEE UNKNOWN,US Treasury Check #5123,-1305.0,12,Tax,Business,11,Flowers,Business,YES,Tax → Flowers,,,
2025-07-09,2025,7,Capital One CC,2025 v3.xlsx,INFINEON RACEWAY,INFINEON RACEWAY,-1320.0,62,Amazon,Personal,65,Entertainment,Personal,YES,Amazon → Entertainment,,,
2025-10-07,2025,10,Bank of Marin,2025 v3.xlsx,Check #2056 — PAYEE UNKNOWN,Check #2056,-1380.0,32,Rent (shop),Business,11,Flowers,Business,YES,Rent (shop) → Flowers,,,
2025-11-06,2025,11,Bank of Marin,2025 v3.xlsx,Check #2057 — PAYEE UNKNOWN,Check #2057,-1380.0,32,Rent (shop),Business,11,Flowers,Business,YES,Rent (shop) → Flowers,,,
2025-12-09,2025,12,Bank of Marin,2025 v3.xlsx,Check #2058 — PAYEE UNKNOWN,Check #2058,-1380.0,32,Rent (shop),Business,11,Flowers,Business,YES,Rent (shop) → Flowers,,,
2025-07-10,2025,7,Bank of Marin,2025 v3.xlsx,Check #5010 — PAYEE UNKNOWN,Check #5010,-1380.0,32,Rent (shop),Business,11,Flowers,Business,YES,Rent (shop) → Flowers,,,
2025-03-05,2025,3,Bank of Marin,2025 v3.xlsx,Check #5207 — PAYEE UNKNOWN,Check #5207,-1380.0,32,Rent (shop),Business,11,Flowers,Business,YES,Rent (shop) → Flowers,,,
2025-04-02,2025,4,Bank of Marin,2025 v3.xlsx,Check #5208 — PAYEE UNKNOWN,Check #5208,-1380.0,32,Rent (shop),Business,11,Flowers,Business,YES,Rent (shop) → Flowers,,,
2025-02-13,2025,2,Bank of Marin,2025 v3.xlsx,Check #5211 — PAYEE UNKNOWN,Check #5211,-1380.0,32,Rent (shop),Business,11,Flowers,Business,YES,Rent (shop) → Flowers,,,
2025-01-03,2025,1,Bank of Marin,2025 v3.xlsx,Check #5215 — PAYEE UNKNOWN,Check #5215,-1380.0,32,Rent (shop),Business,11,Flowers,Business,YES,Rent (shop) → Flowers,,,
2025-05-08,2025,5,Bank of Marin,2025 v3.xlsx,Check #5218 — PAYEE UNKNOWN,Check #5218,-1380.0,32,Rent (shop),Business,11,Flowers,Business,YES,Rent (shop) → Flowers,,,
2025-06-09,2025,6,Bank of Marin,2025 v3.xlsx,Check #5223 — PAYEE UNKNOWN,Check #5223,-1380.0,32,Rent (shop),Business,11,Flowers,Business,YES,Rent (shop) → Flowers,,,
2025-08-05,2025,8,Bank of Marin,2025 v3.xlsx,Check #5226 — PAYEE UNKNOWN,Check #5226,-1380.0,32,Rent (shop),Business,11,Flowers,Business,YES,Rent (shop) → Flowers,,,
2025-09-08,2025,9,Bank of Marin,2025 v3.xlsx,Check #5242 — PAYEE UNKNOWN,Check #5242,-1380.0,32,Rent (shop),Business,11,Flowers,Business,YES,Rent (shop) → Flowers,,,
2025-02-04,2025,2,Bank of Marin,2025 v3.xlsx,Volvo Car Finance,Volvo Car Fin Auto Finan,-1450.32,44,Car,Business,64,Car (personal),Personal,YES,Car → Car (personal),,,
2025-05-14,2025,5,Bank of Marin,2025 v3.xlsx,Venmo — RECIPIENT UNKNOWN,Transfer to Venmo,-2000.0,4,Other Income,Revenue,22,Venmo,Business,YES,Other Income → Venmo,,,
2023-01-17,2023,1,Capital One CC,CC uploads,CARIBEANTRAVEL,CARIBEANTRAVEL,-2120.0,42,Misc,Business,67,Travel,Personal,YES,Misc → Travel,,,
2023-10-03,2023,10,Bank of Marin,BoM master,Check #5095 — PAYEE UNKNOWN,Check #5095,-2249.67,11,Flowers,Business,51,House / Rent,Personal,YES,Flowers → House / Rent,,,
2023-09-06,2023,9,Bank of Marin,BoM master,Check #5085 — PAYEE UNKNOWN,Check #5085,-2249.67,11,Flowers,Business,51,House / Rent,Personal,YES,Flowers → House / Rent,,,
2023-08-02,2023,8,Bank of Marin,BoM master,Check #5047 — PAYEE UNKNOWN,Check #5047,-2249.67,11,Flowers,Business,51,House / Rent,Personal,YES,Flowers → House / Rent,,,
2023-12-05,2023,12,Bank of Marin,BoM master,Check #5103 — PAYEE UNKNOWN,Check #5103,-2382.0,11,Flowers,Business,51,House / Rent,Personal,YES,Flowers → House / Rent,,,
2023-11-02,2023,11,Bank of Marin,BoM master,Check #5153 — PAYEE UNKNOWN,Check #5153,-2382.0,11,Flowers,Business,51,House / Rent,Personal,YES,Flowers → House / Rent,,,
2023-11-24,2023,11,Capital One CC,CC uploads,FARMERS INS BILLING,FARMERS INS BILLING,-2404.76,42,Misc,Business,34,Insurance,Business,YES,Misc → Insurance,,,
2023-05-17,2023,5,Capital One CC,CC uploads,FARMERS INS BILLING,FARMERS INS BILLING,-2431.44,42,Misc,Business,34,Insurance,Business,YES,Misc → Insurance,,,
2025-12-29,2025,12,Capital One CC,2025 v3.xlsx,SNOW.COM/VAIL RESORTS,SNOW.COM/VAIL RESORTS,-4105.92,62,Amazon,Personal,65,Entertainment,Personal,YES,Amazon → Entertainment,,,
2023-04-07,2023,4,Bank of Marin,BoM master,Square,Square,18958.48,1,Square,Revenue,1,Square,Revenue,,,,,
2023-11-08,2023,11,Bank of Marin,BoM master,Square,Square,18834.72,1,Square,Revenue,1,Square,Revenue,,,,,
2024-04-18,2024,4,Bank of Marin,2024.xlsx Marin clean,Square,Square,6665.14,1,Square,Revenue,1,Square,Revenue,,,,,
2025-02-18,2025,2,Bank of Marin,2025 v3.xlsx,Square,Square,6252.66,1,Square,Revenue,1,Square,Revenue,,,,,
2024-02-15,2024,2,Bank of Marin,2024.xlsx Marin clean,Square,Square,6109.52,1,Square,Revenue,1,Square,Revenue,,,,,
2026-05-11,2026,5,Bank of Marin,BoM master,Square,Square,5422.36,1,Square,Revenue,1,Square,Revenue,,,,,
2025-05-12,2025,5,Bank of Marin,2025 v3.xlsx,Square,Square,4891.75,1,Square,Revenue,1,Square,Revenue,,,,,
2024-05-13,2024,5,Bank of Marin,2024.xlsx Marin clean,Square,Square,4710.21,1,Square,Revenue,1,Square,Revenue,,,,,
2026-02-17,2026,2,Bank of Marin,BoM master,Square,Square,4676.9,1,Square,Revenue,1,Square,Revenue,,,,,
2023-02-15,2023,2,Bank of Marin,BoM master,Stripe,Stripe,4483.76,2,Stripe,Revenue,2,Stripe,Revenue,,,,,
2026-02-17,2026,2,Bank of Marin,BoM master,Stripe,Stripe,4319.43,2,Stripe,Revenue,2,Stripe,Revenue,,,,,
2024-02-14,2024,2,Bank of Marin,2024.xlsx Marin clean,Stripe,Stripe,4146.18,2,Stripe,Revenue,2,Stripe,Revenue,,,,,
2023-02-15,2023,2,Bank of Marin,BoM master,Square,Square,4043.69,1,Square,Revenue,1,Square,Revenue,,,,,
2025-05-12,2025,5,Bank of Marin,2025 v3.xlsx,Square,Square,3958.08,1,Square,Revenue,1,Square,Revenue,,,,,
2026-05-11,2026,5,Bank of Marin,BoM master,Stripe,Stripe,3897.97,2,Stripe,Revenue,2,Stripe,Revenue,,,,,
2026-05-11,2026,5,Bank of Marin,BoM master,Square,Square,3775.89,1,Square,Revenue,1,Square,Revenue,,,,,
2026-02-17,2026,2,Bank of Marin,BoM master,Square,Square,3590.31,1,Square,Revenue,1,Square,Revenue,,,,,
2026-02-13,2026,2,Bank of Marin,BoM master,Stripe,Stripe,3516.29,2,Stripe,Revenue,2,Stripe,Revenue,,,,,
2026-05-06,2026,5,Bank of Marin,BoM master,Stripe,Stripe,3503.39,2,Stripe,Revenue,2,Stripe,Revenue,,,,,
2024-02-14,2024,2,Bank of Marin,2024.xlsx Marin clean,Square,Square,3491.21,1,Square,Revenue,1,Square,Revenue,,,,,
2023-08-22,2023,8,Bank of Marin,BoM master,Mobile Deposit,Mobile Deposit,3490.0,3,Deposits,Revenue,3,Deposits,Revenue,,,,,
2026-05-11,2026,5,Bank of Marin,BoM master,Square,Square,2982.91,1,Square,Revenue,1,Square,Revenue,,,,,
2023-06-12,2023,6,Bank of Marin,BoM master,Square,Square,2891.0,1,Square,Revenue,1,Square,Revenue,,,,,
2024-05-14,2024,5,Bank of Marin,2024.xlsx Marin clean,Stripe,Stripe,2816.83,2,Stripe,Revenue,2,Stripe,Revenue,,,,,
2023-05-16,2023,5,Bank of Marin,BoM master,Stripe,Stripe,2804.18,2,Stripe,Revenue,2,Stripe,Revenue,,,,,
2026-02-12,2026,2,Bank of Marin,BoM master,Stripe,Stripe,2778.25,2,Stripe,Revenue,2,Stripe,Revenue,,,,,
2023-05-15,2023,5,Bank of Marin,BoM master,Square,Square,2669.54,1,Square,Revenue,1,Square,Revenue,,,,,
2023-05-11,2023,5,Bank of Marin,BoM master,Stripe,Stripe,2654.36,2,Stripe,Revenue,2,Stripe,Revenue,,,,,
2026-01-26,2026,1,Bank of Marin,BoM master,Square,Square,2639.22,1,Square,Revenue,1,Square,Revenue,,,,,
2026-05-08,2026,5,Bank of Marin,BoM master,Stripe,Stripe,2622.0,2,Stripe,Revenue,2,Stripe,Revenue,,,,,
2023-05-10,2023,5,Bank of Marin,BoM master,Stripe,Stripe,2616.4,2,Stripe,Revenue,2,Stripe,Revenue,,,,,
2023-06-13,2023,6,Bank of Marin,BoM master,Mobile Deposit,Mobile Deposit,2569.4,3,Deposits,Revenue,3,Deposits,Revenue,,,,,
2024-05-13,2024,5,Bank of Marin,2024.xlsx Marin clean,Square,Square,2565.75,1,Square,Revenue,1,Square,Revenue,,,,,
2023-05-15,2023,5,Bank of Marin,BoM master,Stripe,Stripe,2544.2,2,Stripe,Revenue,2,Stripe,Revenue,,,,,
2025-05-12,2025,5,Bank of Marin,2025 v3.xlsx,Square,Square,2461.15,1,Square,Revenue,1,Square,Revenue,,,,,
2025-05-13,2025,5,Bank of Marin,2025 v3.xlsx,Stripe,Stripe,2402.47,2,Stripe,Revenue,2,Stripe,Revenue,,,,,
2023-05-15,2023,5,Bank of Marin,BoM master,Square,Square,2395.59,1,Square,Revenue,1,Square,Revenue,,,,,
2025-05-09,2025,5,Bank of Marin,2025 v3.xlsx,Stripe,Stripe,2387.75,2,Stripe,Revenue,2,Stripe,Revenue,,,,,
2024-06-05,2024,6,Bank of Marin,2024.xlsx Marin clean,Mobile Deposit,Mobile Deposit,2377.77,3,Deposits,Revenue,3,Deposits,Revenue,,,,,
2025-02-13,2025,2,Bank of Marin,2025 v3.xlsx,Stripe,Stripe,2356.01,2,Stripe,Revenue,2,Stripe,Revenue,,,,,
2025-05-12,2025,5,Bank of Marin,2025 v3.xlsx,Stripe,Stripe,2341.09,2,Stripe,Revenue,2,Stripe,Revenue,,,,,
2024-05-10,2024,5,Bank of Marin,2024.xlsx Marin clean,Stripe,Stripe,2315.68,2,Stripe,Revenue,2,Stripe,Revenue,,,,,
2024-12-26,2024,12,Bank of Marin,2024.xlsx Marin clean,Stripe,Stripe,2310.08,2,Stripe,Revenue,2,Stripe,Revenue,,,,,
2024-05-09,2024,5,Bank of Marin,2024.xlsx Marin clean,Stripe,Stripe,2293.87,2,Stripe,Revenue,2,Stripe,Revenue,,,,,
2024-05-13,2024,5,Bank of Marin,2024.xlsx Marin clean,Stripe,Stripe,2280.95,2,Stripe,Revenue,2,Stripe,Revenue,,,,,
2024-11-07,2024,11,Bank of Marin,2024.xlsx Marin clean,Mobile Deposit,Mobile Deposit,2256.98,3,Deposits,Revenue,3,Deposits,Revenue,,,,,
2026-05-07,2026,5,Bank of Marin,BoM master,Stripe,Stripe,2250.54,2,Stripe,Revenue,2,Stripe,Revenue,,,,,
2023-02-08,2023,2,Bank of Marin,BoM master,Stripe,Stripe,2243.12,2,Stripe,Revenue,2,Stripe,Revenue,,,,,
2025-05-07,2025,5,Bank of Marin,2025 v3.xlsx,Stripe,Stripe,2223.35,2,Stripe,Revenue,2,Stripe,Revenue,,,,,
2025-02-14,2025,2,Bank of Marin,2025 v3.xlsx,Stripe,Stripe,2180.41,2,Stripe,Revenue,2,Stripe,Revenue,,,,,
2025-02-12,2025,2,Bank of Marin,2025 v3.xlsx,Stripe,Stripe,2159.13,2,Stripe,Revenue,2,Stripe,Revenue,,,,,
2026-05-12,2026,5,Bank of Marin,BoM master,Stripe,Stripe,2137.67,2,Stripe,Revenue,2,Stripe,Revenue,,,,,
2024-05-08,2024,5,Bank of Marin,2024.xlsx Marin clean,Stripe,Stripe,2134.55,2,Stripe,Revenue,2,Stripe,Revenue,,,,,
2024-06-07,2024,6,Bank of Marin,2024.xlsx Marin clean,Square,Square,2120.3,1,Square,Revenue,1,Square,Revenue,,,,,
2023-02-14,2023,2,Bank of Marin,BoM master,Square,Square,2071.72,1,Square,Revenue,1,Square,Revenue,,,,,
2023-05-15,2023,5,Bank of Marin,BoM master,Deposit,Deposit,1951.04,3,Deposits,Revenue,3,Deposits,Revenue,,,,,
2024-06-12,2024,6,Bank of Marin,2024.xlsx Marin clean,Square,Square,1924.17,1,Square,Revenue,1,Square,Revenue,,,,,
2023-04-24,2023,4,Bank of Marin,BoM master,Square,Square,1896.05,1,Square,Revenue,1,Square,Revenue,,,,,
2023-06-05,2023,6,Bank of Marin,BoM master,Square,Square,1869.39,1,Square,Revenue,1,Square,Revenue,,,,,
2023-02-14,2023,2,Bank of Marin,BoM master,Stripe,Stripe,1867.05,2,Stripe,Revenue,2,Stripe,Revenue,,,,,
2023-08-03,2023,8,Bank of Marin,BoM master,Deposit,Deposit,1861.64,3,Deposits,Revenue,3,Deposits,Revenue,,,,,
2026-02-11,2026,2,Bank of Marin,BoM master,Stripe,Stripe,1857.46,2,Stripe,Revenue,2,Stripe,Revenue,,,,,
2025-03-06,2025,3,Bank of Marin,2025 v3.xlsx,Mobile Deposit,Mobile Deposit,1854.78,3,Deposits,Revenue,3,Deposits,Revenue,,,,,
2026-03-10,2026,3,Bank of Marin,BoM master,Stripe,Stripe,1841.6,2,Stripe,Revenue,2,Stripe,Revenue,,,,,
2025-05-09,2025,5,Bank of Marin,2025 v3.xlsx,Square,Square,1835.38,1,Square,Revenue,1,Square,Revenue,,,,,
2023-05-15,2023,5,Bank of Marin,BoM master,Square,Square,1830.71,1,Square,Revenue,1,Square,Revenue,,,,,
2024-02-12,2024,2,Bank of Marin,2024.xlsx Marin clean,Stripe,Stripe,1786.61,2,Stripe,Revenue,2,Stripe,Revenue,,,,,
2023-12-04,2023,12,Bank of Marin,BoM master,Mobile Deposit,Mobile Deposit,1760.92,3,Deposits,Revenue,3,Deposits,Revenue,,,,,
2026-02-09,2026,2,Bank of Marin,BoM master,Square,Square,1744.55,1,Square,Revenue,1,Square,Revenue,,,,,
2025-02-14,2025,2,Bank of Marin,2025 v3.xlsx,Square,Square,1706.79,1,Square,Revenue,1,Square,Revenue,,,,,
2023-11-28,2023,11,Bank of Marin,BoM master,Mobile Deposit,Mobile Deposit,1696.0,3,Deposits,Revenue,3,Deposits,Revenue,,,,,
2024-05-13,2024,5,Bank of Marin,2024.xlsx Marin clean,Square,Square,1685.85,1,Square,Revenue,1,Square,Revenue,,,,,
2025-01-16,2025,1,Bank of Marin,2025 v3.xlsx,Square,Square,1677.95,1,Square,Revenue,1,Square,Revenue,,,,,
2024-02-07,2024,2,Bank of Marin,2024.xlsx Marin clean,Square,Square,1664.39,1,Square,Revenue,1,Square,Revenue,,,,,
2024-11-22,2024,11,Bank of Marin,2024.xlsx Marin clean,Mobile Deposit,Mobile Deposit,1639.1,3,Deposits,Revenue,3,Deposits,Revenue,,,,,
2025-09-03,2025,9,Bank of Marin,2025 v3.xlsx,Square,Square,1625.02,1,Square,Revenue,1,Square,Revenue,,,,,
2024-12-04,2024,12,Bank of Marin,2024.xlsx Marin clean,Square,Square,1598.95,1,Square,Revenue,1,Square,Revenue,,,,,
2024-02-15,2024,2,Bank of Marin,2024.xlsx Marin clean,Stripe,Stripe,1582.17,2,Stripe,Revenue,2,Stripe,Revenue,,,,,
2025-05-08,2025,5,Bank of Marin,2025 v3.xlsx,Stripe,Stripe,1581.48,2,Stripe,Revenue,2,Stripe,Revenue,,,,,
2025-12-24,2025,12,Bank of Marin,2025 v3.xlsx,Stripe,Stripe,1561.61,2,Stripe,Revenue,2,Stripe,Revenue,,,,,
2024-05-28,2024,5,Bank of Marin,2024.xlsx Marin clean,Mobile Deposit,Mobile Deposit,1560.0,3,Deposits,Revenue,3,Deposits,Revenue,,,,,
2023-05-03,2023,5,Bank of Marin,BoM master,Stripe,Stripe,1554.48,2,Stripe,Revenue,2,Stripe,Revenue,,,,,
2023-05-01,2023,5,Bank of Marin,BoM master,Square,Square,1540.68,1,Square,Revenue,1,Square,Revenue,,,,,
2024-01-08,2024,1,Bank of Marin,2024.xlsx Marin clean,Stripe,Stripe,1515.97,2,Stripe,Revenue,2,Stripe,Revenue,,,,,
2025-02-18,2025,2,Bank of Marin,2025 v3.xlsx,Stripe,Stripe,1496.55,2,Stripe,Revenue,2,Stripe,Revenue,,,,,
2026-02-09,2026,2,Bank of Marin,BoM master,Stripe,Stripe,1496.5,2,Stripe,Revenue,2,Stripe,Revenue,,,,,
2023-05-30,2023,5,Bank of Marin,BoM master,Square,Square,1485.43,1,Square,Revenue,1,Square,Revenue,,,,,
2023-02-06,2023,2,Bank of Marin,BoM master,Square,Square,1481.36,1,Square,Revenue,1,Square,Revenue,,,,,
2023-09-13,2023,9,Bank of Marin,BoM master,Stripe,Stripe,1477.42,2,Stripe,Revenue,2,Stripe,Revenue,,,,,
2024-02-12,2024,2,Bank of Marin,2024.xlsx Marin clean,Square,Square,1476.51,1,Square,Revenue,1,Square,Revenue,,,,,
2023-02-15,2023,2,Bank of Marin,BoM master,Mobile Deposit,Mobile Deposit,1452.0,3,Deposits,Revenue,3,Deposits,Revenue,,,,,
2023-02-13,2023,2,Bank of Marin,BoM master,Square,Square,1451.87,1,Square,Revenue,1,Square,Revenue,,,,,
2023-03-06,2023,3,Bank of Marin,BoM master,Square,Square,1436.87,1,Square,Revenue,1,Square,Revenue,,,,,
2025-11-24,2025,11,Bank of Marin,2025 v3.xlsx,Square,Square,1412.1,1,Square,Revenue,1,Square,Revenue,,,,,
2026-02-13,2026,2,Bank of Marin,BoM master,Square,Square,1410.18,1,Square,Revenue,1,Square,Revenue,,,,,
2023-04-10,2023,4,Bank of Marin,BoM master,Square,Square,1408.66,1,Square,Revenue,1,Square,Revenue,,,,,
2025-06-04,2025,6,Bank of Marin,2025 v3.xlsx,Square,Square,1397.5,1,Square,Revenue,1,Square,Revenue,,,,,
2025-04-21,2025,4,Bank of Marin,2025 v3.xlsx,Square,Square,1390.74,1,Square,Revenue,1,Square,Revenue,,,,,
2023-09-28,2023,9,Bank of Marin,BoM master,Square,Square,1381.46,1,Square,Revenue,1,Square,Revenue,,,,,
2023-11-22,2023,11,Bank of Marin,BoM master,Square,Square,1364.01,1,Square,Revenue,1,Square,Revenue,,,,,
2023-08-28,2023,8,Bank of Marin,BoM master,Mobile Deposit,Mobile Deposit,1362.0,3,Deposits,Revenue,3,Deposits,Revenue,,,,,
2023-05-12,2023,5,Bank of Marin,BoM master,Stripe,Stripe,1360.27,2,Stripe,Revenue,2,Stripe,Revenue,,,,,
2024-12-09,2024,12,Bank of Marin,2024.xlsx Marin clean,Square,Square,1345.95,1,Square,Revenue,1,Square,Revenue,,,,,
2026-02-04,2026,2,Bank of Marin,BoM master,Stripe,Stripe,1344.44,2,Stripe,Revenue,2,Stripe,Revenue,,,,,
2023-11-24,2023,11,Bank of Marin,BoM master,Square,Square,1335.1,1,Square,Revenue,1,Square,Revenue,,,,,
2025-02-13,2025,2,Bank of Marin,2025 v3.xlsx,Square,Square,1328.64,1,Square,Revenue,1,Square,Revenue,,,,,
2026-06-02,2026,6,Bank of Marin,BoM master,Stripe,Stripe,1325.78,2,Stripe,Revenue,2,Stripe,Revenue,,,,,
2024-04-01,2024,4,Bank of Marin,2024.xlsx Marin clean,Square,Square,1325.17,1,Square,Revenue,1,Square,Revenue,,,,,
2025-04-17,2025,4,Bank of Marin,2025 v3.xlsx,Square,Square,1324.32,1,Square,Revenue,1,Square,Revenue,,,,,
2024-10-17,2024,10,Bank of Marin,2024.xlsx Marin clean,Stripe,Stripe,1304.84,2,Stripe,Revenue,2,Stripe,Revenue,,,,,
2023-05-01,2023,5,Bank of Marin,BoM master,Stripe,Stripe,1303.39,2,Stripe,Revenue,2,Stripe,Revenue,,,,,
2023-02-09,2023,2,Bank of Marin,BoM master,Stripe,Stripe,1301.42,2,Stripe,Revenue,2,Stripe,Revenue,,,,,
2023-06-13,2023,6,Bank of Marin,BoM master,Mobile Deposit,Mobile Deposit,1301.31,3,Deposits,Revenue,3,Deposits,Revenue,,,,,
2024-08-21,2024,8,Bank of Marin,2024.xlsx Marin clean,Stripe,Stripe,1298.56,2,Stripe,Revenue,2,Stripe,Revenue,,,,,
2024-11-29,2024,11,Bank of Marin,2024.xlsx Marin clean,Square,Square,1295.65,1,Square,Revenue,1,Square,Revenue,,,,,
2026-02-04,2026,2,Bank of Marin,BoM master,Square,Square,1290.8,1,Square,Revenue,1,Square,Revenue,,,,,
2023-05-05,2023,5,Bank of Marin,BoM master,Stripe,Stripe,1288.68,2,Stripe,Revenue,2,Stripe,Revenue,,,,,
2023-09-05,2023,9,Bank of Marin,BoM master,Square,Square,1283.11,1,Square,Revenue,1,Square,Revenue,,,,,
2023-05-22,2023,5,Bank of Marin,BoM master,Square,Square,1258.5,1,Square,Revenue,1,Square,Revenue,,,,,
2025-11-26,2025,11,Bank of Marin,2025 v3.xlsx,Square,Square,1253.52,1,Square,Revenue,1,Square,Revenue,,,,,
2024-05-09,2024,5,Bank of Marin,2024.xlsx Marin clean,Square,Square,1249.89,1,Square,Revenue,1,Square,Revenue,,,,,
2026-02-02,2026,2,Bank of Marin,BoM master,Stripe,Stripe,1246.39,2,Stripe,Revenue,2,Stripe,Revenue,,,,,
2025-12-08,2025,12,Bank of Marin,2025 v3.xlsx,Square,Square,1241.05,1,Square,Revenue,1,Square,Revenue,,,,,
2023-09-18,2023,9,Bank of Marin,BoM master,Square,Square,1229.21,1,Square,Revenue,1,Square,Revenue,,,,,
2026-04-14,2026,4,Bank of Marin,BoM master,Stripe,Stripe,1227.73,2,Stripe,Revenue,2,Stripe,Revenue,,,,,
2025-12-26,2025,12,Bank of Marin,2025 v3.xlsx,Square,Square,1204.74,1,Square,Revenue,1,Square,Revenue,,,,,
2024-12-12,2024,12,Bank of Marin,2024.xlsx Marin clean,Square,Square,1203.26,1,Square,Revenue,1,Square,Revenue,,,,,
2023-02-27,2023,2,Bank of Marin,BoM master,Square,Square,1201.85,1,Square,Revenue,1,Square,Revenue,,,,,
2024-09-17,2024,9,Bank of Marin,2024.xlsx Marin clean,Mobile Deposit,Mobile Deposit,1201.64,3,Deposits,Revenue,3,Deposits,Revenue,,,,,
2023-02-10,2023,2,Bank of Marin,BoM master,Square,Square,1200.99,1,Square,Revenue,1,Square,Revenue,,,,,
2023-05-05,2023,5,Bank of Marin,BoM master,Mobile Deposit,Mobile Deposit,1200.0,3,Deposits,Revenue,3,Deposits,Revenue,,,,,
2025-08-22,2025,8,Bank of Marin,2025 v3.xlsx,Square,Square,1198.56,1,Square,Revenue,1,Square,Revenue,,,,,
2023-04-11,2023,4,Bank of Marin,BoM master,Mobile Deposit,Mobile Deposit,1193.88,3,Deposits,Revenue,3,Deposits,Revenue,,,,,
2026-06-08,2026,6,Bank of Marin,BoM master,Square,Square,1193.31,1,Square,Revenue,1,Square,Revenue,,,,,
2023-02-01,2023,2,Bank of Marin,BoM master,Square,Square,1190.06,1,Square,Revenue,1,Square,Revenue,,,,,
2026-02-10,2026,2,Bank of Marin,BoM master,Stripe,Stripe,1188.32,2,Stripe,Revenue,2,Stripe,Revenue,,,,,
2023-05-12,2023,5,Bank of Marin,BoM master,Square,Square,1187.66,1,Square,Revenue,1,Square,Revenue,,,,,
2023-08-24,2023,8,Bank of Marin,BoM master,Square,Square,1182.24,1,Square,Revenue,1,Square,Revenue,,,,,
2023-09-11,2023,9,Bank of Marin,BoM master,Square,Square,1177.08,1,Square,Revenue,1,Square,Revenue,,,,,
2024-03-11,2024,3,Bank of Marin,2024.xlsx Marin clean,Square,Square,1175.06,1,Square,Revenue,1,Square,Revenue,,,,,
2026-04-06,2026,4,Bank of Marin,BoM master,Square,Square,1169.52,1,Square,Revenue,1,Square,Revenue,,,,,
2023-06-16,2023,6,Bank of Marin,BoM master,Square,Square,1169.35,1,Square,Revenue,1,Square,Revenue,,,,,
2025-12-17,2025,12,Bank of Marin,2025 v3.xlsx,Square,Square,1163.57,1,Square,Revenue,1,Square,Revenue,,,,,
2025-10-06,2025,10,Bank of Marin,2025 v3.xlsx,Square,Square,1162.94,1,Square,Revenue,1,Square,Revenue,,,,,
2024-05-07,2024,5,Bank of Marin,2024.xlsx Marin clean,Stripe,Stripe,1162.0,2,Stripe,Revenue,2,Stripe,Revenue,,,,,
2025-08-18,2025,8,Bank of Marin,2025 v3.xlsx,Square,Square,1159.61,1,Square,Revenue,1,Square,Revenue,,,,,
2026-03-05,2026,3,Bank of Marin,BoM master,Stripe,Stripe,1156.72,2,Stripe,Revenue,2,Stripe,Revenue,,,,,
2025-12-24,2025,12,Bank of Marin,2025 v3.xlsx,Square,Square,1144.02,1,Square,Revenue,1,Square,Revenue,,,,,
2023-04-05,2023,4,Bank of Marin,BoM master,Stripe,Stripe,1142.01,2,Stripe,Revenue,2,Stripe,Revenue,,,,,
2023-02-23,2023,2,Bank of Marin,BoM master,Stripe,Stripe,1141.6,2,Stripe,Revenue,2,Stripe,Revenue,,,,,
2024-02-07,2024,2,Bank of Marin,2024.xlsx Marin clean,Stripe,Stripe,1140.79,2,Stripe,Revenue,2,Stripe,Revenue,,,,,
2023-05-04,2023,5,Bank of Marin,BoM master,Stripe,Stripe,1134.07,2,Stripe,Revenue,2,Stripe,Revenue,,,,,
2023-03-22,2023,3,Bank of Marin,BoM master,Square,Square,1132.09,1,Square,Revenue,1,Square,Revenue,,,,,
2024-02-13,2024,2,Bank of Marin,2024.xlsx Marin clean,Stripe,Stripe,1128.25,2,Stripe,Revenue,2,Stripe,Revenue,,,,,
2023-10-16,2023,10,Bank of Marin,BoM master,Square,Square,1127.39,1,Square,Revenue,1,Square,Revenue,,,,,
2024-07-29,2024,7,Bank of Marin,2024.xlsx Marin clean,Square,Square,1120.81,1,Square,Revenue,1,Square,Revenue,,,,,
2024-10-30,2024,10,Bank of Marin,2024.xlsx Marin clean,Square,Square,1114.47,1,Square,Revenue,1,Square,Revenue,,,,,
2026-05-29,2026,5,Bank of Marin,BoM master,Square,Square,1110.2,1,Square,Revenue,1,Square,Revenue,,,,,
2024-10-08,2024,10,Bank of Marin,2024.xlsx Marin clean,Mobile Deposit,Mobile Deposit,1110.0,3,Deposits,Revenue,3,Deposits,Revenue,,,,,
2025-04-23,2025,4,Bank of Marin,2025 v3.xlsx,Square,Square,1108.88,1,Square,Revenue,1,Square,Revenue,,,,,
2025-03-31,2025,3,Bank of Marin,2025 v3.xlsx,Square,Square,1108.01,1,Square,Revenue,1,Square,Revenue,,,,,
2024-05-30,2024,5,Bank of Marin,2024.xlsx Marin clean,Square,Square,1103.3,1,Square,Revenue,1,Square,Revenue,,,,,
2024-06-10,2024,6,Bank of Marin,2024.xlsx Marin clean,Square,Square,1102.72,1,Square,Revenue,1,Square,Revenue,,,,,
2025-06-09,2025,6,Bank of Marin,2025 v3.xlsx,Square,Square,1100.74,1,Square,Revenue,1,Square,Revenue,,,,,
2025-01-08,2025,1,Bank of Marin,2025 v3.xlsx,Square,Square,1099.31,1,Square,Revenue,1,Square,Revenue,,,,,
2024-04-01,2024,4,Bank of Marin,2024.xlsx Marin clean,Square,Square,1099.13,1,Square,Revenue,1,Square,Revenue,,,,,
2023-11-08,2023,11,Bank of Marin,BoM master,Square,Square,1098.67,1,Square,Revenue,1,Square,Revenue,,,,,
2024-05-28,2024,5,Bank of Marin,2024.xlsx Marin clean,Square,Square,1098.41,1,Square,Revenue,1,Square,Revenue,,,,,
2023-03-20,2023,3,Bank of Marin,BoM master,Square,Square,1095.87,1,Square,Revenue,1,Square,Revenue,,,,,
2024-09-11,2024,9,Bank of Marin,2024.xlsx Marin clean,Square,Square,1095.75,1,Square,Revenue,1,Square,Revenue,,,,,
2024-05-15,2024,5,Bank of Marin,2024.xlsx Marin clean,Stripe,Stripe,1087.94,2,Stripe,Revenue,2,Stripe,Revenue,,,,,
2024-05-06,2024,5,Bank of Marin,2024.xlsx Marin clean,Square,Square,1087.48,1,Square,Revenue,1,Square,Revenue,,,,,
2025-08-25,2025,8,Bank of Marin,2025 v3.xlsx,Square,Square,1086.05,1,Square,Revenue,1,Square,Revenue,,,,,
2024-02-26,2024,2,Bank of Marin,2024.xlsx Marin clean,Square,Square,1083.01,1,Square,Revenue,1,Square,Revenue,,,,,
2023-05-05,2023,5,Bank of Marin,BoM master,Square,Square,1082.08,1,Square,Revenue,1,Square,Revenue,,,,,
2026-01-09,2026,1,Bank of Marin,BoM master,Square,Square,1077.0,1,Square,Revenue,1,Square,Revenue,,,,,
2024-03-21,2024,3,Bank of Marin,2024.xlsx Marin clean,Square,Square,1076.04,1,Square,Revenue,1,Square,Revenue,,,,,
2025-01-21,2025,1,Bank of Marin,2025 v3.xlsx,Square,Square,1072.02,1,Square,Revenue,1,Square,Revenue,,,,,
2023-08-21,2023,8,Bank of Marin,BoM master,Square,Square,1071.5,1,Square,Revenue,1,Square,Revenue,,,,,
2025-05-19,2025,5,Bank of Marin,2025 v3.xlsx,Square,Square,1070.8,1,Square,Revenue,1,Square,Revenue,,,,,
2024-09-04,2024,9,Bank of Marin,2024.xlsx Marin clean,Square,Square,1069.32,1,Square,Revenue,1,Square,Revenue,,,,,
2025-11-19,2025,11,Bank of Marin,2025 v3.xlsx,Stripe,Stripe,1069.26,2,Stripe,Revenue,2,Stripe,Revenue,,,,,
2026-05-13,2026,5,Bank of Marin,BoM master,Stripe,Stripe,1061.65,2,Stripe,Revenue,2,Stripe,Revenue,,,,,
2024-09-18,2024,9,Bank of Marin,2024.xlsx Marin clean,Stripe,Stripe,1058.37,2,Stripe,Revenue,2,Stripe,Revenue,,,,,
2026-02-19,2026,2,Bank of Marin,BoM master,Square,Square,1052.46,1,Square,Revenue,1,Square,Revenue,,,,,
2023-05-10,2023,5,Bank of Marin,BoM master,Square,Square,1052.23,1,Square,Revenue,1,Square,Revenue,,,,,
2024-05-22,2024,5,Bank of Marin,2024.xlsx Marin clean,Square,Square,1050.4,1,Square,Revenue,1,Square,Revenue,,,,,
2024-03-29,2024,3,Bank of Marin,2024.xlsx Marin clean,Mobile Deposit,Mobile Deposit,1050.0,3,Deposits,Revenue,3,Deposits,Revenue,,,,,
2026-05-08,2026,5,Bank of Marin,BoM master,Square,Square,1049.88,1,Square,Revenue,1,Square,Revenue,,,,,
2025-04-11,2025,4,Bank of Marin,2025 v3.xlsx,Square,Square,1048.28,1,Square,Revenue,1,Square,Revenue,,,,,
2023-04-03,2023,4,Bank of Marin,BoM master,Square,Square,1041.3,1,Square,Revenue,1,Square,Revenue,,,,,
2023-08-07,2023,8,Bank of Marin,BoM master,Square,Square,1040.74,1,Square,Revenue,1,Square,Revenue,,,,,
2023-05-19,2023,5,Bank of Marin,BoM master,Square,Square,1036.38,1,Square,Revenue,1,Square,Revenue,,,,,
2025-03-11,2025,3,Bank of Marin,2025 v3.xlsx,Stripe,Stripe,1034.99,2,Stripe,Revenue,2,Stripe,Revenue,,,,,
2026-01-26,2026,1,Bank of Marin,BoM master,Square,Square,1032.29,1,Square,Revenue,1,Square,Revenue,,,,,
2026-04-06,2026,4,Bank of Marin,BoM master,Stripe,Stripe,1031.3,2,Stripe,Revenue,2,Stripe,Revenue,,,,,
2024-12-16,2024,12,Bank of Marin,2024.xlsx Marin clean,Square,Square,1025.33,1,Square,Revenue,1,Square,Revenue,,,,,
2025-05-01,2025,5,Bank of Marin,2025 v3.xlsx,Stripe,Stripe,1024.32,2,Stripe,Revenue,2,Stripe,Revenue,,,,,
2026-07-01,2026,7,Bank of Marin,BoM master,Square,Square,1017.65,1,Square,Revenue,1,Square,Revenue,,,,,
2026-05-06,2026,5,Bank of Marin,BoM master,Square,Square,1016.4,1,Square,Revenue,1,Square,Revenue,,,,,
2025-06-02,2025,6,Bank of Marin,2025 v3.xlsx,Stripe,Stripe,1014.74,2,Stripe,Revenue,2,Stripe,Revenue,,,,,
2023-06-08,2023,6,Bank of Marin,BoM master,Square,Square,1012.72,1,Square,Revenue,1,Square,Revenue,,,,,
2024-09-16,2024,9,Bank of Marin,2024.xlsx Marin clean,Square,Square,1011.04,1,Square,Revenue,1,Square,Revenue,,,,,
2024-12-23,2024,12,Bank of Marin,2024.xlsx Marin clean,Square,Square,1009.28,1,Square,Revenue,1,Square,Revenue,,,,,
2023-02-13,2023,2,Bank of Marin,BoM master,Stripe,Stripe,1005.66,2,Stripe,Revenue,2,Stripe,Revenue,,,,,
2023-03-24,2023,3,Bank of Marin,BoM master,Square,Square,1003.29,1,Square,Revenue,1,Square,Revenue,,,,,
2024-01-31,2024,1,Bank of Marin,2024.xlsx Marin clean,Square,Square,996.79,1,Square,Revenue,1,Square,Revenue,,,,,
2023-03-15,2023,3,Bank of Marin,BoM master,Stripe,Stripe,992.87,2,Stripe,Revenue,2,Stripe,Revenue,,,,,
2026-05-04,2026,5,Bank of Marin,BoM master,Stripe,Stripe,991.28,2,Stripe,Revenue,2,Stripe,Revenue,,,,,
2025-06-06,2025,6,Bank of Marin,2025 v3.xlsx,Square,Square,991.13,1,Square,Revenue,1,Square,Revenue,,,,,
2024-02-13,2024,2,Bank of Marin,2024.xlsx Marin clean,Mobile Deposit,Mobile Deposit,990.0,3,Deposits,Revenue,3,Deposits,Revenue,,,,,
2024-05-23,2024,5,Bank of Marin,2024.xlsx Marin clean,Square,Square,988.88,1,Square,Revenue,1,Square,Revenue,,,,,
2026-03-25,2026,3,Bank of Marin,BoM master,Stripe,Stripe,987.56,2,Stripe,Revenue,2,Stripe,Revenue,,,,,
2023-03-02,2023,3,Bank of Marin,BoM master,Square,Square,987.5,1,Square,Revenue,1,Square,Revenue,,,,,
2024-07-22,2024,7,Bank of Marin,2024.xlsx Marin clean,Square,Square,986.13,1,Square,Revenue,1,Square,Revenue,,,,,
2023-01-05,2023,1,Bank of Marin,BoM master,Stripe,Stripe,985.91,2,Stripe,Revenue,2,Stripe,Revenue,,,,,
2025-01-16,2025,1,Bank of Marin,2025 v3.xlsx,Stripe,Stripe,985.8,2,Stripe,Revenue,2,Stripe,Revenue,,,,,
2025-08-04,2025,8,Bank of Marin,2025 v3.xlsx,Square,Square,984.19,1,Square,Revenue,1,Square,Revenue,,,,,
2023-12-11,2023,12,Bank of Marin,BoM master,Square,Square,980.11,1,Square,Revenue,1,Square,Revenue,,,,,
2023-06-09,2023,6,Bank of Marin,BoM master,Square,Square,979.05,1,Square,Revenue,1,Square,Revenue,,,,,
2024-05-10,2024,5,Bank of Marin,2024.xlsx Marin clean,Square,Square,975.18,1,Square,Revenue,1,Square,Revenue,,,,,
2024-02-16,2024,2,Bank of Marin,2024.xlsx Marin clean,Square,Square,973.88,1,Square,Revenue,1,Square,Revenue,,,,,
2023-08-02,2023,8,Bank of Marin,BoM master,Square,Square,973.32,1,Square,Revenue,1,Square,Revenue,,,,,
2024-02-09,2024,2,Bank of Marin,2024.xlsx Marin clean,Stripe,Stripe,969.33,2,Stripe,Revenue,2,Stripe,Revenue,,,,,
2023-07-12,2023,7,Bank of Marin,BoM master,Square,Square,967.92,1,Square,Revenue,1,Square,Revenue,,,,,
2024-12-11,2024,12,Bank of Marin,2024.xlsx Marin clean,Square,Square,964.7,1,Square,Revenue,1,Square,Revenue,,,,,
2024-09-30,2024,9,Bank of Marin,2024.xlsx Marin clean,Square,Square,964.62,1,Square,Revenue,1,Square,Revenue,,,,,
2025-05-29,2025,5,Bank of Marin,2025 v3.xlsx,Square,Square,964.53,1,Square,Revenue,1,Square,Revenue,,,,,
2023-10-02,2023,10,Bank of Marin,BoM master,Square,Square,963.27,1,Square,Revenue,1,Square,Revenue,,,,,
2025-12-19,2025,12,Bank of Marin,2025 v3.xlsx,Square,Square,957.53,1,Square,Revenue,1,Square,Revenue,,,,,
2025-12-11,2025,12,Bank of Marin,2025 v3.xlsx,Stripe,Stripe,957.46,2,Stripe,Revenue,2,Stripe,Revenue,,,,,
2024-03-26,2024,3,Bank of Marin,2024.xlsx Marin clean,Stripe,Stripe,956.77,2,Stripe,Revenue,2,Stripe,Revenue,,,,,
2025-09-24,2025,9,Bank of Marin,2025 v3.xlsx,Stripe,Stripe,953.66,2,Stripe,Revenue,2,Stripe,Revenue,,,,,
2023-01-04,2023,1,Bank of Marin,BoM master,Square,Square,948.5,1,Square,Revenue,1,Square,Revenue,,,,,
2026-02-11,2026,2,Bank of Marin,BoM master,Square,Square,945.2,1,Square,Revenue,1,Square,Revenue,,,,,
2024-05-16,2024,5,Bank of Marin,2024.xlsx Marin clean,Square,Square,944.99,1,Square,Revenue,1,Square,Revenue,,,,,
2026-01-21,2026,1,Bank of Marin,BoM master,Square,Square,944.69,1,Square,Revenue,1,Square,Revenue,,,,,
2025-02-07,2025,2,Bank of Marin,2025 v3.xlsx,Stripe,Stripe,938.88,2,Stripe,Revenue,2,Stripe,Revenue,,,,,
2023-04-10,2023,4,Bank of Marin,BoM master,Square,Square,937.91,1,Square,Revenue,1,Square,Revenue,,,,,
2025-02-06,2025,2,Bank of Marin,2025 v3.xlsx,Square,Square,932.14,1,Square,Revenue,1,Square,Revenue,,,,,
2026-03-24,2026,3,Bank of Marin,BoM master,Mobile Deposit,Mobile Deposit,930.3,3,Deposits,Revenue,3,Deposits,Revenue,,,,,
2026-02-09,2026,2,Bank of Marin,BoM master,Mobile Deposit,Mobile Deposit,930.3,3,Deposits,Revenue,3,Deposits,Revenue,,,,,
2023-05-08,2023,5,Bank of Marin,BoM master,Square,Square,927.73,1,Square,Revenue,1,Square,Revenue,,,,,
2023-02-02,2023,2,Bank of Marin,BoM master,Square,Square,925.05,1,Square,Revenue,1,Square,Revenue,,,,,
2026-02-02,2026,2,Bank of Marin,BoM master,Square,Square,924.93,1,Square,Revenue,1,Square,Revenue,,,,,
2026-03-30,2026,3,Bank of Marin,BoM master,Square,Square,924.45,1,Square,Revenue,1,Square,Revenue,,,,,
2025-10-22,2025,10,Bank of Marin,2025 v3.xlsx,Square,Square,917.52,1,Square,Revenue,1,Square,Revenue,,,,,
2023-07-06,2023,7,Bank of Marin,BoM master,Square,Square,916.04,1,Square,Revenue,1,Square,Revenue,,,,,
2024-10-01,2024,10,Bank of Marin,2024.xlsx Marin clean,Stripe,Stripe,914.37,2,Stripe,Revenue,2,Stripe,Revenue,,,,,
2024-10-28,2024,10,Bank of Marin,2024.xlsx Marin clean,Square,Square,912.04,1,Square,Revenue,1,Square,Revenue,,,,,
2024-05-03,2024,5,Bank of Marin,2024.xlsx Marin clean,Stripe,Stripe,910.67,2,Stripe,Revenue,2,Stripe,Revenue,,,,,
2024-07-11,2024,7,Bank of Marin,2024.xlsx Marin clean,Square,Square,909.46,1,Square,Revenue,1,Square,Revenue,,,,,
2024-05-01,2024,5,Bank of Marin,2024.xlsx Marin clean,Stripe,Stripe,906.91,2,Stripe,Revenue,2,Stripe,Revenue,,,,,
2025-01-15,2025,1,Bank of Marin,2025 v3.xlsx,Square,Square,906.74,1,Square,Revenue,1,Square,Revenue,,,,,
2025-03-26,2025,3,Bank of Marin,2025 v3.xlsx,Square,Square,904.63,1,Square,Revenue,1,Square,Revenue,,,,,
2023-11-13,2023,11,Bank of Marin,BoM master,Square,Square,902.73,1,Square,Revenue,1,Square,Revenue,,,,,
2025-02-12,2025,2,Bank of Marin,2025 v3.xlsx,Square,Square,900.68,1,Square,Revenue,1,Square,Revenue,,,,,
2026-05-26,2026,5,Bank of Marin,BoM master,Mobile Deposit,Mobile Deposit,900.0,3,Deposits,Revenue,3,Deposits,Revenue,,,,,
2026-01-20,2026,1,Bank of Marin,BoM master,Square,Square,899.08,1,Square,Revenue,1,Square,Revenue,,,,,
2025-10-01,2025,10,Bank of Marin,2025 v3.xlsx,Square,Square,897.55,1,Square,Revenue,1,Square,Revenue,,,,,
2025-11-28,2025,11,Bank of Marin,2025 v3.xlsx,Square,Square,897.35,1,Square,Revenue,1,Square,Revenue,,,,,
2026-04-30,2026,4,Bank of Marin,BoM master,Square,Square,895.16,1,Square,Revenue,1,Square,Revenue,,,,,
2024-05-02,2024,5,Bank of Marin,2024.xlsx Marin clean,Square,Square,894.5,1,Square,Revenue,1,Square,Revenue,,,,,
2025-03-03,2025,3,Bank of Marin,2025 v3.xlsx,Square,Square,892.75,1,Square,Revenue,1,Square,Revenue,,,,,
2024-02-09,2024,2,Bank of Marin,2024.xlsx Marin clean,Square,Square,890.61,1,Square,Revenue,1,Square,Revenue,,,,,
2023-05-03,2023,5,Bank of Marin,BoM master,Square,Square,890.52,1,Square,Revenue,1,Square,Revenue,,,,,
2024-02-29,2024,2,Bank of Marin,2024.xlsx Marin clean,Square,Square,887.59,1,Square,Revenue,1,Square,Revenue,,,,,
2023-04-07,2023,4,Bank of Marin,BoM master,Stripe,Stripe,887.42,2,Stripe,Revenue,2,Stripe,Revenue,,,,,
2024-11-14,2024,11,Bank of Marin,2024.xlsx Marin clean,Stripe,Stripe,887.17,2,Stripe,Revenue,2,Stripe,Revenue,,,,,
2024-02-08,2024,2,Bank of Marin,2024.xlsx Marin clean,Square,Square,886.96,1,Square,Revenue,1,Square,Revenue,,,,,
2025-10-17,2025,10,Bank of Marin,2025 v3.xlsx,Stripe,Stripe,886.02,2,Stripe,Revenue,2,Stripe,Revenue,,,,,
2026-03-23,2026,3,Bank of Marin,BoM master,Square,Square,884.56,1,Square,Revenue,1,Square,Revenue,,,,,
2025-01-23,2025,1,Bank of Marin,2025 v3.xlsx,Stripe,Stripe,883.31,2,Stripe,Revenue,2,Stripe,Revenue,,,,,
2025-05-19,2025,5,Bank of Marin,2025 v3.xlsx,Square,Square,881.84,1,Square,Revenue,1,Square,Revenue,,,,,
2024-10-24,2024,10,Bank of Marin,2024.xlsx Marin clean,Square,Square,881.24,1,Square,Revenue,1,Square,Revenue,,,,,
2026-05-22,2026,5,Bank of Marin,BoM master,Square,Square,880.44,1,Square,Revenue,1,Square,Revenue,,,,,
2023-05-02,2023,5,Bank of Marin,BoM master,Stripe,Stripe,879.5,2,Stripe,Revenue,2,Stripe,Revenue,,,,,
2025-05-07,2025,5,Bank of Marin,2025 v3.xlsx,Square,Square,878.06,1,Square,Revenue,1,Square,Revenue,,,,,
2023-06-07,2023,6,Bank of Marin,BoM master,Square,Square,876.87,1,Square,Revenue,1,Square,Revenue,,,,,
2023-04-06,2023,4,Bank of Marin,BoM master,Square,Square,876.24,1,Square,Revenue,1,Square,Revenue,,,,,
2025-03-06,2025,3,Bank of Marin,2025 v3.xlsx,Mobile Deposit,Mobile Deposit,875.22,3,Deposits,Revenue,3,Deposits,Revenue,,,,,
2026-06-04,2026,6,Bank of Marin,BoM master,Stripe,Stripe,874.95,2,Stripe,Revenue,2,Stripe,Revenue,,,,,
2023-09-01,2023,9,Bank of Marin,BoM master,Mobile Deposit,Mobile Deposit,874.19,3,Deposits,Revenue,3,Deposits,Revenue,,,,,
2024-11-12,2024,11,Bank of Marin,2024.xlsx Marin clean,Square,Square,872.49,1,Square,Revenue,1,Square,Revenue,,,,,
2023-06-20,2023,6,Bank of Marin,BoM master,Square,Square,870.84,1,Square,Revenue,1,Square,Revenue,,,,,
2025-09-22,2025,9,Bank of Marin,2025 v3.xlsx,Stripe,Stripe,870.81,2,Stripe,Revenue,2,Stripe,Revenue,,,,,
2024-07-22,2024,7,Bank of Marin,2024.xlsx Marin clean,Mobile Deposit,Mobile Deposit,870.0,3,Deposits,Revenue,3,Deposits,Revenue,,,,,
2023-02-06,2023,2,Bank of Marin,BoM master,Stripe,Stripe,869.91,2,Stripe,Revenue,2,Stripe,Revenue,,,,,
2025-04-14,2025,4,Bank of Marin,2025 v3.xlsx,Square,Square,869.71,1,Square,Revenue,1,Square,Revenue,,,,,
2024-06-06,2024,6,Bank of Marin,2024.xlsx Marin clean,Square,Square,868.71,1,Square,Revenue,1,Square,Revenue,,,,,
2024-06-03,2024,6,Bank of Marin,2024.xlsx Marin clean,Square,Square,866.25,1,Square,Revenue,1,Square,Revenue,,,,,
2024-05-22,2024,5,Bank of Marin,2024.xlsx Marin clean,Stripe,Stripe,864.52,2,Stripe,Revenue,2,Stripe,Revenue,,,,,
2024-06-14,2024,6,Bank of Marin,2024.xlsx Marin clean,Square,Square,862.32,1,Square,Revenue,1,Square,Revenue,,,,,
2024-11-18,2024,11,Bank of Marin,2024.xlsx Marin clean,Square,Square,859.95,1,Square,Revenue,1,Square,Revenue,,,,,
2023-03-03,2023,3,Bank of Marin,BoM master,Square,Square,859.54,1,Square,Revenue,1,Square,Revenue,,,,,
2023-07-10,2023,7,Bank of Marin,BoM master,Mobile Deposit,Mobile Deposit,859.42,3,Deposits,Revenue,3,Deposits,Revenue,,,,,
2025-03-19,2025,3,Bank of Marin,2025 v3.xlsx,Stripe,Stripe,856.11,2,Stripe,Revenue,2,Stripe,Revenue,,,,,
2025-02-05,2025,2,Bank of Marin,2025 v3.xlsx,Stripe,Stripe,854.64,2,Stripe,Revenue,2,Stripe,Revenue,,,,,
2026-07-08,2026,7,Bank of Marin,BoM master,Square,Square,854.35,1,Square,Revenue,1,Square,Revenue,,,,,
2023-03-13,2023,3,Bank of Marin,BoM master,Square,Square,852.46,1,Square,Revenue,1,Square,Revenue,,,,,
2023-04-21,2023,4,Bank of Marin,BoM master,Square,Square,851.29,1,Square,Revenue,1,Square,Revenue,,,,,
2025-09-15,2025,9,Bank of Marin,2025 v3.xlsx,Square,Square,851.25,1,Square,Revenue,1,Square,Revenue,,,,,
2025-09-11,2025,9,Bank of Marin,2025 v3.xlsx,Stripe,Stripe,849.55,2,Stripe,Revenue,2,Stripe,Revenue,,,,,
2026-03-09,2026,3,Bank of Marin,BoM master,Square,Square,848.01,1,Square,Revenue,1,Square,Revenue,,,,,
2026-03-04,2026,3,Bank of Marin,BoM master,Square,Square,846.2,1,Square,Revenue,1,Square,Revenue,,,,,
2025-08-18,2025,8,Bank of Marin,2025 v3.xlsx,ATM Deposit,ATM Deposit,840.0,3,Deposits,Revenue,3,Deposits,Revenue,,,,,
2025-07-01,2025,7,Bank of Marin,2025 v3.xlsx,Mobile Deposit,Mobile Deposit,840.0,3,Deposits,Revenue,3,Deposits,Revenue,,,,,
2023-06-21,2023,6,Bank of Marin,BoM master,Square,Square,839.84,1,Square,Revenue,1,Square,Revenue,,,,,
2023-07-17,2023,7,Bank of Marin,BoM master,Square,Square,839.62,1,Square,Revenue,1,Square,Revenue,,,,,
2023-05-24,2023,5,Bank of Marin,BoM master,Square,Square,837.59,1,Square,Revenue,1,Square,Revenue,,,,,
2025-06-26,2025,6,Bank of Marin,2025 v3.xlsx,Square,Square,836.62,1,Square,Revenue,1,Square,Revenue,,,,,
2026-02-18,2026,2,Bank of Marin,BoM master,Stripe,Stripe,835.61,2,Stripe,Revenue,2,Stripe,Revenue,,,,,
2024-05-06,2024,5,Bank of Marin,2024.xlsx Marin clean,Stripe,Stripe,834.32,2,Stripe,Revenue,2,Stripe,Revenue,,,,,
2023-04-27,2023,4,Bank of Marin,BoM master,Stripe,Stripe,833.4,2,Stripe,Revenue,2,Stripe,Revenue,,,,,
2025-09-26,2025,9,Bank of Marin,2025 v3.xlsx,Square,Square,832.63,1,Square,Revenue,1,Square,Revenue,,,,,
2026-04-13,2026,4,Bank of Marin,BoM master,Square,Square,830.34,1,Square,Revenue,1,Square,Revenue,,,,,
2024-03-08,2024,3,Bank of Marin,2024.xlsx Marin clean,Square,Square,829.99,1,Square,Revenue,1,Square,Revenue,,,,,
2025-02-10,2025,2,Bank of Marin,2025 v3.xlsx,Square,Square,829.44,1,Square,Revenue,1,Square,Revenue,,,,,
2026-07-08,2026,7,Bank of Marin,BoM master,Stripe,Stripe,828.17,2,Stripe,Revenue,2,Stripe,Revenue,,,,,
2024-01-29,2024,1,Bank of Marin,2024.xlsx Marin clean,Square,Square,826.26,1,Square,Revenue,1,Square,Revenue,,,,,
2025-03-07,2025,3,Bank of Marin,2025 v3.xlsx,Mobile Deposit,Mobile Deposit,825.0,3,Deposits,Revenue,3,Deposits,Revenue,,,,,
2023-06-13,2023,6,Bank of Marin,BoM master,Mobile Deposit,Mobile Deposit,825.0,3,Deposits,Revenue,3,Deposits,Revenue,,,,,
2023-03-30,2023,3,Bank of Marin,BoM master,Square,Square,824.56,1,Square,Revenue,1,Square,Revenue,,,,,
2024-08-02,2024,8,Bank of Marin,2024.xlsx Marin clean,Square,Square,822.88,1,Square,Revenue,1,Square,Revenue,,,,,
2024-02-28,2024,2,Bank of Marin,2024.xlsx Marin clean,Square,Square,822.56,1,Square,Revenue,1,Square,Revenue,,,,,
2023-10-05,2023,10,Bank of Marin,BoM master,Square,Square,822.35,1,Square,Revenue,1,Square,Revenue,,,,,
2024-11-14,2024,11,Bank of Marin,2024.xlsx Marin clean,Square,Square,821.64,1,Square,Revenue,1,Square,Revenue,,,,,
2025-06-02,2025,6,Bank of Marin,2025 v3.xlsx,Square,Square,821.52,1,Square,Revenue,1,Square,Revenue,,,,,
2025-06-16,2025,6,Bank of Marin,2025 v3.xlsx,Square,Square,820.66,1,Square,Revenue,1,Square,Revenue,,,,,
2025-11-14,2025,11,Bank of Marin,2025 v3.xlsx,Square,Square,820.08,1,Square,Revenue,1,Square,Revenue,,,,,
2025-12-15,2025,12,Bank of Marin,2025 v3.xlsx,Square,Square,816.68,1,Square,Revenue,1,Square,Revenue,,,,,
2023-04-18,2023,4,Bank of Marin,BoM master,Stripe,Stripe,814.17,2,Stripe,Revenue,2,Stripe,Revenue,,,,,
2025-03-24,2025,3,Bank of Marin,2025 v3.xlsx,Square,Square,813.54,1,Square,Revenue,1,Square,Revenue,,,,,
2025-10-16,2025,10,Bank of Marin,2025 v3.xlsx,Stripe,Stripe,813.37,2,Stripe,Revenue,2,Stripe,Revenue,,,,,
2026-01-09,2026,1,Bank of Marin,BoM master,Stripe,Stripe,813.03,2,Stripe,Revenue,2,Stripe,Revenue,,,,,
2023-10-26,2023,10,Bank of Marin,BoM master,Stripe,Stripe,811.68,2,Stripe,Revenue,2,Stripe,Revenue,,,,,
2023-03-09,2023,3,Bank of Marin,BoM master,Square,Square,811.55,1,Square,Revenue,1,Square,Revenue,,,,,
2023-06-05,2023,6,Bank of Marin,BoM master,Stripe,Stripe,811.21,2,Stripe,Revenue,2,Stripe,Revenue,,,,,
2024-07-18,2024,7,Bank of Marin,2024.xlsx Marin clean,Square,Square,810.54,1,Square,Revenue,1,Square,Revenue,,,,,
2023-05-09,2023,5,Bank of Marin,BoM master,Stripe,Stripe,810.45,2,Stripe,Revenue,2,Stripe,Revenue,,,,,
2024-03-12,2024,3,Bank of Marin,2024.xlsx Marin clean,Mobile Deposit,Mobile Deposit,808.96,3,Deposits,Revenue,3,Deposits,Revenue,,,,,
2025-05-08,2025,5,Bank of Marin,2025 v3.xlsx,Square,Square,807.33,1,Square,Revenue,1,Square,Revenue,,,,,
2024-10-04,2024,10,Bank of Marin,2024.xlsx Marin clean,Square,Square,807.31,1,Square,Revenue,1,Square,Revenue,,,,,
2024-04-26,2024,4,Bank of Marin,2024.xlsx Marin clean,Square,Square,806.93,1,Square,Revenue,1,Square,Revenue,,,,,
2025-04-07,2025,4,Bank of Marin,2025 v3.xlsx,Square,Square,803.01,1,Square,Revenue,1,Square,Revenue,,,,,
2023-10-23,2023,10,Bank of Marin,BoM master,Square,Square,802.66,1,Square,Revenue,1,Square,Revenue,,,,,
2023-05-17,2023,5,Bank of Marin,BoM master,Square,Square,802.27,1,Square,Revenue,1,Square,Revenue,,,,,
2023-10-10,2023,10,Bank of Marin,BoM master,Square,Square,801.56,1,Square,Revenue,1,Square,Revenue,,,,,
2024-10-10,2024,10,Bank of Marin,2024.xlsx Marin clean,Stripe,Stripe,801.16,2,Stripe,Revenue,2,Stripe,Revenue,,,,,
2024-02-05,2024,2,Bank of Marin,2024.xlsx Marin clean,Square,Square,797.29,1,Square,Revenue,1,Square,Revenue,,,,,
2026-06-05,2026,6,Bank of Marin,BoM master,Square,Square,796.77,1,Square,Revenue,1,Square,Revenue,,,,,
2026-07-06,2026,7,Bank of Marin,BoM master,Square,Square,795.83,1,Square,Revenue,1,Square,Revenue,,,,,
2025-07-31,2025,7,Bank of Marin,2025 v3.xlsx,Square,Square,795.29,1,Square,Revenue,1,Square,Revenue,,,,,
2024-07-24,2024,7,Bank of Marin,2024.xlsx Marin clean,Square,Square,794.55,1,Square,Revenue,1,Square,Revenue,,,,,
2026-05-04,2026,5,Bank of Marin,BoM master,Square,Square,792.36,1,Square,Revenue,1,Square,Revenue,,,,,
2024-01-24,2024,1,Bank of Marin,2024.xlsx Marin clean,Stripe,Stripe,791.59,2,Stripe,Revenue,2,Stripe,Revenue,,,,,
2026-04-29,2026,4,Bank of Marin,BoM master,Square,Square,789.4,1,Square,Revenue,1,Square,Revenue,,,,,
2026-07-23,2026,7,Bank of Marin,BoM master,Square,Square,788.62,1,Square,Revenue,1,Square,Revenue,,,,,
2026-07-22,2026,7,Bank of Marin,BoM master,Stripe,Stripe,788.03,2,Stripe,Revenue,2,Stripe,Revenue,,,,,
2025-05-16,2025,5,Bank of Marin,2025 v3.xlsx,Square,Square,785.69,1,Square,Revenue,1,Square,Revenue,,,,,
2023-04-24,2023,4,Bank of Marin,BoM master,Square,Square,784.9,1,Square,Revenue,1,Square,Revenue,,,,,
2023-09-07,2023,9,Bank of Marin,BoM master,Square,Square,783.23,1,Square,Revenue,1,Square,Revenue,,,,,
2024-04-05,2024,4,Bank of Marin,2024.xlsx Marin clean,Square,Square,782.4,1,Square,Revenue,1,Square,Revenue,,,,,
2023-12-07,2023,12,Bank of Marin,BoM master,Stripe,Stripe,780.86,2,Stripe,Revenue,2,Stripe,Revenue,,,,,
2025-11-21,2025,11,Bank of Marin,2025 v3.xlsx,Stripe,Stripe,780.12,2,Stripe,Revenue,2,Stripe,Revenue,,,,,
2024-11-18,2024,11,Bank of Marin,2024.xlsx Marin clean,Mobile Deposit,Mobile Deposit,780.0,3,Deposits,Revenue,3,Deposits,Revenue,,,,,
2025-02-26,2025,2,Bank of Marin,2025 v3.xlsx,Square,Square,779.89,1,Square,Revenue,1,Square,Revenue,,,,,
2025-10-08,2025,10,Bank of Marin,2025 v3.xlsx,Square,Square,779.6,1,Square,Revenue,1,Square,Revenue,,,,,
2025-03-05,2025,3,Bank of Marin,2025 v3.xlsx,Stripe,Stripe,778.77,2,Stripe,Revenue,2,Stripe,Revenue,,,,,
2024-04-08,2024,4,Bank of Marin,2024.xlsx Marin clean,Square,Square,777.83,1,Square,Revenue,1,Square,Revenue,,,,,
2023-09-21,2023,9,Bank of Marin,BoM master,Square,Square,777.44,1,Square,Revenue,1,Square,Revenue,,,,,
2025-07-14,2025,7,Bank of Marin,2025 v3.xlsx,Square,Square,776.62,1,Square,Revenue,1,Square,Revenue,,,,,
2025-06-27,2025,6,Bank of Marin,2025 v3.xlsx,Square,Square,776.21,1,Square,Revenue,1,Square,Revenue,,,,,
2024-10-09,2024,10,Bank of Marin,2024.xlsx Marin clean,Square,Square,773.89,1,Square,Revenue,1,Square,Revenue,,,,,
2023-04-17,2023,4,Bank of Marin,BoM master,Square,Square,773.45,1,Square,Revenue,1,Square,Revenue,,,,,
2025-08-25,2025,8,Bank of Marin,2025 v3.xlsx,Square,Square,772.39,1,Square,Revenue,1,Square,Revenue,,,,,
2025-06-23,2025,6,Bank of Marin,2025 v3.xlsx,Square,Square,771.29,1,Square,Revenue,1,Square,Revenue,,,,,
2024-05-08,2024,5,Bank of Marin,2024.xlsx Marin clean,Square,Square,769.59,1,Square,Revenue,1,Square,Revenue,,,,,
2024-11-27,2024,11,Bank of Marin,2024.xlsx Marin clean,Square,Square,767.22,1,Square,Revenue,1,Square,Revenue,,,,,
2023-08-28,2023,8,Bank of Marin,BoM master,Square,Square,767.15,1,Square,Revenue,1,Square,Revenue,,,,,
2026-06-11,2026,6,Bank of Marin,BoM master,Square,Square,767.07,1,Square,Revenue,1,Square,Revenue,,,,,
2024-04-29,2024,4,Bank of Marin,2024.xlsx Marin clean,Square,Square,766.93,1,Square,Revenue,1,Square,Revenue,,,,,
2025-01-24,2025,1,Bank of Marin,2025 v3.xlsx,Square,Square,764.98,1,Square,Revenue,1,Square,Revenue,,,,,
2023-08-25,2023,8,Bank of Marin,BoM master,Stripe,Stripe,763.99,2,Stripe,Revenue,2,Stripe,Revenue,,,,,
2026-05-01,2026,5,Bank of Marin,BoM master,Square,Square,763.15,1,Square,Revenue,1,Square,Revenue,,,,,
2025-02-27,2025,2,Bank of Marin,2025 v3.xlsx,Square,Square,762.92,1,Square,Revenue,1,Square,Revenue,,,,,
2023-12-14,2023,12,Bank of Marin,BoM master,Square,Square,762.8,1,Square,Revenue,1,Square,Revenue,,,,,
2025-06-30,2025,6,Bank of Marin,2025 v3.xlsx,Square,Square,762.54,1,Square,Revenue,1,Square,Revenue,,,,,
2024-09-19,2024,9,Bank of Marin,2024.xlsx Marin clean,Square,Square,762.29,1,Square,Revenue,1,Square,Revenue,,,,,
2024-09-20,2024,9,Bank of Marin,2024.xlsx Marin clean,Square,Square,761.56,1,Square,Revenue,1,Square,Revenue,,,,,
2025-07-28,2025,7,Bank of Marin,2025 v3.xlsx,Square,Square,760.22,1,Square,Revenue,1,Square,Revenue,,,,,
2023-02-16,2023,2,Bank of Marin,BoM master,Square,Square,759.03,1,Square,Revenue,1,Square,Revenue,,,,,
2023-10-12,2023,10,Bank of Marin,BoM master,Stripe,Stripe,758.74,2,Stripe,Revenue,2,Stripe,Revenue,,,,,
2024-06-20,2024,6,Bank of Marin,2024.xlsx Marin clean,Square,Square,758.43,1,Square,Revenue,1,Square,Revenue,,,,,
2023-03-31,2023,3,Bank of Marin,BoM master,Square,Square,757.82,1,Square,Revenue,1,Square,Revenue,,,,,
2025-03-07,2025,3,Bank of Marin,2025 v3.xlsx,Square,Square,755.38,1,Square,Revenue,1,Square,Revenue,,,,,
2025-05-02,2025,5,Bank of Marin,2025 v3.xlsx,Square,Square,754.38,1,Square,Revenue,1,Square,Revenue,,,,,
2024-04-17,2024,4,Bank of Marin,2024.xlsx Marin clean,Square,Square,753.77,1,Square,Revenue,1,Square,Revenue,,,,,
2025-04-28,2025,4,Bank of Marin,2025 v3.xlsx,Square,Square,753.75,1,Square,Revenue,1,Square,Revenue,,,,,
2024-11-04,2024,11,Bank of Marin,2024.xlsx Marin clean,Square,Square,752.92,1,Square,Revenue,1,Square,Revenue,,,,,
2026-04-21,2026,4,Bank of Marin,BoM master,Stripe,Stripe,752.78,2,Stripe,Revenue,2,Stripe,Revenue,,,,,
2023-10-04,2023,10,Bank of Marin,BoM master,Square,Square,751.01,1,Square,Revenue,1,Square,Revenue,,,,,
2026-05-28,2026,5,Bank of Marin,BoM master,Stripe,Stripe,750.71,2,Stripe,Revenue,2,Stripe,Revenue,,,,,
2023-09-22,2023,9,Bank of Marin,BoM master,Mobile Deposit,Mobile Deposit,750.0,3,Deposits,Revenue,3,Deposits,Revenue,,,,,
2024-08-07,2024,8,Bank of Marin,2024.xlsx Marin clean,Square,Square,749.78,1,Square,Revenue,1,Square,Revenue,,,,,
2024-04-15,2024,4,Bank of Marin,2024.xlsx Marin clean,Square,Square,748.84,1,Square,Revenue,1,Square,Revenue,,,,,
2026-04-17,2026,4,Bank of Marin,BoM master,Stripe,Stripe,748.21,2,Stripe,Revenue,2,Stripe,Revenue,,,,,
2025-05-23,2025,5,Bank of Marin,2025 v3.xlsx,Square,Square,748.04,1,Square,Revenue,1,Square,Revenue,,,,,
2023-02-22,2023,2,Bank of Marin,BoM master,Square,Square,746.69,1,Square,Revenue,1,Square,Revenue,,,,,
2023-11-20,2023,11,Bank of Marin,BoM master,Stripe,Stripe,746.51,2,Stripe,Revenue,2,Stripe,Revenue,,,,,
2023-11-20,2023,11,Bank of Marin,BoM master,Square,Square,746.21,1,Square,Revenue,1,Square,Revenue,,,,,
2023-12-04,2023,12,Bank of Marin,BoM master,Square,Square,746.16,1,Square,Revenue,1,Square,Revenue,,,,,
2024-12-20,2024,12,Bank of Marin,2024.xlsx Marin clean,Square,Square,744.36,1,Square,Revenue,1,Square,Revenue,,,,,
2025-09-08,2025,9,Bank of Marin,2025 v3.xlsx,Square,Square,744.23,1,Square,Revenue,1,Square,Revenue,,,,,
2026-07-13,2026,7,Bank of Marin,BoM master,Square,Square,744.01,1,Square,Revenue,1,Square,Revenue,,,,,
2024-01-26,2024,1,Bank of Marin,2024.xlsx Marin clean,Stripe,Stripe,742.3,2,Stripe,Revenue,2,Stripe,Revenue,,,,,
2025-10-02,2025,10,Bank of Marin,2025 v3.xlsx,Stripe,Stripe,742.03,2,Stripe,Revenue,2,Stripe,Revenue,,,,,
2025-09-05,2025,9,Bank of Marin,2025 v3.xlsx,Square,Square,741.84,1,Square,Revenue,1,Square,Revenue,,,,,
2023-01-12,2023,1,Bank of Marin,BoM master,Square,Square,740.17,1,Square,Revenue,1,Square,Revenue,,,,,
2025-03-17,2025,3,Bank of Marin,2025 v3.xlsx,Square,Square,739.38,1,Square,Revenue,1,Square,Revenue,,,,,
2023-10-30,2023,10,Bank of Marin,BoM master,Square,Square,738.96,1,Square,Revenue,1,Square,Revenue,,,,,
2023-10-26,2023,10,Bank of Marin,BoM master,Square,Square,738.72,1,Square,Revenue,1,Square,Revenue,,,,,
2026-01-07,2026,1,Bank of Marin,BoM master,Square,Square,737.84,1,Square,Revenue,1,Square,Revenue,,,,,
2025-10-10,2025,10,Bank of Marin,2025 v3.xlsx,Square,Square,736.48,1,Square,Revenue,1,Square,Revenue,,,,,
2024-01-31,2024,1,Bank of Marin,2024.xlsx Marin clean,Stripe,Stripe,736.34,2,Stripe,Revenue,2,Stripe,Revenue,,,,,
2023-02-21,2023,2,Bank of Marin,BoM master,Square,Square,734.19,1,Square,Revenue,1,Square,Revenue,,,,,
2025-02-03,2025,2,Bank of Marin,2025 v3.xlsx,Square,Square,732.85,1,Square,Revenue,1,Square,Revenue,,,,,
2026-05-18,2026,5,Bank of Marin,BoM master,Stripe,Stripe,732.47,2,Stripe,Revenue,2,Stripe,Revenue,,,,,
2025-12-12,2025,12,Bank of Marin,2025 v3.xlsx,Square,Square,732.42,1,Square,Revenue,1,Square,Revenue,,,,,
2023-09-22,2023,9,Bank of Marin,BoM master,Stripe,Stripe,731.87,2,Stripe,Revenue,2,Stripe,Revenue,,,,,
2024-06-20,2024,6,Bank of Marin,2024.xlsx Marin clean,Stripe,Stripe,730.96,2,Stripe,Revenue,2,Stripe,Revenue,,,,,
2023-09-06,2023,9,Bank of Marin,BoM master,Stripe,Stripe,730.07,2,Stripe,Revenue,2,Stripe,Revenue,,,,,
2024-11-07,2024,11,Bank of Marin,2024.xlsx Marin clean,Square,Square,729.14,1,Square,Revenue,1,Square,Revenue,,,,,
2026-01-14,2026,1,Bank of Marin,BoM master,Stripe,Stripe,727.8,2,Stripe,Revenue,2,Stripe,Revenue,,,,,
2024-07-15,2024,7,Bank of Marin,2024.xlsx Marin clean,Square,Square,726.67,1,Square,Revenue,1,Square,Revenue,,,,,
2023-04-26,2023,4,Bank of Marin,BoM master,Square,Square,726.49,1,Square,Revenue,1,Square,Revenue,,,,,
2024-12-18,2024,12,Bank of Marin,2024.xlsx Marin clean,Square,Square,725.88,1,Square,Revenue,1,Square,Revenue,,,,,
2026-06-04,2026,6,Bank of Marin,BoM master,Square,Square,725.59,1,Square,Revenue,1,Square,Revenue,,,,,
2023-09-01,2023,9,Bank of Marin,BoM master,Square,Square,725.51,1,Square,Revenue,1,Square,Revenue,,,,,
2023-05-08,2023,5,Bank of Marin,BoM master,Stripe,Stripe,725.0,2,Stripe,Revenue,2,Stripe,Revenue,,,,,
2026-05-26,2026,5,Bank of Marin,BoM master,Square,Square,724.49,1,Square,Revenue,1,Square,Revenue,,,,,
2024-02-08,2024,2,Bank of Marin,2024.xlsx Marin clean,Stripe,Stripe,722.28,2,Stripe,Revenue,2,Stripe,Revenue,,,,,
2024-12-19,2024,12,Bank of Marin,2024.xlsx Marin clean,Square,Square,721.4,1,Square,Revenue,1,Square,Revenue,,,,,
2025-10-14,2025,10,Bank of Marin,2025 v3.xlsx,Square,Square,720.09,1,Square,Revenue,1,Square,Revenue,,,,,
2026-04-20,2026,4,Bank of Marin,BoM master,Square,Square,717.26,1,Square,Revenue,1,Square,Revenue,,,,,
2025-04-21,2025,4,Bank of Marin,2025 v3.xlsx,Square,Square,715.42,1,Square,Revenue,1,Square,Revenue,,,,,
2025-10-30,2025,10,Bank of Marin,2025 v3.xlsx,Square,Square,715.34,1,Square,Revenue,1,Square,Revenue,,,,,
2026-02-23,2026,2,Bank of Marin,BoM master,Square,Square,715.32,1,Square,Revenue,1,Square,Revenue,,,,,
2024-06-17,2024,6,Bank of Marin,2024.xlsx Marin clean,Square,Square,713.49,1,Square,Revenue,1,Square,Revenue,,,,,
2025-11-03,2025,11,Bank of Marin,2025 v3.xlsx,Square,Square,712.82,1,Square,Revenue,1,Square,Revenue,,,,,
2023-12-01,2023,12,Bank of Marin,BoM master,Square,Square,712.43,1,Square,Revenue,1,Square,Revenue,,,,,
2025-10-16,2025,10,Bank of Marin,2025 v3.xlsx,Square,Square,710.29,1,Square,Revenue,1,Square,Revenue,,,,,
2023-11-29,2023,11,Bank of Marin,BoM master,Stripe,Stripe,709.77,2,Stripe,Revenue,2,Stripe,Revenue,,,,,
2024-06-03,2024,6,Bank of Marin,2024.xlsx Marin clean,Stripe,Stripe,708.26,2,Stripe,Revenue,2,Stripe,Revenue,,,,,
2025-11-07,2025,11,Bank of Marin,2025 v3.xlsx,Square,Square,706.77,1,Square,Revenue,1,Square,Revenue,,,,,
2025-04-18,2025,4,Bank of Marin,2025 v3.xlsx,Square,Square,705.58,1,Square,Revenue,1,Square,Revenue,,,,,
2026-03-16,2026,3,Bank of Marin,BoM master,Square,Square,704.15,1,Square,Revenue,1,Square,Revenue,,,,,
2025-12-17,2025,12,Bank of Marin,2025 v3.xlsx,Stripe,Stripe,702.31,2,Stripe,Revenue,2,Stripe,Revenue,,,,,
2026-03-20,2026,3,Bank of Marin,BoM master,Square,Square,701.57,1,Square,Revenue,1,Square,Revenue,,,,,
2025-05-02,2025,5,Bank of Marin,2025 v3.xlsx,Stripe,Stripe,701.09,2,Stripe,Revenue,2,Stripe,Revenue,,,,,
2026-03-02,2026,3,Bank of Marin,BoM master,Stripe,Stripe,699.91,2,Stripe,Revenue,2,Stripe,Revenue,,,,,
2023-09-14,2023,9,Bank of Marin,BoM master,Square,Square,699.52,1,Square,Revenue,1,Square,Revenue,,,,,
2024-12-16,2024,12,Bank of Marin,2024.xlsx Marin clean,Square,Square,699.06,1,Square,Revenue,1,Square,Revenue,,,,,
2025-08-07,2025,8,Bank of Marin,2025 v3.xlsx,Square,Square,699.04,1,Square,Revenue,1,Square,Revenue,,,,,
2023-03-27,2023,3,Bank of Marin,BoM master,Stripe,Stripe,697.82,2,Stripe,Revenue,2,Stripe,Revenue,,,,,
2023-02-08,2023,2,Bank of Marin,BoM master,Square,Square,697.38,1,Square,Revenue,1,Square,Revenue,,,,,
2026-05-15,2026,5,Bank of Marin,BoM master,Square,Square,696.34,1,Square,Revenue,1,Square,Revenue,,,,,
2024-02-16,2024,2,Bank of Marin,2024.xlsx Marin clean,Stripe,Stripe,694.83,2,Stripe,Revenue,2,Stripe,Revenue,,,,,
2023-05-11,2023,5,Bank of Marin,BoM master,Square,Square,694.72,1,Square,Revenue,1,Square,Revenue,,,,,
2026-03-30,2026,3,Bank of Marin,BoM master,Square,Square,692.21,1,Square,Revenue,1,Square,Revenue,,,,,
2024-03-28,2024,3,Bank of Marin,2024.xlsx Marin clean,Square,Square,691.38,1,Square,Revenue,1,Square,Revenue,,,,,
2024-12-20,2024,12,Bank of Marin,2024.xlsx Marin clean,Mobile Deposit,Mobile Deposit,690.0,3,Deposits,Revenue,3,Deposits,Revenue,,,,,
2025-05-19,2025,5,Bank of Marin,2025 v3.xlsx,Mobile Deposit,Mobile Deposit,690.0,3,Deposits,Revenue,3,Deposits,Revenue,,,,,
2025-12-09,2025,12,Bank of Marin,2025 v3.xlsx,Mobile Deposit,Mobile Deposit,690.0,3,Deposits,Revenue,3,Deposits,Revenue,,,,,
2024-10-16,2024,10,Bank of Marin,2024.xlsx Marin clean,Stripe,Stripe,688.86,2,Stripe,Revenue,2,Stripe,Revenue,,,,,
2025-01-22,2025,1,Bank of Marin,2025 v3.xlsx,Square,Square,688.75,1,Square,Revenue,1,Square,Revenue,,,,,
2023-04-27,2023,4,Bank of Marin,BoM master,Square,Square,687.7,1,Square,Revenue,1,Square,Revenue,,,,,
2026-04-30,2026,4,Bank of Marin,BoM master,Stripe,Stripe,687.65,2,Stripe,Revenue,2,Stripe,Revenue,,,,,
2024-10-02,2024,10,Bank of Marin,2024.xlsx Marin clean,Stripe,Stripe,686.75,2,Stripe,Revenue,2,Stripe,Revenue,,,,,
2023-09-06,2023,9,Bank of Marin,BoM master,Square,Square,684.88,1,Square,Revenue,1,Square,Revenue,,,,,
2024-01-25,2024,1,Bank of Marin,2024.xlsx Marin clean,Square,Square,684.74,1,Square,Revenue,1,Square,Revenue,,,,,
2025-12-12,2025,12,Bank of Marin,2025 v3.xlsx,Stripe,Stripe,684.66,2,Stripe,Revenue,2,Stripe,Revenue,,,,,
2023-04-12,2023,4,Bank of Marin,BoM master,Square,Square,684.42,1,Square,Revenue,1,Square,Revenue,,,,,
2023-06-01,2023,6,Bank of Marin,BoM master,Stripe,Stripe,683.84,2,Stripe,Revenue,2,Stripe,Revenue,,,,,
2025-11-21,2025,11,Bank of Marin,2025 v3.xlsx,Square,Square,683.45,1,Square,Revenue,1,Square,Revenue,,,,,
2025-10-27,2025,10,Bank of Marin,2025 v3.xlsx,Square,Square,682.83,1,Square,Revenue,1,Square,Revenue,,,,,
2026-02-26,2026,2,Bank of Marin,BoM master,Stripe,Stripe,681.81,2,Stripe,Revenue,2,Stripe,Revenue,,,,,
2025-10-03,2025,10,Bank of Marin,2025 v3.xlsx,Stripe,Stripe,681.57,2,Stripe,Revenue,2,Stripe,Revenue,,,,,
2023-09-20,2023,9,Bank of Marin,BoM master,Square,Square,681.04,1,Square,Revenue,1,Square,Revenue,,,,,
2025-07-31,2025,7,Bank of Marin,2025 v3.xlsx,Stripe,Stripe,680.5,2,Stripe,Revenue,2,Stripe,Revenue,,,,,
2023-09-28,2023,9,Bank of Marin,BoM master,Stripe,Stripe,680.21,2,Stripe,Revenue,2,Stripe,Revenue,,,,,
2024-04-10,2024,4,Bank of Marin,2024.xlsx Marin clean,Square,Square,679.96,1,Square,Revenue,1,Square,Revenue,,,,,
2023-12-11,2023,12,Bank of Marin,BoM master,Square,Square,679.65,1,Square,Revenue,1,Square,Revenue,,,,,
2025-10-17,2025,10,Bank of Marin,2025 v3.xlsx,Square,Square,679.04,1,Square,Revenue,1,Square,Revenue,,,,,
2024-09-27,2024,9,Bank of Marin,2024.xlsx Marin clean,Square,Square,678.94,1,Square,Revenue,1,Square,Revenue,,,,,
2026-07-15,2026,7,Bank of Marin,BoM master,Stripe,Stripe,677.5,2,Stripe,Revenue,2,Stripe,Revenue,,,,,
2023-02-09,2023,2,Bank of Marin,BoM master,Square,Square,676.97,1,Square,Revenue,1,Square,Revenue,,,,,
2025-10-29,2025,10,Bank of Marin,2025 v3.xlsx,Square,Square,676.79,1,Square,Revenue,1,Square,Revenue,,,,,
2024-09-11,2024,9,Bank of Marin,2024.xlsx Marin clean,Stripe,Stripe,676.0,2,Stripe,Revenue,2,Stripe,Revenue,,,,,
2024-06-27,2024,6,Bank of Marin,2024.xlsx Marin clean,Stripe,Stripe,675.99,2,Stripe,Revenue,2,Stripe,Revenue,,,,,
2024-05-20,2024,5,Bank of Marin,2024.xlsx Marin clean,Square,Square,675.22,1,Square,Revenue,1,Square,Revenue,,,,,
2026-01-30,2026,1,Bank of Marin,BoM master,Stripe,Stripe,674.43,2,Stripe,Revenue,2,Stripe,Revenue,,,,,
2025-11-10,2025,11,Bank of Marin,2025 v3.xlsx,Square,Square,673.58,1,Square,Revenue,1,Square,Revenue,,,,,
2023-08-04,2023,8,Bank of Marin,BoM master,Square,Square,673.1,1,Square,Revenue,1,Square,Revenue,,,,,
2024-03-15,2024,3,Bank of Marin,2024.xlsx Marin clean,Stripe,Stripe,673.0,2,Stripe,Revenue,2,Stripe,Revenue,,,,,
2023-09-18,2023,9,Bank of Marin,BoM master,Square,Square,672.72,1,Square,Revenue,1,Square,Revenue,,,,,
2024-10-11,2024,10,Bank of Marin,2024.xlsx Marin clean,Stripe,Stripe,672.42,2,Stripe,Revenue,2,Stripe,Revenue,,,,,
2023-08-25,2023,8,Bank of Marin,BoM master,Square,Square,672.22,1,Square,Revenue,1,Square,Revenue,,,,,
2025-04-14,2025,4,Bank of Marin,2025 v3.xlsx,Stripe,Stripe,672.12,2,Stripe,Revenue,2,Stripe,Revenue,,,,,
2025-01-31,2025,1,Bank of Marin,2025 v3.xlsx,Stripe,Stripe,671.84,2,Stripe,Revenue,2,Stripe,Revenue,,,,,
2024-07-17,2024,7,Bank of Marin,2024.xlsx Marin clean,Square,Square,671.1,1,Square,Revenue,1,Square,Revenue,,,,,
2023-02-10,2023,2,Bank of Marin,BoM master,Stripe,Stripe,670.96,2,Stripe,Revenue,2,Stripe,Revenue,,,,,
2025-07-18,2025,7,Bank of Marin,2025 v3.xlsx,Square,Square,669.53,1,Square,Revenue,1,Square,Revenue,,,,,
2024-09-09,2024,9,Bank of Marin,2024.xlsx Marin clean,Square,Square,667.77,1,Square,Revenue,1,Square,Revenue,,,,,
2025-07-23,2025,7,Bank of Marin,2025 v3.xlsx,Square,Square,667.47,1,Square,Revenue,1,Square,Revenue,,,,,
2024-09-30,2024,9,Bank of Marin,2024.xlsx Marin clean,Stripe,Stripe,667.22,2,Stripe,Revenue,2,Stripe,Revenue,,,,,
2025-03-03,2025,3,Bank of Marin,2025 v3.xlsx,Square,Square,667.01,1,Square,Revenue,1,Square,Revenue,,,,,
2024-03-20,2024,3,Bank of Marin,2024.xlsx Marin clean,Square,Square,666.87,1,Square,Revenue,1,Square,Revenue,,,,,
2024-11-20,2024,11,Bank of Marin,2024.xlsx Marin clean,Square,Square,666.73,1,Square,Revenue,1,Square,Revenue,,,,,
2025-02-11,2025,2,Bank of Marin,2025 v3.xlsx,Stripe,Stripe,665.71,2,Stripe,Revenue,2,Stripe,Revenue,,,,,
2024-02-01,2024,2,Bank of Marin,2024.xlsx Marin clean,Stripe,Stripe,665.53,2,Stripe,Revenue,2,Stripe,Revenue,,,,,
2024-02-12,2024,2,Bank of Marin,2024.xlsx Marin clean,Square,Square,665.02,1,Square,Revenue,1,Square,Revenue,,,,,
2026-04-03,2026,4,Bank of Marin,BoM master,Square,Square,664.75,1,Square,Revenue,1,Square,Revenue,,,,,
2025-11-13,2025,11,Bank of Marin,2025 v3.xlsx,Stripe,Stripe,663.82,2,Stripe,Revenue,2,Stripe,Revenue,,,,,
2023-06-22,2023,6,Bank of Marin,BoM master,Stripe,Stripe,663.59,2,Stripe,Revenue,2,Stripe,Revenue,,,,,
2026-02-19,2026,2,Bank of Marin,BoM master,Stripe,Stripe,661.97,2,Stripe,Revenue,2,Stripe,Revenue,,,,,
2024-11-27,2024,11,Bank of Marin,2024.xlsx Marin clean,Stripe,Stripe,661.96,2,Stripe,Revenue,2,Stripe,Revenue,,,,,
2026-03-31,2026,3,Bank of Marin,BoM master,Mobile Deposit,Mobile Deposit,660.0,3,Deposits,Revenue,3,Deposits,Revenue,,,,,
2023-05-08,2023,5,Bank of Marin,BoM master,Square,Square,659.94,1,Square,Revenue,1,Square,Revenue,,,,,
2026-07-15,2026,7,Bank of Marin,BoM master,Square,Square,658.98,1,Square,Revenue,1,Square,Revenue,,,,,
2024-06-21,2024,6,Bank of Marin,2024.xlsx Marin clean,Square,Square,658.85,1,Square,Revenue,1,Square,Revenue,,,,,
2024-11-21,2024,11,Bank of Marin,2024.xlsx Marin clean,Stripe,Stripe,657.98,2,Stripe,Revenue,2,Stripe,Revenue,,,,,
2025-09-22,2025,9,Bank of Marin,2025 v3.xlsx,Square,Square,657.55,1,Square,Revenue,1,Square,Revenue,,,,,
2026-03-04,2026,3,Bank of Marin,BoM master,Stripe,Stripe,657.22,2,Stripe,Revenue,2,Stripe,Revenue,,,,,
2023-05-01,2023,5,Bank of Marin,BoM master,Square,Square,657.21,1,Square,Revenue,1,Square,Revenue,,,,,
2023-01-11,2023,1,Bank of Marin,BoM master,Stripe,Stripe,657.19,2,Stripe,Revenue,2,Stripe,Revenue,,,,,
2025-11-17,2025,11,Bank of Marin,2025 v3.xlsx,Square,Square,655.86,1,Square,Revenue,1,Square,Revenue,,,,,
2025-04-25,2025,4,Bank of Marin,2025 v3.xlsx,Square,Square,655.69,1,Square,Revenue,1,Square,Revenue,,,,,
2025-10-15,2025,10,Bank of Marin,2025 v3.xlsx,Stripe,Stripe,655.51,2,Stripe,Revenue,2,Stripe,Revenue,,,,,
2024-10-23,2024,10,Bank of Marin,2024.xlsx Marin clean,Square,Square,654.73,1,Square,Revenue,1,Square,Revenue,,,,,
2025-07-25,2025,7,Bank of Marin,2025 v3.xlsx,Square,Square,654.09,1,Square,Revenue,1,Square,Revenue,,,,,
2023-02-21,2023,2,Bank of Marin,BoM master,Square,Square,653.68,1,Square,Revenue,1,Square,Revenue,,,,,
2024-01-26,2024,1,Bank of Marin,2024.xlsx Marin clean,Square,Square,653.59,1,Square,Revenue,1,Square,Revenue,,,,,
2026-04-23,2026,4,Bank of Marin,BoM master,Square,Square,652.83,1,Square,Revenue,1,Square,Revenue,,,,,
2024-03-18,2024,3,Bank of Marin,2024.xlsx Marin clean,Square,Square,652.14,1,Square,Revenue,1,Square,Revenue,,,,,
2023-09-11,2023,9,Bank of Marin,BoM master,Stripe,Stripe,649.41,2,Stripe,Revenue,2,Stripe,Revenue,,,,,
2023-12-13,2023,12,Bank of Marin,BoM master,Square,Square,648.2,1,Square,Revenue,1,Square,Revenue,,,,,
2024-04-03,2024,4,Bank of Marin,2024.xlsx Marin clean,Stripe,Stripe,647.5,2,Stripe,Revenue,2,Stripe,Revenue,,,,,
2023-06-28,2023,6,Bank of Marin,BoM master,Stripe,Stripe,647.2,2,Stripe,Revenue,2,Stripe,Revenue,,,,,
2026-05-27,2026,5,Bank of Marin,BoM master,Stripe,Stripe,647.03,2,Stripe,Revenue,2,Stripe,Revenue,,,,,
2025-02-05,2025,2,Bank of Marin,2025 v3.xlsx,Square,Square,646.81,1,Square,Revenue,1,Square,Revenue,,,,,
2023-12-21,2023,12,Bank of Marin,BoM master,Stripe,Stripe,646.73,2,Stripe,Revenue,2,Stripe,Revenue,,,,,
2023-08-09,2023,8,Bank of Marin,BoM master,Square,Square,643.33,1,Square,Revenue,1,Square,Revenue,,,,,
2023-04-26,2023,4,Bank of Marin,BoM master,Stripe,Stripe,641.21,2,Stripe,Revenue,2,Stripe,Revenue,,,,,
2024-05-02,2024,5,Bank of Marin,2024.xlsx Marin clean,Stripe,Stripe,641.03,2,Stripe,Revenue,2,Stripe,Revenue,,,,,
2025-08-01,2025,8,Bank of Marin,2025 v3.xlsx,Square,Square,640.83,1,Square,Revenue,1,Square,Revenue,,,,,
2025-03-10,2025,3,Bank of Marin,2025 v3.xlsx,Square,Square,640.78,1,Square,Revenue,1,Square,Revenue,,,,,
2025-10-01,2025,10,Bank of Marin,2025 v3.xlsx,Stripe,Stripe,640.45,2,Stripe,Revenue,2,Stripe,Revenue,,,,,
2025-12-22,2025,12,Bank of Marin,2025 v3.xlsx,Square,Square,639.99,1,Square,Revenue,1,Square,Revenue,,,,,
2023-12-26,2023,12,Bank of Marin,BoM master,Stripe,Stripe,639.87,2,Stripe,Revenue,2,Stripe,Revenue,,,,,
2026-05-07,2026,5,Bank of Marin,BoM master,Square,Square,639.75,1,Square,Revenue,1,Square,Revenue,,,,,
2026-07-16,2026,7,Bank of Marin,BoM master,Stripe,Stripe,639.57,2,Stripe,Revenue,2,Stripe,Revenue,,,,,
2024-03-25,2024,3,Bank of Marin,2024.xlsx Marin clean,Square,Square,639.43,1,Square,Revenue,1,Square,Revenue,,,,,
2023-08-31,2023,8,Bank of Marin,BoM master,Stripe,Stripe,638.96,2,Stripe,Revenue,2,Stripe,Revenue,,,,,
2025-01-13,2025,1,Bank of Marin,2025 v3.xlsx,Square,Square,638.28,1,Square,Revenue,1,Square,Revenue,,,,,
2023-11-16,2023,11,Bank of Marin,BoM master,Square,Square,637.61,1,Square,Revenue,1,Square,Revenue,,,,,
2024-03-29,2024,3,Bank of Marin,2024.xlsx Marin clean,Square,Square,637.04,1,Square,Revenue,1,Square,Revenue,,,,,
2025-11-19,2025,11,Bank of Marin,2025 v3.xlsx,Square,Square,636.32,1,Square,Revenue,1,Square,Revenue,,,,,
2024-04-18,2024,4,Bank of Marin,2024.xlsx Marin clean,Stripe,Stripe,635.37,2,Stripe,Revenue,2,Stripe,Revenue,,,,,
2023-09-15,2023,9,Bank of Marin,BoM master,Square,Square,633.49,1,Square,Revenue,1,Square,Revenue,,,,,
2025-03-05,2025,3,Bank of Marin,2025 v3.xlsx,Square,Square,633.14,1,Square,Revenue,1,Square,Revenue,,,,,
2024-10-28,2024,10,Bank of Marin,2024.xlsx Marin clean,Square,Square,632.86,1,Square,Revenue,1,Square,Revenue,,,,,
2026-02-18,2026,2,Bank of Marin,BoM master,Square,Square,632.32,1,Square,Revenue,1,Square,Revenue,,,,,
2024-10-21,2024,10,Bank of Marin,2024.xlsx Marin clean,Square,Square,632.29,1,Square,Revenue,1,Square,Revenue,,,,,
2025-10-30,2025,10,Bank of Marin,2025 v3.xlsx,Stripe,Stripe,629.97,2,Stripe,Revenue,2,Stripe,Revenue,,,,,
2024-05-30,2024,5,Bank of Marin,2024.xlsx Marin clean,Stripe,Stripe,628.21,2,Stripe,Revenue,2,Stripe,Revenue,,,,,
2024-12-06,2024,12,Bank of Marin,2024.xlsx Marin clean,Square,Square,628.19,1,Square,Revenue,1,Square,Revenue,,,,,
2023-12-08,2023,12,Bank of Marin,BoM master,Square,Square,627.71,1,Square,Revenue,1,Square,Revenue,,,,,
2024-06-26,2024,6,Bank of Marin,2024.xlsx Marin clean,Square,Square,626.91,1,Square,Revenue,1,Square,Revenue,,,,,
2024-09-17,2024,9,Bank of Marin,2024.xlsx Marin clean,Stripe,Stripe,626.4,2,Stripe,Revenue,2,Stripe,Revenue,,,,,
2024-02-02,2024,2,Bank of Marin,2024.xlsx Marin clean,Square,Square,626.23,1,Square,Revenue,1,Square,Revenue,,,,,
2023-12-18,2023,12,Bank of Marin,BoM master,Square,Square,626.04,1,Square,Revenue,1,Square,Revenue,,,,,
2023-06-26,2023,6,Bank of Marin,BoM master,Square,Square,622.77,1,Square,Revenue,1,Square,Revenue,,,,,
2023-08-24,2023,8,Bank of Marin,BoM master,Stripe,Stripe,622.11,2,Stripe,Revenue,2,Stripe,Revenue,,,,,
2024-08-05,2024,8,Bank of Marin,2024.xlsx Marin clean,Square,Square,621.5,1,Square,Revenue,1,Square,Revenue,,,,,
2025-11-12,2025,11,Bank of Marin,2025 v3.xlsx,Square,Square,621.02,1,Square,Revenue,1,Square,Revenue,,,,,
2024-12-12,2024,12,Bank of Marin,2024.xlsx Marin clean,Stripe,Stripe,619.84,2,Stripe,Revenue,2,Stripe,Revenue,,,,,
2023-12-22,2023,12,Bank of Marin,BoM master,Square,Square,619.35,1,Square,Revenue,1,Square,Revenue,,,,,
2023-12-15,2023,12,Bank of Marin,BoM master,Square,Square,619.13,1,Square,Revenue,1,Square,Revenue,,,,,
2025-07-10,2025,7,Bank of Marin,2025 v3.xlsx,Square,Square,618.98,1,Square,Revenue,1,Square,Revenue,,,,,
2024-04-23,2024,4,Bank of Marin,2024.xlsx Marin clean,Stripe,Stripe,618.96,2,Stripe,Revenue,2,Stripe,Revenue,,,,,
2024-04-24,2024,4,Bank of Marin,2024.xlsx Marin clean,Stripe,Stripe,618.96,2,Stripe,Revenue,2,Stripe,Revenue,,,,,
2025-04-28,2025,4,Bank of Marin,2025 v3.xlsx,Square,Square,618.43,1,Square,Revenue,1,Square,Revenue,,,,,
2026-06-01,2026,6,Bank of Marin,BoM master,Square,Square,617.7,1,Square,Revenue,1,Square,Revenue,,,,,
2023-01-06,2023,1,Bank of Marin,BoM master,Square,Square,617.67,1,Square,Revenue,1,Square,Revenue,,,,,
2024-02-05,2024,2,Bank of Marin,2024.xlsx Marin clean,Square,Square,615.28,1,Square,Revenue,1,Square,Revenue,,,,,
2023-06-06,2023,6,Bank of Marin,BoM master,Stripe,Stripe,614.63,2,Stripe,Revenue,2,Stripe,Revenue,,,,,
2023-11-01,2023,11,Bank of Marin,BoM master,Square,Square,614.59,1,Square,Revenue,1,Square,Revenue,,,,,
2024-04-29,2024,4,Bank of Marin,2024.xlsx Marin clean,Stripe,Stripe,613.87,2,Stripe,Revenue,2,Stripe,Revenue,,,,,
2024-11-08,2024,11,Bank of Marin,2024.xlsx Marin clean,Stripe,Stripe,613.85,2,Stripe,Revenue,2,Stripe,Revenue,,,,,
2025-07-14,2025,7,Bank of Marin,2025 v3.xlsx,Square,Square,613.81,1,Square,Revenue,1,Square,Revenue,,,,,
2025-08-27,2025,8,Bank of Marin,2025 v3.xlsx,Square,Square,613.34,1,Square,Revenue,1,Square,Revenue,,,,,
2023-03-08,2023,3,Bank of Marin,BoM master,Square,Square,610.09,1,Square,Revenue,1,Square,Revenue,,,,,
2024-10-03,2024,10,Bank of Marin,2024.xlsx Marin clean,Stripe,Stripe,609.98,2,Stripe,Revenue,2,Stripe,Revenue,,,,,
2026-04-22,2026,4,Bank of Marin,BoM master,Square,Square,609.48,1,Square,Revenue,1,Square,Revenue,,,,,
2024-02-23,2024,2,Bank of Marin,2024.xlsx Marin clean,Square,Square,608.55,1,Square,Revenue,1,Square,Revenue,,,,,
2024-06-14,2024,6,Bank of Marin,2024.xlsx Marin clean,Stripe,Stripe,608.19,2,Stripe,Revenue,2,Stripe,Revenue,,,,,
2025-11-24,2025,11,Bank of Marin,2025 v3.xlsx,Square,Square,608.11,1,Square,Revenue,1,Square,Revenue,,,,,
2025-09-18,2025,9,Bank of Marin,2025 v3.xlsx,Square,Square,606.6,1,Square,Revenue,1,Square,Revenue,,,,,
2025-11-14,2025,11,Bank of Marin,2025 v3.xlsx,Stripe,Stripe,606.14,2,Stripe,Revenue,2,Stripe,Revenue,,,,,
2024-02-01,2024,2,Bank of Marin,2024.xlsx Marin clean,Square,Square,605.65,1,Square,Revenue,1,Square,Revenue,,,,,
2024-09-05,2024,9,Bank of Marin,2024.xlsx Marin clean,Square,Square,604.94,1,Square,Revenue,1,Square,Revenue,,,,,
2023-08-18,2023,8,Bank of Marin,BoM master,Square,Square,603.79,1,Square,Revenue,1,Square,Revenue,,,,,
2024-08-05,2024,8,Bank of Marin,2024.xlsx Marin clean,Stripe,Stripe,603.7,2,Stripe,Revenue,2,Stripe,Revenue,,,,,
2023-11-03,2023,11,Bank of Marin,BoM master,Square,Square,603.68,1,Square,Revenue,1,Square,Revenue,,,,,
2025-07-09,2025,7,Bank of Marin,2025 v3.xlsx,Square,Square,602.81,1,Square,Revenue,1,Square,Revenue,,,,,
2026-04-01,2026,4,Bank of Marin,BoM master,Square,Square,602.24,1,Square,Revenue,1,Square,Revenue,,,,,
2024-07-22,2024,7,Bank of Marin,2024.xlsx Marin clean,Square,Square,601.94,1,Square,Revenue,1,Square,Revenue,,,,,
2024-03-25,2024,3,Bank of Marin,2024.xlsx Marin clean,Square,Square,601.43,1,Square,Revenue,1,Square,Revenue,,,,,
2026-01-07,2026,1,Bank of Marin,BoM master,Stripe,Stripe,600.15,2,Stripe,Revenue,2,Stripe,Revenue,,,,,
2026-03-16,2026,3,Bank of Marin,BoM master,Stripe,Stripe,600.13,2,Stripe,Revenue,2,Stripe,Revenue,,,,,
2025-03-28,2025,3,Bank of Marin,2025 v3.xlsx,Mobile Deposit,Mobile Deposit,600.0,3,Deposits,Revenue,3,Deposits,Revenue,,,,,
2025-10-14,2025,10,Bank of Marin,2025 v3.xlsx,Mobile Deposit,Mobile Deposit,600.0,3,Deposits,Revenue,3,Deposits,Revenue,,,,,
2023-10-23,2023,10,Bank of Marin,BoM master,Mobile Deposit,Mobile Deposit,600.0,3,Deposits,Revenue,3,Deposits,Revenue,,,,,
2023-08-18,2023,8,Bank of Marin,BoM master,Mobile Deposit,Mobile Deposit,600.0,3,Deposits,Revenue,3,Deposits,Revenue,,,,,
2023-07-10,2023,7,Bank of Marin,BoM master,Mobile Deposit,Mobile Deposit,600.0,3,Deposits,Revenue,3,Deposits,Revenue,,,,,
2023-03-17,2023,3,Bank of Marin,BoM master,Mobile Deposit,Mobile Deposit,600.0,3,Deposits,Revenue,3,Deposits,Revenue,,,,,
2025-04-23,2025,4,Bank of Marin,2025 v3.xlsx,Stripe,Stripe,599.98,2,Stripe,Revenue,2,Stripe,Revenue,,,,,
2023-10-25,2023,10,Bank of Marin,BoM master,Square,Square,597.88,1,Square,Revenue,1,Square,Revenue,,,,,
2024-12-11,2024,12,Bank of Marin,2024.xlsx Marin clean,Stripe,Stripe,597.74,2,Stripe,Revenue,2,Stripe,Revenue,,,,,
2024-01-03,2024,1,Bank of Marin,2024.xlsx Marin clean,Square,Square,597.02,1,Square,Revenue,1,Square,Revenue,,,,,
2023-10-31,2023,10,Bank of Marin,BoM master,Stripe,Stripe,596.24,2,Stripe,Revenue,2,Stripe,Revenue,,,,,
2024-08-08,2024,8,Bank of Marin,2024.xlsx Marin clean,Square,Square,595.91,1,Square,Revenue,1,Square,Revenue,,,,,
2024-12-18,2024,12,Bank of Marin,2024.xlsx Marin clean,Stripe,Stripe,595.7,2,Stripe,Revenue,2,Stripe,Revenue,,,,,
2025-04-03,2025,4,Bank of Marin,2025 v3.xlsx,Square,Square,593.21,1,Square,Revenue,1,Square,Revenue,,,,,
2024-10-25,2024,10,Bank of Marin,2024.xlsx Marin clean,Square,Square,592.76,1,Square,Revenue,1,Square,Revenue,,,,,
2025-12-22,2025,12,Bank of Marin,2025 v3.xlsx,Square,Square,592.49,1,Square,Revenue,1,Square,Revenue,,,,,
2026-05-20,2026,5,Bank of Marin,BoM master,Stripe,Stripe,591.47,2,Stripe,Revenue,2,Stripe,Revenue,,,,,
2025-11-17,2025,11,Bank of Marin,2025 v3.xlsx,Stripe,Stripe,590.9,2,Stripe,Revenue,2,Stripe,Revenue,,,,,
2025-08-14,2025,8,Bank of Marin,2025 v3.xlsx,Stripe,Stripe,590.74,2,Stripe,Revenue,2,Stripe,Revenue,,,,,
2025-05-27,2025,5,Bank of Marin,2025 v3.xlsx,Square,Square,588.88,1,Square,Revenue,1,Square,Revenue,,,,,
2023-06-26,2023,6,Bank of Marin,BoM master,Stripe,Stripe,587.77,2,Stripe,Revenue,2,Stripe,Revenue,,,,,
2026-04-09,2026,4,Bank of Marin,BoM master,Square,Square,587.64,1,Square,Revenue,1,Square,Revenue,,,,,
2025-02-06,2025,2,Bank of Marin,2025 v3.xlsx,Stripe,Stripe,587.28,2,Stripe,Revenue,2,Stripe,Revenue,,,,,
2024-01-24,2024,1,Bank of Marin,2024.xlsx Marin clean,Square,Square,587.17,1,Square,Revenue,1,Square,Revenue,,,,,
2025-08-11,2025,8,Bank of Marin,2025 v3.xlsx,Square,Square,586.94,1,Square,Revenue,1,Square,Revenue,,,,,
2025-11-03,2025,11,Bank of Marin,2025 v3.xlsx,Deposit,Deposit,585.0,3,Deposits,Revenue,3,Deposits,Revenue,,,,,
2026-02-11,2026,2,Bank of Marin,BoM master,Mobile Deposit,Mobile Deposit,585.0,3,Deposits,Revenue,3,Deposits,Revenue,,,,,
2024-05-24,2024,5,Bank of Marin,2024.xlsx Marin clean,Square,Square,584.88,1,Square,Revenue,1,Square,Revenue,,,,,
2023-10-03,2023,10,Bank of Marin,BoM master,Stripe,Stripe,584.53,2,Stripe,Revenue,2,Stripe,Revenue,,,,,
2025-08-14,2025,8,Bank of Marin,2025 v3.xlsx,Square,Square,584.21,1,Square,Revenue,1,Square,Revenue,,,,,
2026-07-09,2026,7,Bank of Marin,BoM master,Stripe,Stripe,584.11,2,Stripe,Revenue,2,Stripe,Revenue,,,,,
2025-10-20,2025,10,Bank of Marin,2025 v3.xlsx,Square,Square,583.47,1,Square,Revenue,1,Square,Revenue,,,,,
2025-05-15,2025,5,Bank of Marin,2025 v3.xlsx,Square,Square,582.54,1,Square,Revenue,1,Square,Revenue,,,,,
2025-01-23,2025,1,Bank of Marin,2025 v3.xlsx,Square,Square,582.43,1,Square,Revenue,1,Square,Revenue,,,,,
2023-10-18,2023,10,Bank of Marin,BoM master,Square,Square,582.16,1,Square,Revenue,1,Square,Revenue,,,,,
2023-04-03,2023,4,Bank of Marin,BoM master,Square,Square,581.78,1,Square,Revenue,1,Square,Revenue,,,,,
2023-06-02,2023,6,Bank of Marin,BoM master,Square,Square,581.3,1,Square,Revenue,1,Square,Revenue,,,,,
2023-04-07,2023,4,Bank of Marin,BoM master,Square,Square,581.05,1,Square,Revenue,1,Square,Revenue,,,,,
2025-09-18,2025,9,Bank of Marin,2025 v3.xlsx,Stripe,Stripe,581.0,2,Stripe,Revenue,2,Stripe,Revenue,,,,,
2025-09-08,2025,9,Bank of Marin,2025 v3.xlsx,Stripe,Stripe,580.12,2,Stripe,Revenue,2,Stripe,Revenue,,,,,
2023-02-22,2023,2,Bank of Marin,BoM master,Stripe,Stripe,578.96,2,Stripe,Revenue,2,Stripe,Revenue,,,,,
2025-07-24,2025,7,Bank of Marin,2025 v3.xlsx,Square,Square,578.19,1,Square,Revenue,1,Square,Revenue,,,,,
2023-12-27,2023,12,Bank of Marin,BoM master,Stripe,Stripe,577.17,2,Stripe,Revenue,2,Stripe,Revenue,,,,,
2025-09-04,2025,9,Bank of Marin,2025 v3.xlsx,Stripe,Stripe,576.82,2,Stripe,Revenue,2,Stripe,Revenue,,,,,
2023-03-27,2023,3,Bank of Marin,BoM master,Square,Square,576.32,1,Square,Revenue,1,Square,Revenue,,,,,
2024-04-24,2024,4,Bank of Marin,2024.xlsx Marin clean,Square,Square,575.82,1,Square,Revenue,1,Square,Revenue,,,,,
2023-06-30,2023,6,Bank of Marin,BoM master,Stripe,Stripe,574.58,2,Stripe,Revenue,2,Stripe,Revenue,,,,,
2023-03-15,2023,3,Bank of Marin,BoM master,Square,Square,574.55,1,Square,Revenue,1,Square,Revenue,,,,,
2023-04-12,2023,4,Bank of Marin,BoM master,Stripe,Stripe,573.42,2,Stripe,Revenue,2,Stripe,Revenue,,,,,
2025-05-30,2025,5,Bank of Marin,2025 v3.xlsx,Square,Square,573.38,1,Square,Revenue,1,Square,Revenue,,,,,
2026-02-20,2026,2,Bank of Marin,BoM master,Stripe,Stripe,573.36,2,Stripe,Revenue,2,Stripe,Revenue,,,,,
2026-02-05,2026,2,Bank of Marin,BoM master,Square,Square,572.1,1,Square,Revenue,1,Square,Revenue,,,,,
2023-09-27,2023,9,Bank of Marin,BoM master,Square,Square,571.79,1,Square,Revenue,1,Square,Revenue,,,,,
2023-10-23,2023,10,Bank of Marin,BoM master,Square,Square,571.77,1,Square,Revenue,1,Square,Revenue,,,,,
2026-03-19,2026,3,Bank of Marin,BoM master,Stripe,Stripe,570.85,2,Stripe,Revenue,2,Stripe,Revenue,,,,,
2025-05-14,2025,5,Bank of Marin,2025 v3.xlsx,Stripe,Stripe,570.84,2,Stripe,Revenue,2,Stripe,Revenue,,,,,
2023-03-17,2023,3,Bank of Marin,BoM master,Square,Square,570.3,1,Square,Revenue,1,Square,Revenue,,,,,
2026-07-15,2026,7,Bank of Marin,BoM master,Mobile Deposit,Mobile Deposit,570.0,3,Deposits,Revenue,3,Deposits,Revenue,,,,,
2024-10-29,2024,10,Bank of Marin,2024.xlsx Marin clean,Stripe,Stripe,569.37,2,Stripe,Revenue,2,Stripe,Revenue,,,,,
2023-04-05,2023,4,Bank of Marin,BoM master,Square,Square,569.21,1,Square,Revenue,1,Square,Revenue,,,,,
2025-11-13,2025,11,Bank of Marin,2025 v3.xlsx,Square,Square,569.14,1,Square,Revenue,1,Square,Revenue,,,,,
2025-10-14,2025,10,Bank of Marin,2025 v3.xlsx,Square,Square,568.86,1,Square,Revenue,1,Square,Revenue,,,,,
2024-10-02,2024,10,Bank of Marin,2024.xlsx Marin clean,Square,Square,568.73,1,Square,Revenue,1,Square,Revenue,,,,,
2024-04-04,2024,4,Bank of Marin,2024.xlsx Marin clean,Square,Square,568.3,1,Square,Revenue,1,Square,Revenue,,,,,
2024-04-03,2024,4,Bank of Marin,2024.xlsx Marin clean,Square,Square,567.98,1,Square,Revenue,1,Square,Revenue,,,,,
2025-12-26,2025,12,Bank of Marin,2025 v3.xlsx,Stripe,Stripe,567.05,2,Stripe,Revenue,2,Stripe,Revenue,,,,,
2024-06-12,2024,6,Bank of Marin,2024.xlsx Marin clean,Stripe,Stripe,566.36,2,Stripe,Revenue,2,Stripe,Revenue,,,,,
2025-07-21,2025,7,Bank of Marin,2025 v3.xlsx,Stripe,Stripe,566.36,2,Stripe,Revenue,2,Stripe,Revenue,,,,,
2023-02-03,2023,2,Bank of Marin,BoM master,Square,Square,565.37,1,Square,Revenue,1,Square,Revenue,,,,,
2024-05-31,2024,5,Bank of Marin,2024.xlsx Marin clean,Square,Square,564.73,1,Square,Revenue,1,Square,Revenue,,,,,
2024-11-15,2024,11,Bank of Marin,2024.xlsx Marin clean,Square,Square,562.65,1,Square,Revenue,1,Square,Revenue,,,,,
2025-09-29,2025,9,Bank of Marin,2025 v3.xlsx,Square,Square,561.37,1,Square,Revenue,1,Square,Revenue,,,,,
2026-03-17,2026,3,Bank of Marin,BoM master,Stripe,Stripe,560.7,2,Stripe,Revenue,2,Stripe,Revenue,,,,,
2025-06-05,2025,6,Bank of Marin,2025 v3.xlsx,Square,Square,560.33,1,Square,Revenue,1,Square,Revenue,,,,,
2024-05-01,2024,5,Bank of Marin,2024.xlsx Marin clean,Square,Square,558.77,1,Square,Revenue,1,Square,Revenue,,,,,
2023-09-22,2023,9,Bank of Marin,BoM master,Square,Square,558.55,1,Square,Revenue,1,Square,Revenue,,,,,
2023-08-09,2023,8,Bank of Marin,BoM master,Stripe,Stripe,557.96,2,Stripe,Revenue,2,Stripe,Revenue,,,,,
2024-10-16,2024,10,Bank of Marin,2024.xlsx Marin clean,Square,Square,557.17,1,Square,Revenue,1,Square,Revenue,,,,,
2024-11-06,2024,11,Bank of Marin,2024.xlsx Marin clean,Stripe,Stripe,556.51,2,Stripe,Revenue,2,Stripe,Revenue,,,,,
2026-01-08,2026,1,Bank of Marin,BoM master,Stripe,Stripe,555.34,2,Stripe,Revenue,2,Stripe,Revenue,,,,,
2026-06-15,2026,6,Bank of Marin,BoM master,Stripe,Stripe,555.32,2,Stripe,Revenue,2,Stripe,Revenue,,,,,
2023-01-09,2023,1,Bank of Marin,BoM master,Square,Square,553.73,1,Square,Revenue,1,Square,Revenue,,,,,
2025-10-23,2025,10,Bank of Marin,2025 v3.xlsx,Stripe,Stripe,553.4,2,Stripe,Revenue,2,Stripe,Revenue,,,,,
2026-03-18,2026,3,Bank of Marin,BoM master,Stripe,Stripe,552.77,2,Stripe,Revenue,2,Stripe,Revenue,,,,,
2025-12-18,2025,12,Bank of Marin,2025 v3.xlsx,Square,Square,552.18,1,Square,Revenue,1,Square,Revenue,,,,,
2023-08-17,2023,8,Bank of Marin,BoM master,Square,Square,551.78,1,Square,Revenue,1,Square,Revenue,,,,,
2026-03-06,2026,3,Bank of Marin,BoM master,Stripe,Stripe,551.59,2,Stripe,Revenue,2,Stripe,Revenue,,,,,
2026-06-23,2026,6,Bank of Marin,BoM master,Stripe,Stripe,551.39,2,Stripe,Revenue,2,Stripe,Revenue,,,,,
2023-05-04,2023,5,Bank of Marin,BoM master,Mobile Deposit,Mobile Deposit,551.25,3,Deposits,Revenue,3,Deposits,Revenue,,,,,
2024-07-11,2024,7,Bank of Marin,2024.xlsx Marin clean,Stripe,Stripe,550.84,2,Stripe,Revenue,2,Stripe,Revenue,,,,,
2023-02-02,2023,2,Bank of Marin,BoM master,Stripe,Stripe,550.41,2,Stripe,Revenue,2,Stripe,Revenue,,,,,
2025-07-30,2025,7,Bank of Marin,2025 v3.xlsx,Square,Square,550.34,1,Square,Revenue,1,Square,Revenue,,,,,
2025-06-05,2025,6,Bank of Marin,2025 v3.xlsx,Stripe,Stripe,549.95,2,Stripe,Revenue,2,Stripe,Revenue,,,,,
2026-05-01,2026,5,Bank of Marin,BoM master,Stripe,Stripe,548.76,2,Stripe,Revenue,2,Stripe,Revenue,,,,,
2023-12-08,2023,12,Bank of Marin,BoM master,Stripe,Stripe,548.45,2,Stripe,Revenue,2,Stripe,Revenue,,,,,
2024-09-13,2024,9,Bank of Marin,2024.xlsx Marin clean,Square,Square,548.22,1,Square,Revenue,1,Square,Revenue,,,,,
2025-08-27,2025,8,Bank of Marin,2025 v3.xlsx,Stripe,Stripe,548.0,2,Stripe,Revenue,2,Stripe,Revenue,,,,,
2023-09-08,2023,9,Bank of Marin,BoM master,Stripe,Stripe,547.7,2,Stripe,Revenue,2,Stripe,Revenue,,,,,
2023-04-28,2023,4,Bank of Marin,BoM master,Square,Square,545.62,1,Square,Revenue,1,Square,Revenue,,,,,
2026-03-26,2026,3,Bank of Marin,BoM master,Square,Square,545.6,1,Square,Revenue,1,Square,Revenue,,,,,
2023-06-29,2023,6,Bank of Marin,BoM master,Square,Square,545.34,1,Square,Revenue,1,Square,Revenue,,,,,
2025-11-20,2025,11,Bank of Marin,2025 v3.xlsx,Stripe,Stripe,544.88,2,Stripe,Revenue,2,Stripe,Revenue,,,,,
2025-06-02,2025,6,Bank of Marin,2025 v3.xlsx,Square,Square,544.82,1,Square,Revenue,1,Square,Revenue,,,,,
2025-01-29,2025,1,Bank of Marin,2025 v3.xlsx,Square,Square,544.17,1,Square,Revenue,1,Square,Revenue,,,,,
2025-03-14,2025,3,Bank of Marin,2025 v3.xlsx,Stripe,Stripe,543.96,2,Stripe,Revenue,2,Stripe,Revenue,,,,,
2024-10-31,2024,10,Bank of Marin,2024.xlsx Marin clean,Square,Square,543.3,1,Square,Revenue,1,Square,Revenue,,,,,
2024-05-23,2024,5,Bank of Marin,2024.xlsx Marin clean,Stripe,Stripe,543.07,2,Stripe,Revenue,2,Stripe,Revenue,,,,,
2023-11-15,2023,11,Bank of Marin,BoM master,Square,Square,542.02,1,Square,Revenue,1,Square,Revenue,,,,,
2025-01-10,2025,1,Bank of Marin,2025 v3.xlsx,Square,Square,541.46,1,Square,Revenue,1,Square,Revenue,,,,,
2024-09-18,2024,9,Bank of Marin,2024.xlsx Marin clean,Square,Square,541.26,1,Square,Revenue,1,Square,Revenue,,,,,
2024-03-21,2024,3,Bank of Marin,2024.xlsx Marin clean,Stripe,Stripe,540.38,2,Stripe,Revenue,2,Stripe,Revenue,,,,,
2023-09-25,2023,9,Bank of Marin,BoM master,Square,Square,540.37,1,Square,Revenue,1,Square,Revenue,,,,,
2025-07-25,2025,7,Bank of Marin,2025 v3.xlsx,Stripe,Stripe,540.08,2,Stripe,Revenue,2,Stripe,Revenue,,,,,
2023-02-21,2023,2,Bank of Marin,BoM master,Mobile Deposit,Mobile Deposit,540.0,3,Deposits,Revenue,3,Deposits,Revenue,,,,,
2023-01-17,2023,1,Bank of Marin,BoM master,Mobile Deposit,Mobile Deposit,540.0,3,Deposits,Revenue,3,Deposits,Revenue,,,,,
2026-01-27,2026,1,Bank of Marin,BoM master,Stripe,Stripe,539.51,2,Stripe,Revenue,2,Stripe,Revenue,,,,,
2026-03-11,2026,3,Bank of Marin,BoM master,Stripe,Stripe,538.6,2,Stripe,Revenue,2,Stripe,Revenue,,,,,
2025-08-21,2025,8,Bank of Marin,2025 v3.xlsx,Square,Square,538.1,1,Square,Revenue,1,Square,Revenue,,,,,
2024-11-06,2024,11,Bank of Marin,2024.xlsx Marin clean,Square,Square,537.82,1,Square,Revenue,1,Square,Revenue,,,,,
2025-03-07,2025,3,Bank of Marin,2025 v3.xlsx,Stripe,Stripe,537.23,2,Stripe,Revenue,2,Stripe,Revenue,,,,,
2024-11-25,2024,11,Bank of Marin,2024.xlsx Marin clean,Square,Square,536.85,1,Square,Revenue,1,Square,Revenue,,,,,
2023-03-08,2023,3,Bank of Marin,BoM master,Stripe,Stripe,536.81,2,Stripe,Revenue,2,Stripe,Revenue,,,,,
2024-03-15,2024,3,Bank of Marin,2024.xlsx Marin clean,Square,Square,536.16,1,Square,Revenue,1,Square,Revenue,,,,,
2025-10-31,2025,10,Bank of Marin,2025 v3.xlsx,Square,Square,536.14,1,Square,Revenue,1,Square,Revenue,,,,,
2023-02-06,2023,2,Bank of Marin,BoM master,Square,Square,535.98,1,Square,Revenue,1,Square,Revenue,,,,,
2023-12-06,2023,12,Bank of Marin,BoM master,Square,Square,535.84,1,Square,Revenue,1,Square,Revenue,,,,,
2024-04-15,2024,4,Bank of Marin,2024.xlsx Marin clean,Square,Square,535.33,1,Square,Revenue,1,Square,Revenue,,,,,
2024-10-22,2024,10,Bank of Marin,2024.xlsx Marin clean,Stripe,Stripe,535.0,2,Stripe,Revenue,2,Stripe,Revenue,,,,,
2025-01-17,2025,1,Bank of Marin,2025 v3.xlsx,Square,Square,534.87,1,Square,Revenue,1,Square,Revenue,,,,,
2023-06-22,2023,6,Bank of Marin,BoM master,Square,Square,534.6,1,Square,Revenue,1,Square,Revenue,,,,,
2024-07-31,2024,7,Bank of Marin,2024.xlsx Marin clean,Square,Square,534.49,1,Square,Revenue,1,Square,Revenue,,,,,
2025-09-17,2025,9,Bank of Marin,2025 v3.xlsx,Square,Square,534.34,1,Square,Revenue,1,Square,Revenue,,,,,
2025-12-03,2025,12,Bank of Marin,2025 v3.xlsx,Square,Square,534.17,1,Square,Revenue,1,Square,Revenue,,,,,
2024-06-13,2024,6,Bank of Marin,2024.xlsx Marin clean,Stripe,Stripe,534.11,2,Stripe,Revenue,2,Stripe,Revenue,,,,,
2024-06-05,2024,6,Bank of Marin,2024.xlsx Marin clean,Stripe,Stripe,533.8,2,Stripe,Revenue,2,Stripe,Revenue,,,,,
2026-05-21,2026,5,Bank of Marin,BoM master,Square,Square,532.23,1,Square,Revenue,1,Square,Revenue,,,,,
2024-06-10,2024,6,Bank of Marin,2024.xlsx Marin clean,Square,Square,530.74,1,Square,Revenue,1,Square,Revenue,,,,,
2024-09-09,2024,9,Bank of Marin,2024.xlsx Marin clean,Square,Square,530.04,1,Square,Revenue,1,Square,Revenue,,,,,
2026-05-05,2026,5,Bank of Marin,BoM master,Stripe,Stripe,529.64,2,Stripe,Revenue,2,Stripe,Revenue,,,,,
2024-02-28,2024,2,Bank of Marin,2024.xlsx Marin clean,Stripe,Stripe,529.31,2,Stripe,Revenue,2,Stripe,Revenue,,,,,
2023-11-09,2023,11,Bank of Marin,BoM master,Square,Square,529.28,1,Square,Revenue,1,Square,Revenue,,,,,
2025-01-31,2025,1,Bank of Marin,2025 v3.xlsx,Square,Square,527.76,1,Square,Revenue,1,Square,Revenue,,,,,
2025-10-24,2025,10,Bank of Marin,2025 v3.xlsx,Square,Square,527.33,1,Square,Revenue,1,Square,Revenue,,,,,
2025-04-10,2025,4,Bank of Marin,2025 v3.xlsx,Square,Square,526.2,1,Square,Revenue,1,Square,Revenue,,,,,
2026-01-16,2026,1,Bank of Marin,BoM master,Square,Square,523.19,1,Square,Revenue,1,Square,Revenue,,,,,
2024-06-07,2024,6,Bank of Marin,2024.xlsx Marin clean,Stripe,Stripe,523.04,2,Stripe,Revenue,2,Stripe,Revenue,,,,,
2024-07-25,2024,7,Bank of Marin,2024.xlsx Marin clean,Square,Square,520.92,1,Square,Revenue,1,Square,Revenue,,,,,
2025-01-30,2025,1,Bank of Marin,2025 v3.xlsx,Stripe,Stripe,520.56,2,Stripe,Revenue,2,Stripe,Revenue,,,,,
2023-03-06,2023,3,Bank of Marin,BoM master,Square,Square,519.61,1,Square,Revenue,1,Square,Revenue,,,,,
2024-02-21,2024,2,Bank of Marin,2024.xlsx Marin clean,Square,Square,518.95,1,Square,Revenue,1,Square,Revenue,,,,,
2025-10-07,2025,10,Bank of Marin,2025 v3.xlsx,Stripe,Stripe,517.68,2,Stripe,Revenue,2,Stripe,Revenue,,,,,
2024-08-01,2024,8,Bank of Marin,2024.xlsx Marin clean,Square,Square,517.18,1,Square,Revenue,1,Square,Revenue,,,,,
2023-02-07,2023,2,Bank of Marin,BoM master,Square,Square,516.97,1,Square,Revenue,1,Square,Revenue,,,,,
2026-06-08,2026,6,Bank of Marin,BoM master,Stripe,Stripe,516.4,2,Stripe,Revenue,2,Stripe,Revenue,,,,,
2026-03-06,2026,3,Bank of Marin,BoM master,Square,Square,516.08,1,Square,Revenue,1,Square,Revenue,,,,,
2024-03-13,2024,3,Bank of Marin,2024.xlsx Marin clean,Square,Square,515.97,1,Square,Revenue,1,Square,Revenue,,,,,
2024-04-15,2024,4,Bank of Marin,2024.xlsx Marin clean,Stripe,Stripe,515.59,2,Stripe,Revenue,2,Stripe,Revenue,,,,,
2026-02-06,2026,2,Bank of Marin,BoM master,Square,Square,515.49,1,Square,Revenue,1,Square,Revenue,,,,,
2026-03-05,2026,3,Bank of Marin,BoM master,Square,Square,514.55,1,Square,Revenue,1,Square,Revenue,,,,,
2026-03-19,2026,3,Bank of Marin,BoM master,Square,Square,513.13,1,Square,Revenue,1,Square,Revenue,,,,,
2025-12-18,2025,12,Bank of Marin,2025 v3.xlsx,Stripe,Stripe,512.6,2,Stripe,Revenue,2,Stripe,Revenue,,,,,
2025-12-05,2025,12,Bank of Marin,2025 v3.xlsx,Square,Square,512.14,1,Square,Revenue,1,Square,Revenue,,,,,
2025-08-22,2025,8,Bank of Marin,2025 v3.xlsx,Stripe,Stripe,511.71,2,Stripe,Revenue,2,Stripe,Revenue,,,,,
2026-04-06,2026,4,Bank of Marin,BoM master,Square,Square,511.63,1,Square,Revenue,1,Square,Revenue,,,,,
2025-02-10,2025,2,Bank of Marin,2025 v3.xlsx,Stripe,Stripe,511.26,2,Stripe,Revenue,2,Stripe,Revenue,,,,,
2023-10-10,2023,10,Bank of Marin,BoM master,Square,Square,508.86,1,Square,Revenue,1,Square,Revenue,,,,,
2023-04-19,2023,4,Bank of Marin,BoM master,Square,Square,508.32,1,Square,Revenue,1,Square,Revenue,,,,,
2025-06-10,2025,6,Bank of Marin,2025 v3.xlsx,Stripe,Stripe,507.22,2,Stripe,Revenue,2,Stripe,Revenue,,,,,
2026-04-07,2026,4,Bank of Marin,BoM master,Stripe,Stripe,507.15,2,Stripe,Revenue,2,Stripe,Revenue,,,,,
2025-11-20,2025,11,Bank of Marin,2025 v3.xlsx,Square,Square,505.64,1,Square,Revenue,1,Square,Revenue,,,,,
2023-11-15,2023,11,Bank of Marin,BoM master,Stripe,Stripe,505.48,2,Stripe,Revenue,2,Stripe,Revenue,,,,,
2024-04-26,2024,4,Bank of Marin,2024.xlsx Marin clean,Stripe,Stripe,504.23,2,Stripe,Revenue,2,Stripe,Revenue,,,,,
2024-04-22,2024,4,Bank of Marin,2024.xlsx Marin clean,Square,Square,500.78,1,Square,Revenue,1,Square,Revenue,,,,,
2024-07-17,2024,7,Bank of Marin,2024.xlsx Marin clean,Mobile Deposit,Mobile Deposit,500.0,3,Deposits,Revenue,3,Deposits,Revenue,,,,,
2023-08-08,2023,8,Bank of Marin,BoM master,Square,Square,497.46,1,Square,Revenue,1,Square,Revenue,,,,,
2023-11-21,2023,11,Bank of Marin,BoM master,Stripe,Stripe,497.39,2,Stripe,Revenue,2,Stripe,Revenue,,,,,
2025-04-08,2025,4,Bank of Marin,2025 v3.xlsx,Stripe,Stripe,496.49,2,Stripe,Revenue,2,Stripe,Revenue,,,,,
2025-04-16,2025,4,Bank of Marin,2025 v3.xlsx,Stripe,Stripe,496.48,2,Stripe,Revenue,2,Stripe,Revenue,,,,,
2023-11-17,2023,11,Bank of Marin,BoM master,Stripe,Stripe,496.47,2,Stripe,Revenue,2,Stripe,Revenue,,,,,
2025-04-16,2025,4,Bank of Marin,2025 v3.xlsx,Square,Square,495.74,1,Square,Revenue,1,Square,Revenue,,,,,
2024-03-13,2024,3,Bank of Marin,2024.xlsx Marin clean,Stripe,Stripe,494.97,2,Stripe,Revenue,2,Stripe,Revenue,,,,,
2024-03-27,2024,3,Bank of Marin,2024.xlsx Marin clean,Square,Square,494.62,1,Square,Revenue,1,Square,Revenue,,,,,
2023-08-10,2023,8,Bank of Marin,BoM master,Square,Square,493.78,1,Square,Revenue,1,Square,Revenue,,,,,
2025-10-02,2025,10,Bank of Marin,2025 v3.xlsx,Square,Square,493.64,1,Square,Revenue,1,Square,Revenue,,,,,
2025-10-15,2025,10,Bank of Marin,2025 v3.xlsx,Square,Square,493.21,1,Square,Revenue,1,Square,Revenue,,,,,
2024-07-31,2024,7,Bank of Marin,2024.xlsx Marin clean,Stripe,Stripe,493.07,2,Stripe,Revenue,2,Stripe,Revenue,,,,,
2023-06-26,2023,6,Bank of Marin,BoM master,Deposit,Deposit,492.84,3,Deposits,Revenue,3,Deposits,Revenue,,,,,
2025-09-26,2025,9,Bank of Marin,2025 v3.xlsx,Stripe,Stripe,492.59,2,Stripe,Revenue,2,Stripe,Revenue,,,,,
2026-02-27,2026,2,Bank of Marin,BoM master,Square,Square,492.32,1,Square,Revenue,1,Square,Revenue,,,,,
2025-09-05,2025,9,Bank of Marin,2025 v3.xlsx,Stripe,Stripe,491.98,2,Stripe,Revenue,2,Stripe,Revenue,,,,,
2024-09-20,2024,9,Bank of Marin,2024.xlsx Marin clean,Stripe,Stripe,491.68,2,Stripe,Revenue,2,Stripe,Revenue,,,,,
2025-04-11,2025,4,Bank of Marin,2025 v3.xlsx,Stripe,Stripe,491.68,2,Stripe,Revenue,2,Stripe,Revenue,,,,,
2026-04-02,2026,4,Bank of Marin,BoM master,Stripe,Stripe,491.3,2,Stripe,Revenue,2,Stripe,Revenue,,,,,
2026-04-23,2026,4,Bank of Marin,BoM master,Stripe,Stripe,491.11,2,Stripe,Revenue,2,Stripe,Revenue,,,,,
2025-06-18,2025,6,Bank of Marin,2025 v3.xlsx,Stripe,Stripe,491.09,2,Stripe,Revenue,2,Stripe,Revenue,,,,,
2024-04-25,2024,4,Bank of Marin,2024.xlsx Marin clean,Square,Square,491.01,1,Square,Revenue,1,Square,Revenue,,,,,
2025-05-30,2025,5,Bank of Marin,2025 v3.xlsx,Stripe,Stripe,489.6,2,Stripe,Revenue,2,Stripe,Revenue,,,,,
2026-05-27,2026,5,Bank of Marin,BoM master,Square,Square,488.57,1,Square,Revenue,1,Square,Revenue,,,,,
2023-08-15,2023,8,Bank of Marin,BoM master,Stripe,Stripe,488.36,2,Stripe,Revenue,2,Stripe,Revenue,,,,,
2025-12-10,2025,12,Bank of Marin,2025 v3.xlsx,Square,Square,486.81,1,Square,Revenue,1,Square,Revenue,,,,,
2026-02-06,2026,2,Bank of Marin,BoM master,Stripe,Stripe,486.32,2,Stripe,Revenue,2,Stripe,Revenue,,,,,
2024-06-05,2024,6,Bank of Marin,2024.xlsx Marin clean,Square,Square,485.68,1,Square,Revenue,1,Square,Revenue,,,,,
2025-07-30,2025,7,Bank of Marin,2025 v3.xlsx,Stripe,Stripe,484.83,2,Stripe,Revenue,2,Stripe,Revenue,,,,,
2025-11-18,2025,11,Bank of Marin,2025 v3.xlsx,Stripe,Stripe,484.54,2,Stripe,Revenue,2,Stripe,Revenue,,,,,
2023-11-02,2023,11,Bank of Marin,BoM master,Square,Square,483.68,1,Square,Revenue,1,Square,Revenue,,,,,
2025-03-06,2025,3,Bank of Marin,2025 v3.xlsx,Stripe,Stripe,483.33,2,Stripe,Revenue,2,Stripe,Revenue,,,,,
2023-06-07,2023,6,Bank of Marin,BoM master,Stripe,Stripe,483.33,2,Stripe,Revenue,2,Stripe,Revenue,,,,,
2023-04-24,2023,4,Bank of Marin,BoM master,Stripe,Stripe,483.05,2,Stripe,Revenue,2,Stripe,Revenue,,,,,
2023-04-25,2023,4,Bank of Marin,BoM master,Stripe,Stripe,482.95,2,Stripe,Revenue,2,Stripe,Revenue,,,,,
2023-03-01,2023,3,Bank of Marin,BoM master,Stripe,Stripe,482.88,2,Stripe,Revenue,2,Stripe,Revenue,,,,,
2026-07-20,2026,7,Bank of Marin,BoM master,Square,Square,482.71,1,Square,Revenue,1,Square,Revenue,,,,,
2025-09-02,2025,9,Bank of Marin,2025 v3.xlsx,Square,Square,480.76,1,Square,Revenue,1,Square,Revenue,,,,,
2025-01-24,2025,1,Bank of Marin,2025 v3.xlsx,Stripe,Stripe,480.35,2,Stripe,Revenue,2,Stripe,Revenue,,,,,
2024-05-17,2024,5,Bank of Marin,2024.xlsx Marin clean,Stripe,Stripe,479.74,2,Stripe,Revenue,2,Stripe,Revenue,,,,,
2026-05-13,2026,5,Bank of Marin,BoM master,Square,Square,479.49,1,Square,Revenue,1,Square,Revenue,,,,,
2023-11-10,2023,11,Bank of Marin,BoM master,Square,Square,479.28,1,Square,Revenue,1,Square,Revenue,,,,,
2025-02-03,2025,2,Bank of Marin,2025 v3.xlsx,Square,Square,478.89,1,Square,Revenue,1,Square,Revenue,,,,,
2026-04-29,2026,4,Bank of Marin,BoM master,Stripe,Stripe,478.86,2,Stripe,Revenue,2,Stripe,Revenue,,,,,
2024-09-05,2024,9,Bank of Marin,2024.xlsx Marin clean,Stripe,Stripe,478.4,2,Stripe,Revenue,2,Stripe,Revenue,,,,,
2025-11-17,2025,11,Bank of Marin,2025 v3.xlsx,Square,Square,477.52,1,Square,Revenue,1,Square,Revenue,,,,,
2023-03-21,2023,3,Bank of Marin,BoM master,Stripe,Stripe,477.37,2,Stripe,Revenue,2,Stripe,Revenue,,,,,
2023-11-06,2023,11,Bank of Marin,BoM master,Square,Square,477.02,1,Square,Revenue,1,Square,Revenue,,,,,
2024-06-20,2024,6,Bank of Marin,2024.xlsx Marin clean,Square,Square,476.91,1,Square,Revenue,1,Square,Revenue,,,,,
2024-03-11,2024,3,Bank of Marin,2024.xlsx Marin clean,Stripe,Stripe,474.97,2,Stripe,Revenue,2,Stripe,Revenue,,,,,
2024-09-12,2024,9,Bank of Marin,2024.xlsx Marin clean,Stripe,Stripe,474.97,2,Stripe,Revenue,2,Stripe,Revenue,,,,,
2025-11-05,2025,11,Bank of Marin,2025 v3.xlsx,Stripe,Stripe,474.96,2,Stripe,Revenue,2,Stripe,Revenue,,,,,
2026-03-27,2026,3,Bank of Marin,BoM master,Square,Square,474.67,1,Square,Revenue,1,Square,Revenue,,,,,
2023-05-04,2023,5,Bank of Marin,BoM master,Square,Square,474.47,1,Square,Revenue,1,Square,Revenue,,,,,
2024-10-10,2024,10,Bank of Marin,2024.xlsx Marin clean,Square,Square,474.3,1,Square,Revenue,1,Square,Revenue,,,,,
2023-03-27,2023,3,Bank of Marin,BoM master,Square,Square,473.19,1,Square,Revenue,1,Square,Revenue,,,,,
2024-09-06,2024,9,Bank of Marin,2024.xlsx Marin clean,Stripe,Stripe,473.13,2,Stripe,Revenue,2,Stripe,Revenue,,,,,
2023-12-28,2023,12,Bank of Marin,BoM master,Stripe,Stripe,472.96,2,Stripe,Revenue,2,Stripe,Revenue,,,,,
2023-03-22,2023,3,Bank of Marin,BoM master,Stripe,Stripe,472.29,2,Stripe,Revenue,2,Stripe,Revenue,,,,,
2023-02-01,2023,2,Bank of Marin,BoM master,Stripe,Stripe,472.21,2,Stripe,Revenue,2,Stripe,Revenue,,,,,
2025-11-07,2025,11,Bank of Marin,2025 v3.xlsx,Stripe,Stripe,472.03,2,Stripe,Revenue,2,Stripe,Revenue,,,,,
2023-08-08,2023,8,Bank of Marin,BoM master,Stripe,Stripe,471.97,2,Stripe,Revenue,2,Stripe,Revenue,,,,,
2024-03-07,2024,3,Bank of Marin,2024.xlsx Marin clean,Square,Square,471.4,1,Square,Revenue,1,Square,Revenue,,,,,
2025-03-12,2025,3,Bank of Marin,2025 v3.xlsx,Square,Square,471.33,1,Square,Revenue,1,Square,Revenue,,,,,
2026-02-05,2026,2,Bank of Marin,BoM master,Stripe,Stripe,470.17,2,Stripe,Revenue,2,Stripe,Revenue,,,,,
2026-04-24,2026,4,Bank of Marin,BoM master,Stripe,Stripe,470.13,2,Stripe,Revenue,2,Stripe,Revenue,,,,,
2025-12-08,2025,12,Bank of Marin,2025 v3.xlsx,Stripe,Stripe,469.58,2,Stripe,Revenue,2,Stripe,Revenue,,,,,
2024-06-04,2024,6,Bank of Marin,2024.xlsx Marin clean,Stripe,Stripe,469.48,2,Stripe,Revenue,2,Stripe,Revenue,,,,,
2025-01-27,2025,1,Bank of Marin,2025 v3.xlsx,Stripe,Stripe,469.04,2,Stripe,Revenue,2,Stripe,Revenue,,,,,
2024-09-25,2024,9,Bank of Marin,2024.xlsx Marin clean,Square,Square,468.97,1,Square,Revenue,1,Square,Revenue,,,,,
2026-06-01,2026,6,Bank of Marin,BoM master,Square,Square,468.84,1,Square,Revenue,1,Square,Revenue,,,,,
2023-08-11,2023,8,Bank of Marin,BoM master,Stripe,Stripe,468.24,2,Stripe,Revenue,2,Stripe,Revenue,,,,,
2025-07-03,2025,7,Bank of Marin,2025 v3.xlsx,Stripe,Stripe,468.09,2,Stripe,Revenue,2,Stripe,Revenue,,,,,
2025-03-24,2025,3,Bank of Marin,2025 v3.xlsx,Square,Square,467.64,1,Square,Revenue,1,Square,Revenue,,,,,
2025-12-23,2025,12,Bank of Marin,2025 v3.xlsx,Stripe,Stripe,466.69,2,Stripe,Revenue,2,Stripe,Revenue,,,,,
2025-08-07,2025,8,Bank of Marin,2025 v3.xlsx,Stripe,Stripe,462.72,2,Stripe,Revenue,2,Stripe,Revenue,,,,,
2024-07-10,2024,7,Bank of Marin,2024.xlsx Marin clean,Stripe,Stripe,462.71,2,Stripe,Revenue,2,Stripe,Revenue,,,,,
2024-06-27,2024,6,Bank of Marin,2024.xlsx Marin clean,Square,Square,462.03,1,Square,Revenue,1,Square,Revenue,,,,,
2023-02-03,2023,2,Bank of Marin,BoM master,Stripe,Stripe,461.54,2,Stripe,Revenue,2,Stripe,Revenue,,,,,
2025-04-30,2025,4,Bank of Marin,2025 v3.xlsx,Stripe,Stripe,461.23,2,Stripe,Revenue,2,Stripe,Revenue,,,,,
2023-04-20,2023,4,Bank of Marin,BoM master,Stripe,Stripe,460.33,2,Stripe,Revenue,2,Stripe,Revenue,,,,,
2024-11-22,2024,11,Bank of Marin,2024.xlsx Marin clean,Square,Square,460.1,1,Square,Revenue,1,Square,Revenue,,,,,
2024-04-29,2024,4,Bank of Marin,2024.xlsx Marin clean,Square,Square,459.6,1,Square,Revenue,1,Square,Revenue,,,,,
2026-01-13,2026,1,Bank of Marin,BoM master,Stripe,Stripe,458.85,2,Stripe,Revenue,2,Stripe,Revenue,,,,,
2023-10-24,2023,10,Bank of Marin,BoM master,Stripe,Stripe,458.83,2,Stripe,Revenue,2,Stripe,Revenue,,,,,
2024-07-25,2024,7,Bank of Marin,2024.xlsx Marin clean,Stripe,Stripe,457.93,2,Stripe,Revenue,2,Stripe,Revenue,,,,,
2025-03-26,2025,3,Bank of Marin,2025 v3.xlsx,Stripe,Stripe,457.35,2,Stripe,Revenue,2,Stripe,Revenue,,,,,
2024-10-21,2024,10,Bank of Marin,2024.xlsx Marin clean,Square,Square,456.29,1,Square,Revenue,1,Square,Revenue,,,,,
2026-05-04,2026,5,Bank of Marin,BoM master,Square,Square,456.16,1,Square,Revenue,1,Square,Revenue,,,,,
2024-06-28,2024,6,Bank of Marin,2024.xlsx Marin clean,Square,Square,456.13,1,Square,Revenue,1,Square,Revenue,,,,,
2023-08-16,2023,8,Bank of Marin,BoM master,Stripe,Stripe,456.13,2,Stripe,Revenue,2,Stripe,Revenue,,,,,
2025-10-23,2025,10,Bank of Marin,2025 v3.xlsx,Square,Square,454.53,1,Square,Revenue,1,Square,Revenue,,,,,
2025-01-29,2025,1,Bank of Marin,2025 v3.xlsx,Stripe,Stripe,453.39,2,Stripe,Revenue,2,Stripe,Revenue,,,,,
2025-02-26,2025,2,Bank of Marin,2025 v3.xlsx,Stripe,Stripe,451.8,2,Stripe,Revenue,2,Stripe,Revenue,,,,,
2024-01-18,2024,1,Bank of Marin,2024.xlsx Marin clean,Square,Square,450.85,1,Square,Revenue,1,Square,Revenue,,,,,
2023-04-04,2023,4,Bank of Marin,BoM master,Stripe,Stripe,450.78,2,Stripe,Revenue,2,Stripe,Revenue,,,,,
2023-11-10,2023,11,Bank of Marin,BoM master,Mobile Deposit,Mobile Deposit,450.0,3,Deposits,Revenue,3,Deposits,Revenue,,,,,
2024-10-09,2024,10,Bank of Marin,2024.xlsx Marin clean,Stripe,Stripe,447.78,2,Stripe,Revenue,2,Stripe,Revenue,,,,,
2025-06-16,2025,6,Bank of Marin,2025 v3.xlsx,Square,Square,446.58,1,Square,Revenue,1,Square,Revenue,,,,,
2025-12-19,2025,12,Bank of Marin,2025 v3.xlsx,Stripe,Stripe,443.6,2,Stripe,Revenue,2,Stripe,Revenue,,,,,
2024-10-18,2024,10,Bank of Marin,2024.xlsx Marin clean,Square,Square,443.57,1,Square,Revenue,1,Square,Revenue,,,,,
2023-06-28,2023,6,Bank of Marin,BoM master,Square,Square,443.41,1,Square,Revenue,1,Square,Revenue,,,,,
2023-10-20,2023,10,Bank of Marin,BoM master,Square,Square,442.77,1,Square,Revenue,1,Square,Revenue,,,,,
2023-03-17,2023,3,Bank of Marin,BoM master,Stripe,Stripe,442.27,2,Stripe,Revenue,2,Stripe,Revenue,,,,,
2026-06-11,2026,6,Bank of Marin,BoM master,Stripe,Stripe,442.11,2,Stripe,Revenue,2,Stripe,Revenue,,,,,
2026-01-22,2026,1,Bank of Marin,BoM master,Square,Square,441.89,1,Square,Revenue,1,Square,Revenue,,,,,
2024-07-26,2024,7,Bank of Marin,2024.xlsx Marin clean,Square,Square,441.36,1,Square,Revenue,1,Square,Revenue,,,,,
2024-03-06,2024,3,Bank of Marin,2024.xlsx Marin clean,Stripe,Stripe,440.72,2,Stripe,Revenue,2,Stripe,Revenue,,,,,
2026-07-21,2026,7,Bank of Marin,BoM master,Stripe,Stripe,440.32,2,Stripe,Revenue,2,Stripe,Revenue,,,,,
2023-01-09,2023,1,Bank of Marin,BoM master,Stripe,Stripe,440.32,2,Stripe,Revenue,2,Stripe,Revenue,,,,,
2026-01-26,2026,1,Bank of Marin,BoM master,Stripe,Stripe,439.33,2,Stripe,Revenue,2,Stripe,Revenue,,,,,
2023-11-29,2023,11,Bank of Marin,BoM master,Square,Square,437.77,1,Square,Revenue,1,Square,Revenue,,,,,
2026-06-16,2026,6,Bank of Marin,BoM master,Stripe,Stripe,437.74,2,Stripe,Revenue,2,Stripe,Revenue,,,,,
2025-01-27,2025,1,Bank of Marin,2025 v3.xlsx,Square,Square,437.25,1,Square,Revenue,1,Square,Revenue,,,,,
2024-07-10,2024,7,Bank of Marin,2024.xlsx Marin clean,Square,Square,437.19,1,Square,Revenue,1,Square,Revenue,,,,,
2023-06-09,2023,6,Bank of Marin,BoM master,Stripe,Stripe,436.7,2,Stripe,Revenue,2,Stripe,Revenue,,,,,
2026-03-16,2026,3,Bank of Marin,BoM master,Square,Square,436.37,1,Square,Revenue,1,Square,Revenue,,,,,
2025-03-10,2025,3,Bank of Marin,2025 v3.xlsx,Stripe,Stripe,436.26,2,Stripe,Revenue,2,Stripe,Revenue,,,,,
2024-12-09,2024,12,Bank of Marin,2024.xlsx Marin clean,Square,Square,435.64,1,Square,Revenue,1,Square,Revenue,,,,,
2023-08-22,2023,8,Bank of Marin,BoM master,Stripe,Stripe,435.41,2,Stripe,Revenue,2,Stripe,Revenue,,,,,
2024-01-22,2024,1,Bank of Marin,2024.xlsx Marin clean,Square,Square,435.37,1,Square,Revenue,1,Square,Revenue,,,,,
2023-06-15,2023,6,Bank of Marin,BoM master,Square,Square,435.22,1,Square,Revenue,1,Square,Revenue,,,,,
2023-10-30,2023,10,Bank of Marin,BoM master,Square,Square,434.88,1,Square,Revenue,1,Square,Revenue,,,,,
2023-03-13,2023,3,Bank of Marin,BoM master,Stripe,Stripe,433.44,2,Stripe,Revenue,2,Stripe,Revenue,,,,,
2023-02-17,2023,2,Bank of Marin,BoM master,Stripe,Stripe,433.33,2,Stripe,Revenue,2,Stripe,Revenue,,,,,
2023-05-24,2023,5,Bank of Marin,BoM master,Stripe,Stripe,433.15,2,Stripe,Revenue,2,Stripe,Revenue,,,,,
2024-07-29,2024,7,Bank of Marin,2024.xlsx Marin clean,Stripe,Stripe,432.85,2,Stripe,Revenue,2,Stripe,Revenue,,,,,
2025-07-28,2025,7,Bank of Marin,2025 v3.xlsx,Stripe,Stripe,432.53,2,Stripe,Revenue,2,Stripe,Revenue,,,,,
2026-06-03,2026,6,Bank of Marin,BoM master,Square,Square,432.0,1,Square,Revenue,1,Square,Revenue,,,,,
2025-11-03,2025,11,Bank of Marin,2025 v3.xlsx,Square,Square,431.89,1,Square,Revenue,1,Square,Revenue,,,,,
2024-06-24,2024,6,Bank of Marin,2024.xlsx Marin clean,Stripe,Stripe,430.72,2,Stripe,Revenue,2,Stripe,Revenue,,,,,
2025-05-05,2025,5,Bank of Marin,2025 v3.xlsx,Square,Square,430.51,1,Square,Revenue,1,Square,Revenue,,,,,
2024-02-20,2024,2,Bank of Marin,2024.xlsx Marin clean,Stripe,Stripe,429.85,2,Stripe,Revenue,2,Stripe,Revenue,,,,,
2025-01-09,2025,1,Bank of Marin,2025 v3.xlsx,Square,Square,428.8,1,Square,Revenue,1,Square,Revenue,,,,,
2025-03-27,2025,3,Bank of Marin,2025 v3.xlsx,Square,Square,428.6,1,Square,Revenue,1,Square,Revenue,,,,,
2023-11-24,2023,11,Bank of Marin,BoM master,Stripe,Stripe,426.56,2,Stripe,Revenue,2,Stripe,Revenue,,,,,
2023-03-29,2023,3,Bank of Marin,BoM master,Stripe,Stripe,426.13,2,Stripe,Revenue,2,Stripe,Revenue,,,,,
2025-10-27,2025,10,Bank of Marin,2025 v3.xlsx,Stripe,Stripe,425.68,2,Stripe,Revenue,2,Stripe,Revenue,,,,,
2026-04-08,2026,4,Bank of Marin,BoM master,Square,Square,424.64,1,Square,Revenue,1,Square,Revenue,,,,,
2026-01-28,2026,1,Bank of Marin,BoM master,Square,Square,423.89,1,Square,Revenue,1,Square,Revenue,,,,,
2023-07-14,2023,7,Bank of Marin,BoM master,Square,Square,423.22,1,Square,Revenue,1,Square,Revenue,,,,,
2024-03-04,2024,3,Bank of Marin,2024.xlsx Marin clean,Square,Square,422.88,1,Square,Revenue,1,Square,Revenue,,,,,
2025-06-20,2025,6,Bank of Marin,2025 v3.xlsx,Square,Square,422.78,1,Square,Revenue,1,Square,Revenue,,,,,
2023-06-01,2023,6,Bank of Marin,BoM master,Square,Square,422.74,1,Square,Revenue,1,Square,Revenue,,,,,
2025-03-14,2025,3,Bank of Marin,2025 v3.xlsx,Square,Square,422.46,1,Square,Revenue,1,Square,Revenue,,,,,
2023-08-11,2023,8,Bank of Marin,BoM master,Square,Square,422.28,1,Square,Revenue,1,Square,Revenue,,,,,
2026-06-15,2026,6,Bank of Marin,BoM master,Square,Square,421.65,1,Square,Revenue,1,Square,Revenue,,,,,
2026-01-30,2026,1,Bank of Marin,BoM master,Square,Square,421.44,1,Square,Revenue,1,Square,Revenue,,,,,
2026-01-28,2026,1,Bank of Marin,BoM master,Stripe,Stripe,421.2,2,Stripe,Revenue,2,Stripe,Revenue,,,,,
2024-02-23,2024,2,Bank of Marin,2024.xlsx Marin clean,Stripe,Stripe,421.19,2,Stripe,Revenue,2,Stripe,Revenue,,,,,
2024-05-16,2024,5,Bank of Marin,2024.xlsx Marin clean,Stripe,Stripe,421.19,2,Stripe,Revenue,2,Stripe,Revenue,,,,,
2023-06-08,2023,6,Bank of Marin,BoM master,Stripe,Stripe,421.06,2,Stripe,Revenue,2,Stripe,Revenue,,,,,
2024-03-12,2024,3,Bank of Marin,2024.xlsx Marin clean,Stripe,Stripe,420.45,2,Stripe,Revenue,2,Stripe,Revenue,,,,,
2023-12-18,2023,12,Bank of Marin,BoM master,Mobile Deposit,Mobile Deposit,420.0,3,Deposits,Revenue,3,Deposits,Revenue,,,,,
2023-11-30,2023,11,Bank of Marin,BoM master,Square,Square,419.94,1,Square,Revenue,1,Square,Revenue,,,,,
2026-06-12,2026,6,Bank of Marin,BoM master,Square,Square,419.93,1,Square,Revenue,1,Square,Revenue,,,,,
2024-05-29,2024,5,Bank of Marin,2024.xlsx Marin clean,Square,Square,418.98,1,Square,Revenue,1,Square,Revenue,,,,,
2026-02-25,2026,2,Bank of Marin,BoM master,Square,Square,418.81,1,Square,Revenue,1,Square,Revenue,,,,,
2026-01-22,2026,1,Bank of Marin,BoM master,Stripe,Stripe,418.53,2,Stripe,Revenue,2,Stripe,Revenue,,,,,
2023-08-14,2023,8,Bank of Marin,BoM master,Square,Square,418.3,1,Square,Revenue,1,Square,Revenue,,,,,
2025-06-23,2025,6,Bank of Marin,2025 v3.xlsx,Square,Square,417.81,1,Square,Revenue,1,Square,Revenue,,,,,
2026-06-08,2026,6,Bank of Marin,BoM master,Square,Square,417.16,1,Square,Revenue,1,Square,Revenue,,,,,
2026-04-16,2026,4,Bank of Marin,BoM master,Square,Square,417.13,1,Square,Revenue,1,Square,Revenue,,,,,
2024-12-05,2024,12,Bank of Marin,2024.xlsx Marin clean,Stripe,Stripe,416.72,2,Stripe,Revenue,2,Stripe,Revenue,,,,,
2026-01-20,2026,1,Bank of Marin,BoM master,Stripe,Stripe,416.71,2,Stripe,Revenue,2,Stripe,Revenue,,,,,
2023-12-06,2023,12,Bank of Marin,BoM master,Stripe,Stripe,416.71,2,Stripe,Revenue,2,Stripe,Revenue,,,,,
2026-01-12,2026,1,Bank of Marin,BoM master,Square,Square,416.66,1,Square,Revenue,1,Square,Revenue,,,,,
2023-12-26,2023,12,Bank of Marin,BoM master,Square,Square,416.56,1,Square,Revenue,1,Square,Revenue,,,,,
2026-03-26,2026,3,Bank of Marin,BoM master,Stripe,Stripe,416.44,2,Stripe,Revenue,2,Stripe,Revenue,,,,,
2024-02-06,2024,2,Bank of Marin,2024.xlsx Marin clean,Stripe,Stripe,416.42,2,Stripe,Revenue,2,Stripe,Revenue,,,,,
2026-06-17,2026,6,Bank of Marin,BoM master,Square,Square,416.29,1,Square,Revenue,1,Square,Revenue,,,,,
2025-08-13,2025,8,Bank of Marin,2025 v3.xlsx,Square,Square,415.61,1,Square,Revenue,1,Square,Revenue,,,,,
2024-03-22,2024,3,Bank of Marin,2024.xlsx Marin clean,Stripe,Stripe,415.22,2,Stripe,Revenue,2,Stripe,Revenue,,,,,
2023-06-14,2023,6,Bank of Marin,BoM master,Stripe,Stripe,414.85,2,Stripe,Revenue,2,Stripe,Revenue,,,,,
2026-01-14,2026,1,Bank of Marin,BoM master,Square,Square,414.4,1,Square,Revenue,1,Square,Revenue,,,,,
2024-07-30,2024,7,Bank of Marin,2024.xlsx Marin clean,Stripe,Stripe,414.34,2,Stripe,Revenue,2,Stripe,Revenue,,,,,
2025-08-06,2025,8,Bank of Marin,2025 v3.xlsx,Square,Square,413.12,1,Square,Revenue,1,Square,Revenue,,,,,
2023-10-12,2023,10,Bank of Marin,BoM master,Square,Square,412.83,1,Square,Revenue,1,Square,Revenue,,,,,
2025-07-01,2025,7,Bank of Marin,2025 v3.xlsx,Stripe,Stripe,412.02,2,Stripe,Revenue,2,Stripe,Revenue,,,,,
2023-09-29,2023,9,Bank of Marin,BoM master,Square,Square,411.39,1,Square,Revenue,1,Square,Revenue,,,,,
2023-11-08,2023,11,Bank of Marin,BoM master,Stripe,Stripe,410.44,2,Stripe,Revenue,2,Stripe,Revenue,,,,,
2024-04-01,2024,4,Bank of Marin,2024.xlsx Marin clean,Stripe,Stripe,410.43,2,Stripe,Revenue,2,Stripe,Revenue,,,,,
2024-05-15,2024,5,Bank of Marin,2024.xlsx Marin clean,Square,Square,409.36,1,Square,Revenue,1,Square,Revenue,,,,,
2025-11-05,2025,11,Bank of Marin,2025 v3.xlsx,Square,Square,409.21,1,Square,Revenue,1,Square,Revenue,,,,,
2023-01-09,2023,1,Bank of Marin,BoM master,Square,Square,408.92,1,Square,Revenue,1,Square,Revenue,,,,,
2026-06-22,2026,6,Bank of Marin,BoM master,Square,Square,408.2,1,Square,Revenue,1,Square,Revenue,,,,,
2023-01-05,2023,1,Bank of Marin,BoM master,Square,Square,407.9,1,Square,Revenue,1,Square,Revenue,,,,,
2023-12-21,2023,12,Bank of Marin,BoM master,Square,Square,406.59,1,Square,Revenue,1,Square,Revenue,,,,,
2026-03-24,2026,3,Bank of Marin,BoM master,Stripe,Stripe,406.27,2,Stripe,Revenue,2,Stripe,Revenue,,,,,
2025-12-08,2025,12,Bank of Marin,2025 v3.xlsx,Square,Square,406.23,1,Square,Revenue,1,Square,Revenue,,,,,
2025-09-11,2025,9,Bank of Marin,2025 v3.xlsx,Square,Square,405.9,1,Square,Revenue,1,Square,Revenue,,,,,
2025-10-28,2025,10,Bank of Marin,2025 v3.xlsx,Stripe,Stripe,405.67,2,Stripe,Revenue,2,Stripe,Revenue,,,,,
2023-04-14,2023,4,Bank of Marin,BoM master,Stripe,Stripe,405.22,2,Stripe,Revenue,2,Stripe,Revenue,,,,,
2024-02-29,2024,2,Bank of Marin,2024.xlsx Marin clean,Stripe,Stripe,405.07,2,Stripe,Revenue,2,Stripe,Revenue,,,,,
2023-07-17,2023,7,Bank of Marin,BoM master,Square,Square,404.01,1,Square,Revenue,1,Square,Revenue,,,,,
2026-02-26,2026,2,Bank of Marin,BoM master,Square,Square,403.95,1,Square,Revenue,1,Square,Revenue,,,,,
2026-04-10,2026,4,Bank of Marin,BoM master,Stripe,Stripe,403.74,2,Stripe,Revenue,2,Stripe,Revenue,,,,,
2025-06-25,2025,6,Bank of Marin,2025 v3.xlsx,Square,Square,403.52,1,Square,Revenue,1,Square,Revenue,,,,,
2023-05-22,2023,5,Bank of Marin,BoM master,Square,Square,403.01,1,Square,Revenue,1,Square,Revenue,,,,,
2023-03-16,2023,3,Bank of Marin,BoM master,Square,Square,402.85,1,Square,Revenue,1,Square,Revenue,,,,,
2026-06-18,2026,6,Bank of Marin,BoM master,Square,Square,402.78,1,Square,Revenue,1,Square,Revenue,,,,,
2023-10-16,2023,10,Bank of Marin,BoM master,Square,Square,402.77,1,Square,Revenue,1,Square,Revenue,,,,,
2023-08-03,2023,8,Bank of Marin,BoM master,Stripe,Stripe,402.68,2,Stripe,Revenue,2,Stripe,Revenue,,,,,
2025-05-21,2025,5,Bank of Marin,2025 v3.xlsx,Square,Square,402.58,1,Square,Revenue,1,Square,Revenue,,,,,
2025-05-05,2025,5,Bank of Marin,2025 v3.xlsx,Square,Square,402.36,1,Square,Revenue,1,Square,Revenue,,,,,
2023-06-16,2023,6,Bank of Marin,BoM master,Stripe,Stripe,402.16,2,Stripe,Revenue,2,Stripe,Revenue,,,,,
2024-03-06,2024,3,Bank of Marin,2024.xlsx Marin clean,Square,Square,401.97,1,Square,Revenue,1,Square,Revenue,,,,,
2025-12-15,2025,12,Bank of Marin,2025 v3.xlsx,Square,Square,401.32,1,Square,Revenue,1,Square,Revenue,,,,,
2025-05-28,2025,5,Bank of Marin,2025 v3.xlsx,Square,Square,400.99,1,Square,Revenue,1,Square,Revenue,,,,,
2026-03-18,2026,3,Bank of Marin,BoM master,Square,Square,400.26,1,Square,Revenue,1,Square,Revenue,,,,,
2024-11-21,2024,11,Bank of Marin,2024.xlsx Marin clean,Square,Square,400.08,1,Square,Revenue,1,Square,Revenue,,,,,
2024-03-25,2024,3,Bank of Marin,2024.xlsx Marin clean,Stripe,Stripe,399.89,2,Stripe,Revenue,2,Stripe,Revenue,,,,,
2023-08-30,2023,8,Bank of Marin,BoM master,Stripe,Stripe,399.13,2,Stripe,Revenue,2,Stripe,Revenue,,,,,
2025-04-28,2025,4,Bank of Marin,2025 v3.xlsx,Stripe,Stripe,399.09,2,Stripe,Revenue,2,Stripe,Revenue,,,,,
2025-06-20,2025,6,Bank of Marin,2025 v3.xlsx,Square,Square,397.84,1,Square,Revenue,1,Square,Revenue,,,,,
2023-07-10,2023,7,Bank of Marin,BoM master,Square,Square,397.27,1,Square,Revenue,1,Square,Revenue,,,,,
2026-01-08,2026,1,Bank of Marin,BoM master,Square,Square,396.31,1,Square,Revenue,1,Square,Revenue,,,,,
2025-04-21,2025,4,Bank of Marin,2025 v3.xlsx,Stripe,Stripe,395.79,2,Stripe,Revenue,2,Stripe,Revenue,,,,,
2026-07-17,2026,7,Bank of Marin,BoM master,Square,Square,395.59,1,Square,Revenue,1,Square,Revenue,,,,,
2025-11-10,2025,11,Bank of Marin,2025 v3.xlsx,Square,Square,395.26,1,Square,Revenue,1,Square,Revenue,,,,,
2025-09-30,2025,9,Bank of Marin,2025 v3.xlsx,Stripe,Stripe,395.19,2,Stripe,Revenue,2,Stripe,Revenue,,,,,
2025-06-11,2025,6,Bank of Marin,2025 v3.xlsx,Square,Square,394.96,1,Square,Revenue,1,Square,Revenue,,,,,
2023-09-21,2023,9,Bank of Marin,BoM master,Stripe,Stripe,394.96,2,Stripe,Revenue,2,Stripe,Revenue,,,,,
2024-11-08,2024,11,Bank of Marin,2024.xlsx Marin clean,Square,Square,394.46,1,Square,Revenue,1,Square,Revenue,,,,,
2025-08-04,2025,8,Bank of Marin,2025 v3.xlsx,Stripe,Stripe,394.35,2,Stripe,Revenue,2,Stripe,Revenue,,,,,
2026-03-02,2026,3,Bank of Marin,BoM master,Square,Square,394.32,1,Square,Revenue,1,Square,Revenue,,,,,
2025-06-18,2025,6,Bank of Marin,2025 v3.xlsx,Square,Square,394.0,1,Square,Revenue,1,Square,Revenue,,,,,
2024-01-25,2024,1,Bank of Marin,2024.xlsx Marin clean,Stripe,Stripe,393.71,2,Stripe,Revenue,2,Stripe,Revenue,,,,,
2023-05-26,2023,5,Bank of Marin,BoM master,Square,Square,392.38,1,Square,Revenue,1,Square,Revenue,,,,,
2025-12-04,2025,12,Bank of Marin,2025 v3.xlsx,Square,Square,390.62,1,Square,Revenue,1,Square,Revenue,,,,,
2024-01-18,2024,1,Bank of Marin,2024.xlsx Marin clean,Stripe,Stripe,390.43,2,Stripe,Revenue,2,Stripe,Revenue,,,,,
2025-05-06,2025,5,Bank of Marin,2025 v3.xlsx,Stripe,Stripe,390.42,2,Stripe,Revenue,2,Stripe,Revenue,,,,,
2025-09-19,2025,9,Bank of Marin,2025 v3.xlsx,Square,Square,390.08,1,Square,Revenue,1,Square,Revenue,,,,,
2023-06-12,2023,6,Bank of Marin,BoM master,Square,Square,389.87,1,Square,Revenue,1,Square,Revenue,,,,,
2023-12-14,2023,12,Bank of Marin,BoM master,Stripe,Stripe,389.81,2,Stripe,Revenue,2,Stripe,Revenue,,,,,
2024-04-19,2024,4,Bank of Marin,2024.xlsx Marin clean,Square,Square,389.77,1,Square,Revenue,1,Square,Revenue,,,,,
2026-05-29,2026,5,Bank of Marin,BoM master,Stripe,Stripe,389.52,2,Stripe,Revenue,2,Stripe,Revenue,,,,,
2023-06-21,2023,6,Bank of Marin,BoM master,Stripe,Stripe,389.1,2,Stripe,Revenue,2,Stripe,Revenue,,,,,
2024-07-03,2024,7,Bank of Marin,2024.xlsx Marin clean,Square,Square,388.71,1,Square,Revenue,1,Square,Revenue,,,,,
2025-07-09,2025,7,Bank of Marin,2025 v3.xlsx,Stripe,Stripe,388.33,2,Stripe,Revenue,2,Stripe,Revenue,,,,,
2023-06-05,2023,6,Bank of Marin,BoM master,Square,Square,387.84,1,Square,Revenue,1,Square,Revenue,,,,,
2023-12-26,2023,12,Bank of Marin,BoM master,Square,Square,387.27,1,Square,Revenue,1,Square,Revenue,,,,,
2023-09-25,2023,9,Bank of Marin,BoM master,Square,Square,387.24,1,Square,Revenue,1,Square,Revenue,,,,,
2023-06-14,2023,6,Bank of Marin,BoM master,Square,Square,387.1,1,Square,Revenue,1,Square,Revenue,,,,,
2025-10-09,2025,10,Bank of Marin,2025 v3.xlsx,Square,Square,386.6,1,Square,Revenue,1,Square,Revenue,,,,,
2025-07-02,2025,7,Bank of Marin,2025 v3.xlsx,Square,Square,386.26,1,Square,Revenue,1,Square,Revenue,,,,,
2025-03-20,2025,3,Bank of Marin,2025 v3.xlsx,Square,Square,384.67,1,Square,Revenue,1,Square,Revenue,,,,,
2023-11-02,2023,11,Bank of Marin,BoM master,Stripe,Stripe,384.46,2,Stripe,Revenue,2,Stripe,Revenue,,,,,
2025-11-03,2025,11,Bank of Marin,2025 v3.xlsx,Stripe,Stripe,384.45,2,Stripe,Revenue,2,Stripe,Revenue,,,,,
2025-06-24,2025,6,Bank of Marin,2025 v3.xlsx,Mobile Deposit,Mobile Deposit,384.3,3,Deposits,Revenue,3,Deposits,Revenue,,,,,
2023-04-11,2023,4,Bank of Marin,BoM master,Stripe,Stripe,384.02,2,Stripe,Revenue,2,Stripe,Revenue,,,,,
2023-03-10,2023,3,Bank of Marin,BoM master,Square,Square,384.0,1,Square,Revenue,1,Square,Revenue,,,,,
2023-05-18,2023,5,Bank of Marin,BoM master,Square,Square,383.59,1,Square,Revenue,1,Square,Revenue,,,,,
2025-07-22,2025,7,Bank of Marin,2025 v3.xlsx,Stripe,Stripe,383.55,2,Stripe,Revenue,2,Stripe,Revenue,,,,,
2024-06-11,2024,6,Bank of Marin,2024.xlsx Marin clean,Stripe,Stripe,382.95,2,Stripe,Revenue,2,Stripe,Revenue,,,,,
2026-01-20,2026,1,Bank of Marin,BoM master,Square,Square,382.74,1,Square,Revenue,1,Square,Revenue,,,,,
2026-04-20,2026,4,Bank of Marin,BoM master,Square,Square,382.7,1,Square,Revenue,1,Square,Revenue,,,,,
2026-04-20,2026,4,Bank of Marin,BoM master,Stripe,Stripe,382.4,2,Stripe,Revenue,2,Stripe,Revenue,,,,,
2023-12-15,2023,12,Bank of Marin,BoM master,Stripe,Stripe,382.06,2,Stripe,Revenue,2,Stripe,Revenue,,,,,
2023-04-13,2023,4,Bank of Marin,BoM master,Square,Square,381.79,1,Square,Revenue,1,Square,Revenue,,,,,
2026-05-14,2026,5,Bank of Marin,BoM master,Square,Square,381.76,1,Square,Revenue,1,Square,Revenue,,,,,
2023-05-25,2023,5,Bank of Marin,BoM master,Square,Square,381.47,1,Square,Revenue,1,Square,Revenue,,,,,
2023-07-07,2023,7,Bank of Marin,BoM master,Square,Square,380.57,1,Square,Revenue,1,Square,Revenue,,,,,
2023-08-31,2023,8,Bank of Marin,BoM master,Square,Square,380.24,1,Square,Revenue,1,Square,Revenue,,,,,
2024-05-17,2024,5,Bank of Marin,2024.xlsx Marin clean,Square,Square,380.04,1,Square,Revenue,1,Square,Revenue,,,,,
2025-04-07,2025,4,Bank of Marin,2025 v3.xlsx,Square,Square,379.81,1,Square,Revenue,1,Square,Revenue,,,,,
2025-12-09,2025,12,Bank of Marin,2025 v3.xlsx,Stripe,Stripe,379.67,2,Stripe,Revenue,2,Stripe,Revenue,,,,,
2024-04-05,2024,4,Bank of Marin,2024.xlsx Marin clean,Stripe,Stripe,379.66,2,Stripe,Revenue,2,Stripe,Revenue,,,,,
2023-07-10,2023,7,Bank of Marin,BoM master,Square,Square,379.24,1,Square,Revenue,1,Square,Revenue,,,,,
2025-04-07,2025,4,Bank of Marin,2025 v3.xlsx,Stripe,Stripe,379.08,2,Stripe,Revenue,2,Stripe,Revenue,,,,,
2024-05-29,2024,5,Bank of Marin,2024.xlsx Marin clean,Stripe,Stripe,379.07,2,Stripe,Revenue,2,Stripe,Revenue,,,,,
2023-04-14,2023,4,Bank of Marin,BoM master,Square,Square,378.58,1,Square,Revenue,1,Square,Revenue,,,,,
2023-09-01,2023,9,Bank of Marin,BoM master,Stripe,Stripe,378.32,2,Stripe,Revenue,2,Stripe,Revenue,,,,,
2023-02-27,2023,2,Bank of Marin,BoM master,Square,Square,377.72,1,Square,Revenue,1,Square,Revenue,,,,,
2025-07-16,2025,7,Bank of Marin,2025 v3.xlsx,Square,Square,376.23,1,Square,Revenue,1,Square,Revenue,,,,,
2023-12-07,2023,12,Bank of Marin,BoM master,Square,Square,376.22,1,Square,Revenue,1,Square,Revenue,,,,,
2025-03-21,2025,3,Bank of Marin,2025 v3.xlsx,Stripe,Stripe,375.93,2,Stripe,Revenue,2,Stripe,Revenue,,,,,
2023-03-29,2023,3,Bank of Marin,BoM master,Square,Square,375.85,1,Square,Revenue,1,Square,Revenue,,,,,
2023-08-04,2023,8,Bank of Marin,BoM master,Stripe,Stripe,375.79,2,Stripe,Revenue,2,Stripe,Revenue,,,,,
2025-07-21,2025,7,Bank of Marin,2025 v3.xlsx,Square,Square,372.99,1,Square,Revenue,1,Square,Revenue,,,,,
2025-08-05,2025,8,Bank of Marin,2025 v3.xlsx,Stripe,Stripe,372.81,2,Stripe,Revenue,2,Stripe,Revenue,,,,,
2025-01-27,2025,1,Bank of Marin,2025 v3.xlsx,Square,Square,372.61,1,Square,Revenue,1,Square,Revenue,,,,,
2026-03-09,2026,3,Bank of Marin,BoM master,Stripe,Stripe,372.6,2,Stripe,Revenue,2,Stripe,Revenue,,,,,
2025-08-08,2025,8,Bank of Marin,2025 v3.xlsx,Square,Square,372.44,1,Square,Revenue,1,Square,Revenue,,,,,
2026-02-03,2026,2,Bank of Marin,BoM master,Stripe,Stripe,371.28,2,Stripe,Revenue,2,Stripe,Revenue,,,,,
2025-02-10,2025,2,Bank of Marin,2025 v3.xlsx,Square,Square,371.15,1,Square,Revenue,1,Square,Revenue,,,,,
2026-07-24,2026,7,Bank of Marin,BoM master,Square,Square,369.42,1,Square,Revenue,1,Square,Revenue,,,,,
2026-05-26,2026,5,Bank of Marin,BoM master,Stripe,Stripe,368.92,2,Stripe,Revenue,2,Stripe,Revenue,,,,,
2024-05-06,2024,5,Bank of Marin,2024.xlsx Marin clean,Square,Square,368.86,1,Square,Revenue,1,Square,Revenue,,,,,
2026-03-12,2026,3,Bank of Marin,BoM master,Stripe,Stripe,368.32,2,Stripe,Revenue,2,Stripe,Revenue,,,,,
2024-09-23,2024,9,Bank of Marin,2024.xlsx Marin clean,Square,Square,368.31,1,Square,Revenue,1,Square,Revenue,,,,,
2024-12-05,2024,12,Bank of Marin,2024.xlsx Marin clean,Square,Square,368.2,1,Square,Revenue,1,Square,Revenue,,,,,
2023-04-03,2023,4,Bank of Marin,BoM master,Stripe,Stripe,367.58,2,Stripe,Revenue,2,Stripe,Revenue,,,,,
2024-10-15,2024,10,Bank of Marin,2024.xlsx Marin clean,Square,Square,367.03,1,Square,Revenue,1,Square,Revenue,,,,,
2024-10-07,2024,10,Bank of Marin,2024.xlsx Marin clean,Square,Square,366.96,1,Square,Revenue,1,Square,Revenue,,,,,
2024-04-25,2024,4,Bank of Marin,2024.xlsx Marin clean,Stripe,Stripe,366.83,2,Stripe,Revenue,2,Stripe,Revenue,,,,,
2024-02-20,2024,2,Bank of Marin,2024.xlsx Marin clean,Square,Square,366.77,1,Square,Revenue,1,Square,Revenue,,,,,
2025-04-09,2025,4,Bank of Marin,2025 v3.xlsx,Square,Square,366.39,1,Square,Revenue,1,Square,Revenue,,,,,
2024-01-05,2024,1,Bank of Marin,2024.xlsx Marin clean,Square,Square,366.25,1,Square,Revenue,1,Square,Revenue,,,,,
2023-02-24,2023,2,Bank of Marin,BoM master,Square,Square,365.55,1,Square,Revenue,1,Square,Revenue,,,,,
2023-10-06,2023,10,Bank of Marin,BoM master,Square,Square,365.04,1,Square,Revenue,1,Square,Revenue,,,,,
2026-07-02,2026,7,Bank of Marin,BoM master,Square,Square,364.16,1,Square,Revenue,1,Square,Revenue,,,,,
2023-06-23,2023,6,Bank of Marin,BoM master,Stripe,Stripe,364.0,2,Stripe,Revenue,2,Stripe,Revenue,,,,,
2025-09-12,2025,9,Bank of Marin,2025 v3.xlsx,Square,Square,363.38,1,Square,Revenue,1,Square,Revenue,,,,,
2025-07-02,2025,7,Bank of Marin,2025 v3.xlsx,Stripe,Stripe,362.94,2,Stripe,Revenue,2,Stripe,Revenue,,,,,
2025-07-29,2025,7,Bank of Marin,2025 v3.xlsx,Stripe,Stripe,362.94,2,Stripe,Revenue,2,Stripe,Revenue,,,,,
2024-03-27,2024,3,Bank of Marin,2024.xlsx Marin clean,Stripe,Stripe,362.05,2,Stripe,Revenue,2,Stripe,Revenue,,,,,
2024-08-09,2024,8,Bank of Marin,2024.xlsx Marin clean,Square,Square,361.72,1,Square,Revenue,1,Square,Revenue,,,,,
2026-07-13,2026,7,Bank of Marin,BoM master,Square,Square,361.7,1,Square,Revenue,1,Square,Revenue,,,,,
2025-09-22,2025,9,Bank of Marin,2025 v3.xlsx,Square,Square,361.12,1,Square,Revenue,1,Square,Revenue,,,,,
2025-04-25,2025,4,Bank of Marin,2025 v3.xlsx,Stripe,Stripe,360.75,2,Stripe,Revenue,2,Stripe,Revenue,,,,,
2025-12-16,2025,12,Bank of Marin,2025 v3.xlsx,Stripe,Stripe,358.66,2,Stripe,Revenue,2,Stripe,Revenue,,,,,
2026-07-16,2026,7,Bank of Marin,BoM master,Square,Square,357.62,1,Square,Revenue,1,Square,Revenue,,,,,
2023-08-29,2023,8,Bank of Marin,BoM master,Stripe,Stripe,357.12,2,Stripe,Revenue,2,Stripe,Revenue,,,,,
2026-06-09,2026,6,Bank of Marin,BoM master,Stripe,Stripe,356.04,2,Stripe,Revenue,2,Stripe,Revenue,,,,,
2024-02-02,2024,2,Bank of Marin,2024.xlsx Marin clean,Stripe,Stripe,355.17,2,Stripe,Revenue,2,Stripe,Revenue,,,,,
2025-07-11,2025,7,Bank of Marin,2025 v3.xlsx,Square,Square,354.95,1,Square,Revenue,1,Square,Revenue,,,,,
2024-06-24,2024,6,Bank of Marin,2024.xlsx Marin clean,Square,Square,354.5,1,Square,Revenue,1,Square,Revenue,,,,,
2025-09-10,2025,9,Bank of Marin,2025 v3.xlsx,Square,Square,354.39,1,Square,Revenue,1,Square,Revenue,,,,,
2024-07-05,2024,7,Bank of Marin,2024.xlsx Marin clean,Square,Square,353.31,1,Square,Revenue,1,Square,Revenue,,,,,
2024-07-01,2024,7,Bank of Marin,2024.xlsx Marin clean,Square,Square,352.96,1,Square,Revenue,1,Square,Revenue,,,,,
2026-07-02,2026,7,Bank of Marin,BoM master,Stripe,Stripe,352.2,2,Stripe,Revenue,2,Stripe,Revenue,,,,,
2024-09-16,2024,9,Bank of Marin,2024.xlsx Marin clean,Stripe,Stripe,352.19,2,Stripe,Revenue,2,Stripe,Revenue,,,,,
2023-10-19,2023,10,Bank of Marin,BoM master,Stripe,Stripe,352.19,2,Stripe,Revenue,2,Stripe,Revenue,,,,,
2024-01-19,2024,1,Bank of Marin,2024.xlsx Marin clean,Stripe,Stripe,351.29,2,Stripe,Revenue,2,Stripe,Revenue,,,,,
2024-07-18,2024,7,Bank of Marin,2024.xlsx Marin clean,Stripe,Stripe,351.14,2,Stripe,Revenue,2,Stripe,Revenue,,,,,
2023-06-02,2023,6,Bank of Marin,BoM master,Stripe,Stripe,350.26,2,Stripe,Revenue,2,Stripe,Revenue,,,,,
2025-03-13,2025,3,Bank of Marin,2025 v3.xlsx,Square,Square,349.51,1,Square,Revenue,1,Square,Revenue,,,,,
2025-07-21,2025,7,Bank of Marin,2025 v3.xlsx,Square,Square,349.42,1,Square,Revenue,1,Square,Revenue,,,,,
2023-11-10,2023,11,Bank of Marin,BoM master,Stripe,Stripe,349.13,2,Stripe,Revenue,2,Stripe,Revenue,,,,,
2025-04-30,2025,4,Bank of Marin,2025 v3.xlsx,Square,Square,349.12,1,Square,Revenue,1,Square,Revenue,,,,,
2023-04-21,2023,4,Bank of Marin,BoM master,Stripe,Stripe,348.91,2,Stripe,Revenue,2,Stripe,Revenue,,,,,
2024-11-13,2024,11,Bank of Marin,2024.xlsx Marin clean,Stripe,Stripe,348.69,2,Stripe,Revenue,2,Stripe,Revenue,,,,,
2024-03-22,2024,3,Bank of Marin,2024.xlsx Marin clean,Square,Square,347.23,1,Square,Revenue,1,Square,Revenue,,,,,
2026-02-25,2026,2,Bank of Marin,BoM master,Stripe,Stripe,346.83,2,Stripe,Revenue,2,Stripe,Revenue,,,,,
2023-10-25,2023,10,Bank of Marin,BoM master,Stripe,Stripe,346.82,2,Stripe,Revenue,2,Stripe,Revenue,,,,,
2024-09-25,2024,9,Bank of Marin,2024.xlsx Marin clean,Stripe,Stripe,346.81,2,Stripe,Revenue,2,Stripe,Revenue,,,,,
2025-05-19,2025,5,Bank of Marin,2025 v3.xlsx,Stripe,Stripe,346.81,2,Stripe,Revenue,2,Stripe,Revenue,,,,,
2026-01-15,2026,1,Bank of Marin,BoM master,Stripe,Stripe,346.81,2,Stripe,Revenue,2,Stripe,Revenue,,,,,
2024-08-06,2024,8,Bank of Marin,2024.xlsx Marin clean,Stripe,Stripe,346.51,2,Stripe,Revenue,2,Stripe,Revenue,,,,,
2025-05-01,2025,5,Bank of Marin,2025 v3.xlsx,Square,Square,345.98,1,Square,Revenue,1,Square,Revenue,,,,,
2024-06-13,2024,6,Bank of Marin,2024.xlsx Marin clean,Square,Square,345.11,1,Square,Revenue,1,Square,Revenue,,,,,
2025-06-09,2025,6,Bank of Marin,2025 v3.xlsx,Stripe,Stripe,345.0,2,Stripe,Revenue,2,Stripe,Revenue,,,,,
2026-04-15,2026,4,Bank of Marin,BoM master,Stripe,Stripe,343.01,2,Stripe,Revenue,2,Stripe,Revenue,,,,,
2023-11-07,2023,11,Bank of Marin,BoM master,Stripe,Stripe,342.93,2,Stripe,Revenue,2,Stripe,Revenue,,,,,
2024-10-23,2024,10,Bank of Marin,2024.xlsx Marin clean,Stripe,Stripe,342.32,2,Stripe,Revenue,2,Stripe,Revenue,,,,,
2025-12-05,2025,12,Bank of Marin,2025 v3.xlsx,Stripe,Stripe,342.32,2,Stripe,Revenue,2,Stripe,Revenue,,,,,
2024-08-07,2024,8,Bank of Marin,2024.xlsx Marin clean,Stripe,Stripe,341.78,2,Stripe,Revenue,2,Stripe,Revenue,,,,,
2024-01-05,2024,1,Bank of Marin,2024.xlsx Marin clean,Stripe,Stripe,341.42,2,Stripe,Revenue,2,Stripe,Revenue,,,,,
2023-08-14,2023,8,Bank of Marin,BoM master,Square,Square,341.33,1,Square,Revenue,1,Square,Revenue,,,,,
2024-05-03,2024,5,Bank of Marin,2024.xlsx Marin clean,Square,Square,340.64,1,Square,Revenue,1,Square,Revenue,,,,,
2024-01-29,2024,1,Bank of Marin,2024.xlsx Marin clean,Stripe,Stripe,339.42,2,Stripe,Revenue,2,Stripe,Revenue,,,,,
2023-10-11,2023,10,Bank of Marin,BoM master,Square,Square,339.24,1,Square,Revenue,1,Square,Revenue,,,,,
2024-01-04,2024,1,Bank of Marin,2024.xlsx Marin clean,Square,Square,339.19,1,Square,Revenue,1,Square,Revenue,,,,,
2024-12-13,2024,12,Bank of Marin,2024.xlsx Marin clean,Square,Square,338.58,1,Square,Revenue,1,Square,Revenue,,,,,
2026-03-23,2026,3,Bank of Marin,BoM master,Square,Square,338.03,1,Square,Revenue,1,Square,Revenue,,,,,
2023-09-27,2023,9,Bank of Marin,BoM master,Stripe,Stripe,337.23,2,Stripe,Revenue,2,Stripe,Revenue,,,,,
2024-07-15,2024,7,Bank of Marin,2024.xlsx Marin clean,Square,Square,336.16,1,Square,Revenue,1,Square,Revenue,,,,,
2025-06-06,2025,6,Bank of Marin,2025 v3.xlsx,Stripe,Stripe,336.07,2,Stripe,Revenue,2,Stripe,Revenue,,,,,
2025-10-08,2025,10,Bank of Marin,2025 v3.xlsx,Stripe,Stripe,336.07,2,Stripe,Revenue,2,Stripe,Revenue,,,,,
2025-10-29,2025,10,Bank of Marin,2025 v3.xlsx,Stripe,Stripe,335.46,2,Stripe,Revenue,2,Stripe,Revenue,,,,,
2026-03-13,2026,3,Bank of Marin,BoM master,Square,Square,334.26,1,Square,Revenue,1,Square,Revenue,,,,,
2024-04-11,2024,4,Bank of Marin,2024.xlsx Marin clean,Square,Square,334.03,1,Square,Revenue,1,Square,Revenue,,,,,
2025-10-06,2025,10,Bank of Marin,2025 v3.xlsx,Square,Square,333.95,1,Square,Revenue,1,Square,Revenue,,,,,
2023-11-06,2023,11,Bank of Marin,BoM master,Stripe,Stripe,333.07,2,Stripe,Revenue,2,Stripe,Revenue,,,,,
2024-06-25,2024,6,Bank of Marin,2024.xlsx Marin clean,Mobile Deposit,Mobile Deposit,332.25,3,Deposits,Revenue,3,Deposits,Revenue,,,,,
2025-12-15,2025,12,Bank of Marin,2025 v3.xlsx,Stripe,Stripe,331.82,2,Stripe,Revenue,2,Stripe,Revenue,,,,,
2025-08-11,2025,8,Bank of Marin,2025 v3.xlsx,Square,Square,331.66,1,Square,Revenue,1,Square,Revenue,,,,,
2025-06-30,2025,6,Bank of Marin,2025 v3.xlsx,Square,Square,331.47,1,Square,Revenue,1,Square,Revenue,,,,,
2024-06-03,2024,6,Bank of Marin,2024.xlsx Marin clean,Square,Square,331.32,1,Square,Revenue,1,Square,Revenue,,,,,
2025-09-10,2025,9,Bank of Marin,2025 v3.xlsx,Stripe,Stripe,331.28,2,Stripe,Revenue,2,Stripe,Revenue,,,,,
2023-10-13,2023,10,Bank of Marin,BoM master,Stripe,Stripe,331.28,2,Stripe,Revenue,2,Stripe,Revenue,,,,,
2024-04-16,2024,4,Bank of Marin,2024.xlsx Marin clean,Stripe,Stripe,330.69,2,Stripe,Revenue,2,Stripe,Revenue,,,,,
2023-01-06,2023,1,Bank of Marin,BoM master,Stripe,Stripe,330.25,2,Stripe,Revenue,2,Stripe,Revenue,,,,,
2025-03-06,2025,3,Bank of Marin,2025 v3.xlsx,Square,Square,330.24,1,Square,Revenue,1,Square,Revenue,,,,,
2023-03-02,2023,3,Bank of Marin,BoM master,Stripe,Stripe,330.24,2,Stripe,Revenue,2,Stripe,Revenue,,,,,
2025-04-24,2025,4,Bank of Marin,2025 v3.xlsx,Square,Square,329.84,1,Square,Revenue,1,Square,Revenue,,,,,
2024-07-17,2024,7,Bank of Marin,2024.xlsx Marin clean,Stripe,Stripe,329.79,2,Stripe,Revenue,2,Stripe,Revenue,,,,,
2023-12-13,2023,12,Bank of Marin,BoM master,Stripe,Stripe,329.79,2,Stripe,Revenue,2,Stripe,Revenue,,,,,
2024-07-03,2024,7,Bank of Marin,2024.xlsx Marin clean,Stripe,Stripe,329.43,2,Stripe,Revenue,2,Stripe,Revenue,,,,,
2026-03-20,2026,3,Bank of Marin,BoM master,Stripe,Stripe,329.21,2,Stripe,Revenue,2,Stripe,Revenue,,,,,
2024-11-12,2024,11,Bank of Marin,2024.xlsx Marin clean,Stripe,Stripe,328.9,2,Stripe,Revenue,2,Stripe,Revenue,,,,,
2024-02-27,2024,2,Bank of Marin,2024.xlsx Marin clean,Stripe,Stripe,328.34,2,Stripe,Revenue,2,Stripe,Revenue,,,,,
2023-09-26,2023,9,Bank of Marin,BoM master,Stripe,Stripe,327.09,2,Stripe,Revenue,2,Stripe,Revenue,,,,,
2026-01-29,2026,1,Bank of Marin,BoM master,Square,Square,326.5,1,Square,Revenue,1,Square,Revenue,,,,,
2025-07-03,2025,7,Bank of Marin,2025 v3.xlsx,Square,Square,326.32,1,Square,Revenue,1,Square,Revenue,,,,,
2024-01-22,2024,1,Bank of Marin,2024.xlsx Marin clean,Stripe,Stripe,325.31,2,Stripe,Revenue,2,Stripe,Revenue,,,,,
2023-10-11,2023,10,Bank of Marin,BoM master,Stripe,Stripe,325.31,2,Stripe,Revenue,2,Stripe,Revenue,,,,,
2025-08-08,2025,8,Bank of Marin,2025 v3.xlsx,Stripe,Stripe,325.3,2,Stripe,Revenue,2,Stripe,Revenue,,,,,
2026-04-17,2026,4,Bank of Marin,BoM master,Square,Square,324.69,1,Square,Revenue,1,Square,Revenue,,,,,
2023-09-18,2023,9,Bank of Marin,BoM master,Stripe,Stripe,324.57,2,Stripe,Revenue,2,Stripe,Revenue,,,,,
2024-12-23,2024,12,Bank of Marin,2024.xlsx Marin clean,Square,Square,324.03,1,Square,Revenue,1,Square,Revenue,,,,,
2025-09-16,2025,9,Bank of Marin,2025 v3.xlsx,Stripe,Stripe,323.81,2,Stripe,Revenue,2,Stripe,Revenue,,,,,
2025-10-24,2025,10,Bank of Marin,2025 v3.xlsx,Stripe,Stripe,323.81,2,Stripe,Revenue,2,Stripe,Revenue,,,,,
2023-12-18,2023,12,Bank of Marin,BoM master,Square,Square,323.63,1,Square,Revenue,1,Square,Revenue,,,,,
2024-03-14,2024,3,Bank of Marin,2024.xlsx Marin clean,Square,Square,322.51,1,Square,Revenue,1,Square,Revenue,,,,,
2024-03-04,2024,3,Bank of Marin,2024.xlsx Marin clean,Square,Square,321.06,1,Square,Revenue,1,Square,Revenue,,,,,
2025-05-23,2025,5,Bank of Marin,2025 v3.xlsx,Stripe,Stripe,320.53,2,Stripe,Revenue,2,Stripe,Revenue,,,,,
2026-04-22,2026,4,Bank of Marin,BoM master,Stripe,Stripe,320.53,2,Stripe,Revenue,2,Stripe,Revenue,,,,,
2024-09-09,2024,9,Bank of Marin,2024.xlsx Marin clean,Stripe,Stripe,319.93,2,Stripe,Revenue,2,Stripe,Revenue,,,,,
2025-11-25,2025,11,Bank of Marin,2025 v3.xlsx,Stripe,Stripe,319.33,2,Stripe,Revenue,2,Stripe,Revenue,,,,,
2024-10-11,2024,10,Bank of Marin,2024.xlsx Marin clean,Square,Square,318.91,1,Square,Revenue,1,Square,Revenue,,,,,
2024-06-28,2024,6,Bank of Marin,2024.xlsx Marin clean,Stripe,Stripe,318.8,2,Stripe,Revenue,2,Stripe,Revenue,,,,,
2026-01-15,2026,1,Bank of Marin,BoM master,Square,Square,318.52,1,Square,Revenue,1,Square,Revenue,,,,,
2025-02-28,2025,2,Bank of Marin,2025 v3.xlsx,Square,Square,316.6,1,Square,Revenue,1,Square,Revenue,,,,,
2025-03-31,2025,3,Bank of Marin,2025 v3.xlsx,Stripe,Stripe,316.34,2,Stripe,Revenue,2,Stripe,Revenue,,,,,
2026-04-01,2026,4,Bank of Marin,BoM master,Stripe,Stripe,315.45,2,Stripe,Revenue,2,Stripe,Revenue,,,,,
2025-06-23,2025,6,Bank of Marin,2025 v3.xlsx,Stripe,Stripe,314.56,2,Stripe,Revenue,2,Stripe,Revenue,,,,,
2025-06-26,2025,6,Bank of Marin,2025 v3.xlsx,Stripe,Stripe,314.56,2,Stripe,Revenue,2,Stripe,Revenue,,,,,
2025-09-17,2025,9,Bank of Marin,2025 v3.xlsx,Stripe,Stripe,314.56,2,Stripe,Revenue,2,Stripe,Revenue,,,,,
2025-08-28,2025,8,Bank of Marin,2025 v3.xlsx,Square,Square,314.55,1,Square,Revenue,1,Square,Revenue,,,,,
2023-02-28,2023,2,Bank of Marin,BoM master,Stripe,Stripe,314.49,2,Stripe,Revenue,2,Stripe,Revenue,,,,,
2023-10-13,2023,10,Bank of Marin,BoM master,Square,Square,313.35,1,Square,Revenue,1,Square,Revenue,,,,,
2024-11-18,2024,11,Bank of Marin,2024.xlsx Marin clean,Stripe,Stripe,312.33,2,Stripe,Revenue,2,Stripe,Revenue,,,,,
2025-09-25,2025,9,Bank of Marin,2025 v3.xlsx,Square,Square,311.69,1,Square,Revenue,1,Square,Revenue,,,,,
2025-06-30,2025,6,Bank of Marin,2025 v3.xlsx,Stripe,Stripe,311.57,2,Stripe,Revenue,2,Stripe,Revenue,,,,,
2024-04-22,2024,4,Bank of Marin,2024.xlsx Marin clean,Square,Square,311.12,1,Square,Revenue,1,Square,Revenue,,,,,
2023-02-07,2023,2,Bank of Marin,BoM master,Stripe,Stripe,310.98,2,Stripe,Revenue,2,Stripe,Revenue,,,,,
2025-02-19,2025,2,Bank of Marin,2025 v3.xlsx,Stripe,Stripe,310.66,2,Stripe,Revenue,2,Stripe,Revenue,,,,,
2025-08-12,2025,8,Bank of Marin,2025 v3.xlsx,Stripe,Stripe,310.07,2,Stripe,Revenue,2,Stripe,Revenue,,,,,
2026-04-02,2026,4,Bank of Marin,BoM master,Square,Square,309.75,1,Square,Revenue,1,Square,Revenue,,,,,
2025-08-21,2025,8,Bank of Marin,2025 v3.xlsx,Stripe,Stripe,309.18,2,Stripe,Revenue,2,Stripe,Revenue,,,,,
2023-05-26,2023,5,Bank of Marin,BoM master,Stripe,Stripe,308.75,2,Stripe,Revenue,2,Stripe,Revenue,,,,,
2023-03-09,2023,3,Bank of Marin,BoM master,Stripe,Stripe,308.73,2,Stripe,Revenue,2,Stripe,Revenue,,,,,
2025-10-22,2025,10,Bank of Marin,2025 v3.xlsx,Stripe,Stripe,308.29,2,Stripe,Revenue,2,Stripe,Revenue,,,,,
2024-07-01,2024,7,Bank of Marin,2024.xlsx Marin clean,Square,Square,308.03,1,Square,Revenue,1,Square,Revenue,,,,,
2025-07-18,2025,7,Bank of Marin,2025 v3.xlsx,Stripe,Stripe,307.86,2,Stripe,Revenue,2,Stripe,Revenue,,,,,
2023-05-31,2023,5,Bank of Marin,BoM master,Square,Square,307.13,1,Square,Revenue,1,Square,Revenue,,,,,
2024-10-17,2024,10,Bank of Marin,2024.xlsx Marin clean,Square,Square,307.1,1,Square,Revenue,1,Square,Revenue,,,,,
2025-08-15,2025,8,Bank of Marin,2025 v3.xlsx,Square,Square,306.29,1,Square,Revenue,1,Square,Revenue,,,,,
2023-06-12,2023,6,Bank of Marin,BoM master,Stripe,Stripe,305.85,2,Stripe,Revenue,2,Stripe,Revenue,,,,,
2024-04-09,2024,4,Bank of Marin,2024.xlsx Marin clean,Stripe,Stripe,305.74,2,Stripe,Revenue,2,Stripe,Revenue,,,,,
2023-08-30,2023,8,Bank of Marin,BoM master,Square,Square,305.6,1,Square,Revenue,1,Square,Revenue,,,,,
2025-06-09,2025,6,Bank of Marin,2025 v3.xlsx,Square,Square,305.27,1,Square,Revenue,1,Square,Revenue,,,,,
2025-02-07,2025,2,Bank of Marin,2025 v3.xlsx,Square,Square,305.09,1,Square,Revenue,1,Square,Revenue,,,,,
2023-03-07,2023,3,Bank of Marin,BoM master,Stripe,Stripe,304.56,2,Stripe,Revenue,2,Stripe,Revenue,,,,,
2024-04-19,2024,4,Bank of Marin,2024.xlsx Marin clean,Stripe,Stripe,303.8,2,Stripe,Revenue,2,Stripe,Revenue,,,,,
2023-11-30,2023,11,Bank of Marin,BoM master,Stripe,Stripe,302.0,2,Stripe,Revenue,2,Stripe,Revenue,,,,,
2026-03-25,2026,3,Bank of Marin,BoM master,Square,Square,301.37,1,Square,Revenue,1,Square,Revenue,,,,,
2023-01-11,2023,1,Bank of Marin,BoM master,Square,Square,300.88,1,Square,Revenue,1,Square,Revenue,,,,,
2026-07-10,2026,7,Bank of Marin,BoM master,Square,Square,300.76,1,Square,Revenue,1,Square,Revenue,,,,,
2023-03-13,2023,3,Bank of Marin,BoM master,Square,Square,300.74,1,Square,Revenue,1,Square,Revenue,,,,,
2024-11-25,2024,11,Bank of Marin,2024.xlsx Marin clean,Stripe,Stripe,299.95,2,Stripe,Revenue,2,Stripe,Revenue,,,,,
2023-07-11,2023,7,Bank of Marin,BoM master,Stripe,Stripe,299.79,2,Stripe,Revenue,2,Stripe,Revenue,,,,,
2025-11-28,2025,11,Bank of Marin,2025 v3.xlsx,Stripe,Stripe,299.31,2,Stripe,Revenue,2,Stripe,Revenue,,,,,
2025-07-17,2025,7,Bank of Marin,2025 v3.xlsx,Stripe,Stripe,299.03,2,Stripe,Revenue,2,Stripe,Revenue,,,,,
2024-09-26,2024,9,Bank of Marin,2024.xlsx Marin clean,Square,Square,298.38,1,Square,Revenue,1,Square,Revenue,,,,,
2023-06-15,2023,6,Bank of Marin,BoM master,Stripe,Stripe,298.27,2,Stripe,Revenue,2,Stripe,Revenue,,,,,
2023-03-20,2023,3,Bank of Marin,BoM master,Square,Square,297.35,1,Square,Revenue,1,Square,Revenue,,,,,
2025-09-08,2025,9,Bank of Marin,2025 v3.xlsx,Square,Square,296.88,1,Square,Revenue,1,Square,Revenue,,,,,
2025-08-04,2025,8,Bank of Marin,2025 v3.xlsx,Square,Square,296.01,1,Square,Revenue,1,Square,Revenue,,,,,
2024-01-19,2024,1,Bank of Marin,2024.xlsx Marin clean,Square,Square,295.2,1,Square,Revenue,1,Square,Revenue,,,,,
2023-10-27,2023,10,Bank of Marin,BoM master,Square,Square,294.14,1,Square,Revenue,1,Square,Revenue,,,,,
2023-08-16,2023,8,Bank of Marin,BoM master,Square,Square,293.71,1,Square,Revenue,1,Square,Revenue,,,,,
2024-03-08,2024,3,Bank of Marin,2024.xlsx Marin clean,Stripe,Stripe,293.06,2,Stripe,Revenue,2,Stripe,Revenue,,,,,
2024-02-22,2024,2,Bank of Marin,2024.xlsx Marin clean,Square,Square,292.98,1,Square,Revenue,1,Square,Revenue,,,,,
2024-08-12,2024,8,Bank of Marin,2024.xlsx Marin clean,Square,Square,292.87,1,Square,Revenue,1,Square,Revenue,,,,,
2026-04-13,2026,4,Bank of Marin,BoM master,Square,Square,292.22,1,Square,Revenue,1,Square,Revenue,,,,,
2026-01-12,2026,1,Bank of Marin,BoM master,Stripe,Stripe,292.15,2,Stripe,Revenue,2,Stripe,Revenue,,,,,
2024-09-23,2024,9,Bank of Marin,2024.xlsx Marin clean,Square,Square,292.09,1,Square,Revenue,1,Square,Revenue,,,,,
2024-12-24,2024,12,Bank of Marin,2024.xlsx Marin clean,Stripe,Stripe,291.83,2,Stripe,Revenue,2,Stripe,Revenue,,,,,
2025-01-22,2025,1,Bank of Marin,2025 v3.xlsx,Stripe,Stripe,291.55,2,Stripe,Revenue,2,Stripe,Revenue,,,,,
2023-03-29,2023,3,Bank of Marin,BoM master,CA State Tax Refund,CA State Tax Refund,291.0,4,Other Income,Revenue,4,Other Income,Revenue,,,,,
2025-07-10,2025,7,Bank of Marin,2025 v3.xlsx,Stripe,Stripe,289.82,2,Stripe,Revenue,2,Stripe,Revenue,,,,,
2025-10-10,2025,10,Bank of Marin,2025 v3.xlsx,Stripe,Stripe,288.76,2,Stripe,Revenue,2,Stripe,Revenue,,,,,
2024-05-21,2024,5,Bank of Marin,2024.xlsx Marin clean,Stripe,Stripe,288.56,2,Stripe,Revenue,2,Stripe,Revenue,,,,,
2025-05-21,2025,5,Bank of Marin,2025 v3.xlsx,Stripe,Stripe,288.56,2,Stripe,Revenue,2,Stripe,Revenue,,,,,
2026-06-05,2026,6,Bank of Marin,BoM master,Stripe,Stripe,288.28,2,Stripe,Revenue,2,Stripe,Revenue,,,,,
2024-01-30,2024,1,Bank of Marin,2024.xlsx Marin clean,Stripe,Stripe,288.25,2,Stripe,Revenue,2,Stripe,Revenue,,,,,
2023-11-06,2023,11,Bank of Marin,BoM master,Square,Square,287.77,1,Square,Revenue,1,Square,Revenue,,,,,
2025-08-29,2025,8,Bank of Marin,2025 v3.xlsx,Stripe,Stripe,287.67,2,Stripe,Revenue,2,Stripe,Revenue,,,,,
2026-06-18,2026,6,Bank of Marin,BoM master,Stripe,Stripe,287.67,2,Stripe,Revenue,2,Stripe,Revenue,,,,,
2023-05-17,2023,5,Bank of Marin,BoM master,Stripe,Stripe,287.21,2,Stripe,Revenue,2,Stripe,Revenue,,,,,
2024-06-18,2024,6,Bank of Marin,2024.xlsx Marin clean,Mobile Deposit,Mobile Deposit,285.8,3,Deposits,Revenue,3,Deposits,Revenue,,,,,
2024-08-12,2024,8,Bank of Marin,2024.xlsx Marin clean,Square,Square,284.18,1,Square,Revenue,1,Square,Revenue,,,,,
2024-11-22,2024,11,Bank of Marin,2024.xlsx Marin clean,Stripe,Stripe,284.11,2,Stripe,Revenue,2,Stripe,Revenue,,,,,
2025-01-21,2025,1,Bank of Marin,2025 v3.xlsx,Stripe,Stripe,283.18,2,Stripe,Revenue,2,Stripe,Revenue,,,,,
2025-03-24,2025,3,Bank of Marin,2025 v3.xlsx,Stripe,Stripe,283.18,2,Stripe,Revenue,2,Stripe,Revenue,,,,,
2025-05-22,2025,5,Bank of Marin,2025 v3.xlsx,Stripe,Stripe,283.18,2,Stripe,Revenue,2,Stripe,Revenue,,,,,
2026-07-20,2026,7,Bank of Marin,BoM master,Stripe,Stripe,283.18,2,Stripe,Revenue,2,Stripe,Revenue,,,,,
2025-11-04,2025,11,Bank of Marin,2025 v3.xlsx,Stripe,Stripe,282.9,2,Stripe,Revenue,2,Stripe,Revenue,,,,,
2023-10-04,2023,10,Bank of Marin,BoM master,Stripe,Stripe,282.28,2,Stripe,Revenue,2,Stripe,Revenue,,,,,
2026-03-02,2026,3,Bank of Marin,BoM master,Square,Square,281.92,1,Square,Revenue,1,Square,Revenue,,,,,
2026-06-15,2026,6,Bank of Marin,BoM master,Square,Square,281.8,1,Square,Revenue,1,Square,Revenue,,,,,
2024-03-04,2024,3,Bank of Marin,2024.xlsx Marin clean,Stripe,Stripe,281.69,2,Stripe,Revenue,2,Stripe,Revenue,,,,,
2023-02-27,2023,2,Bank of Marin,BoM master,Stripe,Stripe,281.54,2,Stripe,Revenue,2,Stripe,Revenue,,,,,
2025-12-22,2025,12,Bank of Marin,2025 v3.xlsx,Stripe,Stripe,281.24,2,Stripe,Revenue,2,Stripe,Revenue,,,,,
2024-11-25,2024,11,Bank of Marin,2024.xlsx Marin clean,Square,Square,280.6,1,Square,Revenue,1,Square,Revenue,,,,,
2024-08-05,2024,8,Bank of Marin,2024.xlsx Marin clean,Square,Square,280.38,1,Square,Revenue,1,Square,Revenue,,,,,
2025-01-17,2025,1,Bank of Marin,2025 v3.xlsx,Stripe,Stripe,277.8,2,Stripe,Revenue,2,Stripe,Revenue,,,,,
2025-05-05,2025,5,Bank of Marin,2025 v3.xlsx,Stripe,Stripe,277.8,2,Stripe,Revenue,2,Stripe,Revenue,,,,,
2025-02-28,2025,2,Bank of Marin,2025 v3.xlsx,Stripe,Stripe,277.51,2,Stripe,Revenue,2,Stripe,Revenue,,,,,
2025-07-14,2025,7,Bank of Marin,2025 v3.xlsx,Stripe,Stripe,277.51,2,Stripe,Revenue,2,Stripe,Revenue,,,,,
2023-11-14,2023,11,Bank of Marin,BoM master,Stripe,Stripe,277.51,2,Stripe,Revenue,2,Stripe,Revenue,,,,,
2024-10-04,2024,10,Bank of Marin,2024.xlsx Marin clean,Stripe,Stripe,277.5,2,Stripe,Revenue,2,Stripe,Revenue,,,,,
2026-03-09,2026,3,Bank of Marin,BoM master,Square,Square,277.16,1,Square,Revenue,1,Square,Revenue,,,,,
2024-11-20,2024,11,Bank of Marin,2024.xlsx Marin clean,Stripe,Stripe,276.93,2,Stripe,Revenue,2,Stripe,Revenue,,,,,
2025-01-15,2025,1,Bank of Marin,2025 v3.xlsx,Stripe,Stripe,276.93,2,Stripe,Revenue,2,Stripe,Revenue,,,,,
2025-07-11,2025,7,Bank of Marin,2025 v3.xlsx,Stripe,Stripe,276.93,2,Stripe,Revenue,2,Stripe,Revenue,,,,,
2026-06-01,2026,6,Bank of Marin,BoM master,Stripe,Stripe,276.93,2,Stripe,Revenue,2,Stripe,Revenue,,,,,
2025-10-20,2025,10,Bank of Marin,2025 v3.xlsx,Square,Square,276.72,1,Square,Revenue,1,Square,Revenue,,,,,
2025-05-14,2025,5,Bank of Marin,2025 v3.xlsx,Square,Square,276.54,1,Square,Revenue,1,Square,Revenue,,,,,
2023-02-21,2023,2,Bank of Marin,BoM master,Stripe,Stripe,276.53,2,Stripe,Revenue,2,Stripe,Revenue,,,,,
2023-03-30,2023,3,Bank of Marin,BoM master,Stripe,Stripe,276.47,2,Stripe,Revenue,2,Stripe,Revenue,,,,,
2024-10-28,2024,10,Bank of Marin,2024.xlsx Marin clean,Stripe,Stripe,275.83,2,Stripe,Revenue,2,Stripe,Revenue,,,,,
2023-09-25,2023,9,Bank of Marin,BoM master,Stripe,Stripe,274.95,2,Stripe,Revenue,2,Stripe,Revenue,,,,,
2025-10-14,2025,10,Bank of Marin,2025 v3.xlsx,Stripe,Stripe,274.83,2,Stripe,Revenue,2,Stripe,Revenue,,,,,
2023-11-17,2023,11,Bank of Marin,BoM master,Square,Square,274.75,1,Square,Revenue,1,Square,Revenue,,,,,
2023-11-20,2023,11,Bank of Marin,BoM master,Square,Square,274.32,1,Square,Revenue,1,Square,Revenue,,,,,
2023-03-31,2023,3,Bank of Marin,BoM master,Stripe,Stripe,273.93,2,Stripe,Revenue,2,Stripe,Revenue,,,,,
2023-03-10,2023,3,Bank of Marin,BoM master,Stripe,Stripe,273.64,2,Stripe,Revenue,2,Stripe,Revenue,,,,,
2024-09-06,2024,9,Bank of Marin,2024.xlsx Marin clean,Square,Square,273.42,1,Square,Revenue,1,Square,Revenue,,,,,
2025-09-15,2025,9,Bank of Marin,2025 v3.xlsx,Stripe,Stripe,273.03,2,Stripe,Revenue,2,Stripe,Revenue,,,,,
2024-05-28,2024,5,Bank of Marin,2024.xlsx Marin clean,Stripe,Stripe,273.02,2,Stripe,Revenue,2,Stripe,Revenue,,,,,
2025-06-04,2025,6,Bank of Marin,2025 v3.xlsx,Stripe,Stripe,273.02,2,Stripe,Revenue,2,Stripe,Revenue,,,,,
2023-03-28,2023,3,Bank of Marin,BoM master,Stripe,Stripe,272.95,2,Stripe,Revenue,2,Stripe,Revenue,,,,,
2026-01-16,2026,1,Bank of Marin,BoM master,Stripe,Stripe,272.68,2,Stripe,Revenue,2,Stripe,Revenue,,,,,
2026-02-12,2026,2,Bank of Marin,BoM master,Square,Square,272.53,1,Square,Revenue,1,Square,Revenue,,,,,
2024-03-18,2024,3,Bank of Marin,2024.xlsx Marin clean,Stripe,Stripe,272.44,2,Stripe,Revenue,2,Stripe,Revenue,,,,,
2024-10-18,2024,10,Bank of Marin,2024.xlsx Marin clean,Stripe,Stripe,272.44,2,Stripe,Revenue,2,Stripe,Revenue,,,,,
2024-12-17,2024,12,Bank of Marin,2024.xlsx Marin clean,Stripe,Stripe,272.44,2,Stripe,Revenue,2,Stripe,Revenue,,,,,
2023-08-28,2023,8,Bank of Marin,BoM master,Square,Square,272.2,1,Square,Revenue,1,Square,Revenue,,,,,
2023-10-18,2023,10,Bank of Marin,BoM master,Stripe,Stripe,272.14,2,Stripe,Revenue,2,Stripe,Revenue,,,,,
2026-07-22,2026,7,Bank of Marin,BoM master,Square,Square,272.11,1,Square,Revenue,1,Square,Revenue,,,,,
2026-01-12,2026,1,Bank of Marin,BoM master,Square,Square,271.16,1,Square,Revenue,1,Square,Revenue,,,,,
2026-06-03,2026,6,Bank of Marin,BoM master,Stripe,Stripe,270.95,2,Stripe,Revenue,2,Stripe,Revenue,,,,,
2025-03-20,2025,3,Bank of Marin,2025 v3.xlsx,Stripe,Stripe,270.94,2,Stripe,Revenue,2,Stripe,Revenue,,,,,
2023-06-30,2023,6,Bank of Marin,BoM master,Square,Square,270.79,1,Square,Revenue,1,Square,Revenue,,,,,
2023-02-16,2023,2,Bank of Marin,BoM master,Stripe,Stripe,270.7,2,Stripe,Revenue,2,Stripe,Revenue,,,,,
2025-04-04,2025,4,Bank of Marin,2025 v3.xlsx,Square,Square,269.14,1,Square,Revenue,1,Square,Revenue,,,,,
2026-05-20,2026,5,Bank of Marin,BoM master,Square,Square,268.94,1,Square,Revenue,1,Square,Revenue,,,,,
2023-02-13,2023,2,Bank of Marin,BoM master,Square,Square,268.06,1,Square,Revenue,1,Square,Revenue,,,,,
2026-01-23,2026,1,Bank of Marin,BoM master,Square,Square,267.29,1,Square,Revenue,1,Square,Revenue,,,,,
2025-04-17,2025,4,Bank of Marin,2025 v3.xlsx,Stripe,Stripe,267.05,2,Stripe,Revenue,2,Stripe,Revenue,,,,,
2023-12-18,2023,12,Bank of Marin,BoM master,Stripe,Stripe,266.74,2,Stripe,Revenue,2,Stripe,Revenue,,,,,
2025-07-17,2025,7,Bank of Marin,2025 v3.xlsx,Square,Square,266.54,1,Square,Revenue,1,Square,Revenue,,,,,
2025-01-10,2025,1,Bank of Marin,2025 v3.xlsx,Stripe,Stripe,266.4,2,Stripe,Revenue,2,Stripe,Revenue,,,,,
2024-03-07,2024,3,Bank of Marin,2024.xlsx Marin clean,Stripe,Stripe,266.17,2,Stripe,Revenue,2,Stripe,Revenue,,,,,
2023-05-19,2023,5,Bank of Marin,BoM master,Stripe,Stripe,265.71,2,Stripe,Revenue,2,Stripe,Revenue,,,,,
2024-07-02,2024,7,Bank of Marin,2024.xlsx Marin clean,Stripe,Stripe,265.7,2,Stripe,Revenue,2,Stripe,Revenue,,,,,
2025-10-06,2025,10,Bank of Marin,2025 v3.xlsx,Stripe,Stripe,265.56,2,Stripe,Revenue,2,Stripe,Revenue,,,,,
2023-11-22,2023,11,Bank of Marin,BoM master,Stripe,Stripe,265.01,2,Stripe,Revenue,2,Stripe,Revenue,,,,,
2025-05-13,2025,5,Bank of Marin,2025 v3.xlsx,Square,Square,264.03,1,Square,Revenue,1,Square,Revenue,,,,,
2025-09-12,2025,9,Bank of Marin,2025 v3.xlsx,Stripe,Stripe,262.27,2,Stripe,Revenue,2,Stripe,Revenue,,,,,
2024-08-12,2024,8,Bank of Marin,2024.xlsx Marin clean,Stripe,Stripe,261.96,2,Stripe,Revenue,2,Stripe,Revenue,,,,,
2024-09-27,2024,9,Bank of Marin,2024.xlsx Marin clean,Stripe,Stripe,261.67,2,Stripe,Revenue,2,Stripe,Revenue,,,,,
2025-06-16,2025,6,Bank of Marin,2025 v3.xlsx,Stripe,Stripe,261.67,2,Stripe,Revenue,2,Stripe,Revenue,,,,,
2024-11-05,2024,11,Bank of Marin,2024.xlsx Marin clean,Stripe,Stripe,261.39,2,Stripe,Revenue,2,Stripe,Revenue,,,,,
2025-01-09,2025,1,Bank of Marin,2025 v3.xlsx,Stripe,Stripe,261.39,2,Stripe,Revenue,2,Stripe,Revenue,,,,,
2023-04-28,2023,4,Bank of Marin,BoM master,Stripe,Stripe,260.03,2,Stripe,Revenue,2,Stripe,Revenue,,,,,
2026-03-23,2026,3,Bank of Marin,BoM master,California State Tax Refund,California State Tax Refund,260.0,4,Other Income,Revenue,4,Other Income,Revenue,,,,,
2023-08-23,2023,8,Bank of Marin,BoM master,Square,Square,258.74,1,Square,Revenue,1,Square,Revenue,,,,,
2026-03-11,2026,3,Bank of Marin,BoM master,Square,Square,257.92,1,Square,Revenue,1,Square,Revenue,,,,,
2025-03-03,2025,3,Bank of Marin,2025 v3.xlsx,Stripe,Stripe,256.9,2,Stripe,Revenue,2,Stripe,Revenue,,,,,
2025-09-29,2025,9,Bank of Marin,2025 v3.xlsx,Square,Square,255.43,1,Square,Revenue,1,Square,Revenue,,,,,
2025-11-10,2025,11,Bank of Marin,2025 v3.xlsx,Stripe,Stripe,255.42,2,Stripe,Revenue,2,Stripe,Revenue,,,,,
2023-03-16,2023,3,Bank of Marin,BoM master,Stripe,Stripe,254.97,2,Stripe,Revenue,2,Stripe,Revenue,,,,,
2023-06-13,2023,6,Bank of Marin,BoM master,Stripe,Stripe,254.86,2,Stripe,Revenue,2,Stripe,Revenue,,,,,
2024-10-15,2024,10,Bank of Marin,2024.xlsx Marin clean,Stripe,Stripe,254.8,2,Stripe,Revenue,2,Stripe,Revenue,,,,,
2025-05-22,2025,5,Bank of Marin,2025 v3.xlsx,Square,Square,254.57,1,Square,Revenue,1,Square,Revenue,,,,,
2024-11-01,2024,11,Bank of Marin,2024.xlsx Marin clean,Square,Square,252.42,1,Square,Revenue,1,Square,Revenue,,,,,
2026-02-23,2026,2,Bank of Marin,BoM master,Square,Square,251.99,1,Square,Revenue,1,Square,Revenue,,,,,
2023-09-19,2023,9,Bank of Marin,BoM master,Stripe,Stripe,251.81,2,Stripe,Revenue,2,Stripe,Revenue,,,,,
2025-08-19,2025,8,Bank of Marin,2025 v3.xlsx,Stripe,Stripe,250.93,2,Stripe,Revenue,2,Stripe,Revenue,,,,,
2026-05-15,2026,5,Bank of Marin,BoM master,Stripe,Stripe,250.92,2,Stripe,Revenue,2,Stripe,Revenue,,,,,
2026-03-03,2026,3,Bank of Marin,BoM master,Stripe,Stripe,250.92,2,Stripe,Revenue,2,Stripe,Revenue,,,,,
2026-01-23,2026,1,Bank of Marin,BoM master,Stripe,Stripe,250.92,2,Stripe,Revenue,2,Stripe,Revenue,,,,,
2025-04-01,2025,4,Bank of Marin,2025 v3.xlsx,Stripe,Stripe,250.91,2,Stripe,Revenue,2,Stripe,Revenue,,,,,
2025-12-11,2025,12,Bank of Marin,2025 v3.xlsx,Square,Square,250.22,1,Square,Revenue,1,Square,Revenue,,,,,
2023-09-11,2023,9,Bank of Marin,BoM master,Square,Square,249.91,1,Square,Revenue,1,Square,Revenue,,,,,
2023-03-23,2023,3,Bank of Marin,BoM master,Stripe,Stripe,249.59,2,Stripe,Revenue,2,Stripe,Revenue,,,,,
2024-07-19,2024,7,Bank of Marin,2024.xlsx Marin clean,Square,Square,249.4,1,Square,Revenue,1,Square,Revenue,,,,,
2024-03-19,2024,3,Bank of Marin,2024.xlsx Marin clean,Stripe,Stripe,245.55,2,Stripe,Revenue,2,Stripe,Revenue,,,,,
2024-03-28,2024,3,Bank of Marin,2024.xlsx Marin clean,Stripe,Stripe,245.55,2,Stripe,Revenue,2,Stripe,Revenue,,,,,
2024-09-24,2024,9,Bank of Marin,2024.xlsx Marin clean,Stripe,Stripe,245.55,2,Stripe,Revenue,2,Stripe,Revenue,,,,,
2025-10-20,2025,10,Bank of Marin,2025 v3.xlsx,Stripe,Stripe,245.54,2,Stripe,Revenue,2,Stripe,Revenue,,,,,
2024-07-12,2024,7,Bank of Marin,2024.xlsx Marin clean,Square,Square,244.68,1,Square,Revenue,1,Square,Revenue,,,,,
2023-11-01,2023,11,Bank of Marin,BoM master,Stripe,Stripe,244.65,2,Stripe,Revenue,2,Stripe,Revenue,,,,,
2024-01-22,2024,1,Bank of Marin,2024.xlsx Marin clean,Square,Square,244.25,1,Square,Revenue,1,Square,Revenue,,,,,
2026-07-24,2026,7,Bank of Marin,BoM master,Stripe,Stripe,244.06,2,Stripe,Revenue,2,Stripe,Revenue,,,,,
2026-04-15,2026,4,Bank of Marin,BoM master,Square,Square,243.74,1,Square,Revenue,1,Square,Revenue,,,,,
2025-01-21,2025,1,Bank of Marin,2025 v3.xlsx,Square,Square,241.97,1,Square,Revenue,1,Square,Revenue,,,,,
2023-10-02,2023,10,Bank of Marin,BoM master,Square,Square,241.85,1,Square,Revenue,1,Square,Revenue,,,,,
2024-03-05,2024,3,Bank of Marin,2024.xlsx Marin clean,Stripe,Stripe,241.51,2,Stripe,Revenue,2,Stripe,Revenue,,,,,
2023-04-13,2023,4,Bank of Marin,BoM master,Stripe,Stripe,241.22,2,Stripe,Revenue,2,Stripe,Revenue,,,,,
2024-01-08,2024,1,Bank of Marin,2024.xlsx Marin clean,Square,Square,240.8,1,Square,Revenue,1,Square,Revenue,,,,,
2026-03-27,2026,3,Bank of Marin,BoM master,Stripe,Stripe,240.18,2,Stripe,Revenue,2,Stripe,Revenue,,,,,
2025-03-28,2025,3,Bank of Marin,2025 v3.xlsx,Stripe,Stripe,240.17,2,Stripe,Revenue,2,Stripe,Revenue,,,,,
2023-11-27,2023,11,Bank of Marin,BoM master,Stripe,Stripe,240.17,2,Stripe,Revenue,2,Stripe,Revenue,,,,,
2023-10-20,2023,10,Bank of Marin,BoM master,Stripe,Stripe,240.17,2,Stripe,Revenue,2,Stripe,Revenue,,,,,
2025-05-27,2025,5,Bank of Marin,2025 v3.xlsx,Stripe,Stripe,240.16,2,Stripe,Revenue,2,Stripe,Revenue,,,,,
2025-05-29,2025,5,Bank of Marin,2025 v3.xlsx,Stripe,Stripe,240.16,2,Stripe,Revenue,2,Stripe,Revenue,,,,,
2025-03-17,2025,3,Bank of Marin,2025 v3.xlsx,Square,Square,239.8,1,Square,Revenue,1,Square,Revenue,,,,,
2024-10-31,2024,10,Bank of Marin,2024.xlsx Marin clean,Stripe,Stripe,239.28,2,Stripe,Revenue,2,Stripe,Revenue,,,,,
2025-11-06,2025,11,Bank of Marin,2025 v3.xlsx,Stripe,Stripe,238.99,2,Stripe,Revenue,2,Stripe,Revenue,,,,,
2026-07-13,2026,7,Bank of Marin,BoM master,Stripe,Stripe,238.86,2,Stripe,Revenue,2,Stripe,Revenue,,,,,
2023-09-12,2023,9,Bank of Marin,BoM master,Stripe,Stripe,238.83,2,Stripe,Revenue,2,Stripe,Revenue,,,,,
2023-01-30,2023,1,Bank of Marin,BoM master,Stripe,Stripe,238.83,2,Stripe,Revenue,2,Stripe,Revenue,,,,,
2023-05-22,2023,5,Bank of Marin,BoM master,Stripe,Stripe,238.54,2,Stripe,Revenue,2,Stripe,Revenue,,,,,
2023-03-20,2023,3,Bank of Marin,BoM master,Stripe,Stripe,238.53,2,Stripe,Revenue,2,Stripe,Revenue,,,,,
2023-08-03,2023,8,Bank of Marin,BoM master,Square,Square,238.49,1,Square,Revenue,1,Square,Revenue,,,,,
2024-09-12,2024,9,Bank of Marin,2024.xlsx Marin clean,Square,Square,238.36,1,Square,Revenue,1,Square,Revenue,,,,,
2025-09-24,2025,9,Bank of Marin,2025 v3.xlsx,Square,Square,237.61,1,Square,Revenue,1,Square,Revenue,,,,,
2024-05-20,2024,5,Bank of Marin,2024.xlsx Marin clean,Square,Square,237.39,1,Square,Revenue,1,Square,Revenue,,,,,
2023-02-17,2023,2,Bank of Marin,BoM master,Square,Square,237.03,1,Square,Revenue,1,Square,Revenue,,,,,
2023-08-14,2023,8,Bank of Marin,BoM master,Stripe,Stripe,235.98,2,Stripe,Revenue,2,Stripe,Revenue,,,,,
2026-05-14,2026,5,Bank of Marin,BoM master,Stripe,Stripe,235.39,2,Stripe,Revenue,2,Stripe,Revenue,,,,,
2025-11-12,2025,11,Bank of Marin,2025 v3.xlsx,Stripe,Stripe,234.78,2,Stripe,Revenue,2,Stripe,Revenue,,,,,
2025-09-04,2025,9,Bank of Marin,2025 v3.xlsx,Square,Square,234.67,1,Square,Revenue,1,Square,Revenue,,,,,
2023-09-20,2023,9,Bank of Marin,BoM master,Stripe,Stripe,234.36,2,Stripe,Revenue,2,Stripe,Revenue,,,,,
2023-01-26,2023,1,Bank of Marin,BoM master,Stripe,Stripe,233.46,2,Stripe,Revenue,2,Stripe,Revenue,,,,,
2025-04-29,2025,4,Bank of Marin,2025 v3.xlsx,Stripe,Stripe,233.31,2,Stripe,Revenue,2,Stripe,Revenue,,,,,
2023-07-13,2023,7,Bank of Marin,BoM master,Stripe,Stripe,229.89,2,Stripe,Revenue,2,Stripe,Revenue,,,,,
2025-03-04,2025,3,Bank of Marin,2025 v3.xlsx,Stripe,Stripe,229.42,2,Stripe,Revenue,2,Stripe,Revenue,,,,,
2025-09-25,2025,9,Bank of Marin,2025 v3.xlsx,Stripe,Stripe,229.42,2,Stripe,Revenue,2,Stripe,Revenue,,,,,
2025-09-29,2025,9,Bank of Marin,2025 v3.xlsx,Stripe,Stripe,229.42,2,Stripe,Revenue,2,Stripe,Revenue,,,,,
2023-12-05,2023,12,Bank of Marin,BoM master,Stripe,Stripe,229.42,2,Stripe,Revenue,2,Stripe,Revenue,,,,,
2023-10-23,2023,10,Bank of Marin,BoM master,Stripe,Stripe,229.42,2,Stripe,Revenue,2,Stripe,Revenue,,,,,
2025-08-29,2025,8,Bank of Marin,2025 v3.xlsx,Square,Square,229.08,1,Square,Revenue,1,Square,Revenue,,,,,
2023-06-20,2023,6,Bank of Marin,BoM master,Square,Square,228.96,1,Square,Revenue,1,Square,Revenue,,,,,
2026-02-20,2026,2,Bank of Marin,BoM master,Square,Square,226.84,1,Square,Revenue,1,Square,Revenue,,,,,
2025-03-21,2025,3,Bank of Marin,2025 v3.xlsx,Square,Square,226.63,1,Square,Revenue,1,Square,Revenue,,,,,
2024-05-28,2024,5,Bank of Marin,2024.xlsx Marin clean,Square,Square,225.35,1,Square,Revenue,1,Square,Revenue,,,,,
2024-07-16,2024,7,Bank of Marin,2024.xlsx Marin clean,Stripe,Stripe,224.94,2,Stripe,Revenue,2,Stripe,Revenue,,,,,
2025-01-13,2025,1,Bank of Marin,2025 v3.xlsx,Square,Square,224.91,1,Square,Revenue,1,Square,Revenue,,,,,
2025-07-07,2025,7,Bank of Marin,2025 v3.xlsx,Square,Square,224.89,1,Square,Revenue,1,Square,Revenue,,,,,
2025-04-09,2025,4,Bank of Marin,2025 v3.xlsx,Stripe,Stripe,224.63,2,Stripe,Revenue,2,Stripe,Revenue,,,,,
2024-08-09,2024,8,Bank of Marin,2024.xlsx Marin clean,Stripe,Stripe,224.04,2,Stripe,Revenue,2,Stripe,Revenue,,,,,
2025-04-18,2025,4,Bank of Marin,2025 v3.xlsx,Stripe,Stripe,224.04,2,Stripe,Revenue,2,Stripe,Revenue,,,,,
2026-04-03,2026,4,Bank of Marin,BoM master,Stripe,Stripe,224.04,2,Stripe,Revenue,2,Stripe,Revenue,,,,,
2024-06-26,2024,6,Bank of Marin,2024.xlsx Marin clean,Stripe,Stripe,223.74,2,Stripe,Revenue,2,Stripe,Revenue,,,,,
2025-10-03,2025,10,Bank of Marin,2025 v3.xlsx,Square,Square,222.88,1,Square,Revenue,1,Square,Revenue,,,,,
2025-04-14,2025,4,Bank of Marin,2025 v3.xlsx,Square,Square,222.33,1,Square,Revenue,1,Square,Revenue,,,,,
2023-07-21,2023,7,Bank of Marin,BoM master,Stripe,Stripe,222.03,2,Stripe,Revenue,2,Stripe,Revenue,,,,,
2024-03-14,2024,3,Bank of Marin,2024.xlsx Marin clean,Mobile Deposit,Mobile Deposit,221.5,3,Deposits,Revenue,3,Deposits,Revenue,,,,,
2023-08-31,2023,8,Bank of Marin,BoM master,Mobile Deposit,Mobile Deposit,221.5,3,Deposits,Revenue,3,Deposits,Revenue,,,,,
2023-04-20,2023,4,Bank of Marin,BoM master,Square,Square,221.4,1,Square,Revenue,1,Square,Revenue,,,,,
2023-10-19,2023,10,Bank of Marin,BoM master,Square,Square,221.24,1,Square,Revenue,1,Square,Revenue,,,,,
2023-02-24,2023,2,Bank of Marin,BoM master,Stripe,Stripe,220.15,2,Stripe,Revenue,2,Stripe,Revenue,,,,,
2023-07-13,2023,7,Bank of Marin,BoM master,Square,Square,219.92,1,Square,Revenue,1,Square,Revenue,,,,,
2023-03-06,2023,3,Bank of Marin,BoM master,Stripe,Stripe,219.86,2,Stripe,Revenue,2,Stripe,Revenue,,,,,
2026-01-21,2026,1,Bank of Marin,BoM master,Stripe,Stripe,218.67,2,Stripe,Revenue,2,Stripe,Revenue,,,,,
2025-10-09,2025,10,Bank of Marin,2025 v3.xlsx,Stripe,Stripe,218.66,2,Stripe,Revenue,2,Stripe,Revenue,,,,,
2025-10-21,2025,10,Bank of Marin,2025 v3.xlsx,Stripe,Stripe,218.66,2,Stripe,Revenue,2,Stripe,Revenue,,,,,
2023-12-01,2023,12,Bank of Marin,BoM master,Stripe,Stripe,218.66,2,Stripe,Revenue,2,Stripe,Revenue,,,,,
2024-11-04,2024,11,Bank of Marin,2024.xlsx Marin clean,Stripe,Stripe,217.77,2,Stripe,Revenue,2,Stripe,Revenue,,,,,
2025-06-13,2025,6,Bank of Marin,2025 v3.xlsx,Square,Square,217.52,1,Square,Revenue,1,Square,Revenue,,,,,
2024-11-15,2024,11,Bank of Marin,2024.xlsx Marin clean,Stripe,Stripe,217.18,2,Stripe,Revenue,2,Stripe,Revenue,,,,,
2023-06-23,2023,6,Bank of Marin,BoM master,Square,Square,215.61,1,Square,Revenue,1,Square,Revenue,,,,,
2024-11-13,2024,11,Bank of Marin,2024.xlsx Marin clean,Square,Square,215.42,1,Square,Revenue,1,Square,Revenue,,,,,
2026-02-09,2026,2,Bank of Marin,BoM master,Square,Square,214.84,1,Square,Revenue,1,Square,Revenue,,,,,
2024-04-12,2024,4,Bank of Marin,2024.xlsx Marin clean,Stripe,Stripe,214.18,2,Stripe,Revenue,2,Stripe,Revenue,,,,,
2026-03-30,2026,3,Bank of Marin,BoM master,Stripe,Stripe,213.89,2,Stripe,Revenue,2,Stripe,Revenue,,,,,
2026-02-27,2026,2,Bank of Marin,BoM master,Stripe,Stripe,213.88,2,Stripe,Revenue,2,Stripe,Revenue,,,,,
2025-10-27,2025,10,Bank of Marin,2025 v3.xlsx,Square,Square,213.4,1,Square,Revenue,1,Square,Revenue,,,,,
2023-05-18,2023,5,Bank of Marin,BoM master,Stripe,Stripe,213.29,2,Stripe,Revenue,2,Stripe,Revenue,,,,,
2026-07-06,2026,7,Bank of Marin,BoM master,Stripe,Stripe,212.69,2,Stripe,Revenue,2,Stripe,Revenue,,,,,
2026-07-01,2026,7,Bank of Marin,BoM master,Stripe,Stripe,211.36,2,Stripe,Revenue,2,Stripe,Revenue,,,,,
2023-01-10,2023,1,Bank of Marin,BoM master,Stripe,Stripe,211.21,2,Stripe,Revenue,2,Stripe,Revenue,,,,,
2024-01-29,2024,1,Bank of Marin,2024.xlsx Marin clean,Square,Square,210.88,1,Square,Revenue,1,Square,Revenue,,,,,
2024-05-24,2024,5,Bank of Marin,2024.xlsx Marin clean,Stripe,Stripe,208.8,2,Stripe,Revenue,2,Stripe,Revenue,,,,,
2025-11-26,2025,11,Bank of Marin,2025 v3.xlsx,Stripe,Stripe,208.8,2,Stripe,Revenue,2,Stripe,Revenue,,,,,
2025-03-31,2025,3,Bank of Marin,2025 v3.xlsx,Square,Square,208.11,1,Square,Revenue,1,Square,Revenue,,,,,
2024-06-06,2024,6,Bank of Marin,2024.xlsx Marin clean,Stripe,Stripe,206.42,2,Stripe,Revenue,2,Stripe,Revenue,,,,,
2025-03-25,2025,3,Bank of Marin,2025 v3.xlsx,Stripe,Stripe,206.41,2,Stripe,Revenue,2,Stripe,Revenue,,,,,
2023-05-30,2023,5,Bank of Marin,BoM master,Stripe,Stripe,205.38,2,Stripe,Revenue,2,Stripe,Revenue,,,,,
2026-03-12,2026,3,Bank of Marin,BoM master,Square,Square,204.06,1,Square,Revenue,1,Square,Revenue,,,,,
2023-09-07,2023,9,Bank of Marin,BoM master,Stripe,Stripe,204.02,2,Stripe,Revenue,2,Stripe,Revenue,,,,,
2026-07-09,2026,7,Bank of Marin,BoM master,Square,Square,203.54,1,Square,Revenue,1,Square,Revenue,,,,,
2024-07-26,2024,7,Bank of Marin,2024.xlsx Marin clean,Stripe,Stripe,202.53,2,Stripe,Revenue,2,Stripe,Revenue,,,,,
2025-08-26,2025,8,Bank of Marin,2025 v3.xlsx,Stripe,Stripe,202.53,2,Stripe,Revenue,2,Stripe,Revenue,,,,,
2023-03-23,2023,3,Bank of Marin,BoM master,Square,Square,201.63,1,Square,Revenue,1,Square,Revenue,,,,,
2025-03-19,2025,3,Bank of Marin,2025 v3.xlsx,Square,Square,201.09,1,Square,Revenue,1,Square,Revenue,,,,,
2025-06-24,2025,6,Bank of Marin,2025 v3.xlsx,Stripe,Stripe,199.68,2,Stripe,Revenue,2,Stripe,Revenue,,,,,
2026-02-23,2026,2,Bank of Marin,BoM master,Stripe,Stripe,198.78,2,Stripe,Revenue,2,Stripe,Revenue,,,,,
2023-04-10,2023,4,Bank of Marin,BoM master,Stripe,Stripe,198.66,2,Stripe,Revenue,2,Stripe,Revenue,,,,,
2024-04-22,2024,4,Bank of Marin,2024.xlsx Marin clean,Stripe,Stripe,197.76,2,Stripe,Revenue,2,Stripe,Revenue,,,,,
2025-02-03,2025,2,Bank of Marin,2025 v3.xlsx,Stripe,Stripe,197.76,2,Stripe,Revenue,2,Stripe,Revenue,,,,,
2024-02-21,2024,2,Bank of Marin,2024.xlsx Marin clean,Stripe,Stripe,197.15,2,Stripe,Revenue,2,Stripe,Revenue,,,,,
2024-06-10,2024,6,Bank of Marin,2024.xlsx Marin clean,Stripe,Stripe,197.15,2,Stripe,Revenue,2,Stripe,Revenue,,,,,
2026-04-10,2026,4,Bank of Marin,BoM master,Square,Square,196.51,1,Square,Revenue,1,Square,Revenue,,,,,
2023-03-24,2023,3,Bank of Marin,BoM master,Stripe,Stripe,195.81,2,Stripe,Revenue,2,Stripe,Revenue,,,,,
2024-03-18,2024,3,Bank of Marin,2024.xlsx Marin clean,Square,Square,195.38,1,Square,Revenue,1,Square,Revenue,,,,,
2023-03-01,2023,3,Bank of Marin,BoM master,Square,Square,194.49,1,Square,Revenue,1,Square,Revenue,,,,,
2025-05-27,2025,5,Bank of Marin,2025 v3.xlsx,Square,Square,194.29,1,Square,Revenue,1,Square,Revenue,,,,,
2025-10-31,2025,10,Bank of Marin,2025 v3.xlsx,Stripe,Stripe,192.97,2,Stripe,Revenue,2,Stripe,Revenue,,,,,
2025-03-10,2025,3,Bank of Marin,2025 v3.xlsx,Square,Square,192.88,1,Square,Revenue,1,Square,Revenue,,,,,
2025-04-02,2025,4,Bank of Marin,2025 v3.xlsx,Square,Square,192.7,1,Square,Revenue,1,Square,Revenue,,,,,
2024-12-04,2024,12,Bank of Marin,2024.xlsx Marin clean,Stripe,Stripe,192.38,2,Stripe,Revenue,2,Stripe,Revenue,,,,,
2023-12-04,2023,12,Bank of Marin,BoM master,Stripe,Stripe,192.37,2,Stripe,Revenue,2,Stripe,Revenue,,,,,
2023-12-04,2023,12,Bank of Marin,BoM master,Square,Square,192.25,1,Square,Revenue,1,Square,Revenue,,,,,
2025-01-08,2025,1,Bank of Marin,2025 v3.xlsx,Stripe,Stripe,191.79,2,Stripe,Revenue,2,Stripe,Revenue,,,,,
2025-06-11,2025,6,Bank of Marin,2025 v3.xlsx,Stripe,Stripe,191.79,2,Stripe,Revenue,2,Stripe,Revenue,,,,,
2026-06-17,2026,6,Bank of Marin,BoM master,Stripe,Stripe,191.79,2,Stripe,Revenue,2,Stripe,Revenue,,,,,
2026-03-23,2026,3,Bank of Marin,BoM master,Stripe,Stripe,191.79,2,Stripe,Revenue,2,Stripe,Revenue,,,,,
2023-07-12,2023,7,Bank of Marin,BoM master,Stripe,Stripe,190.72,2,Stripe,Revenue,2,Stripe,Revenue,,,,,
2023-09-13,2023,9,Bank of Marin,BoM master,Square,Square,189.71,1,Square,Revenue,1,Square,Revenue,,,,,
2023-06-26,2023,6,Bank of Marin,BoM master,Square,Square,189.62,1,Square,Revenue,1,Square,Revenue,,,,,
2023-08-02,2023,8,Bank of Marin,BoM master,Stripe,Stripe,187.9,2,Stripe,Revenue,2,Stripe,Revenue,,,,,
2023-04-19,2023,4,Bank of Marin,BoM master,Stripe,Stripe,187.9,2,Stripe,Revenue,2,Stripe,Revenue,,,,,
2023-03-03,2023,3,Bank of Marin,BoM master,Stripe,Stripe,187.9,2,Stripe,Revenue,2,Stripe,Revenue,,,,,
2024-11-18,2024,11,Bank of Marin,2024.xlsx Marin clean,Square,Square,186.52,1,Square,Revenue,1,Square,Revenue,,,,,
2024-10-07,2024,10,Bank of Marin,2024.xlsx Marin clean,Stripe,Stripe,186.41,2,Stripe,Revenue,2,Stripe,Revenue,,,,,
2026-05-26,2026,5,Bank of Marin,BoM master,Square,Square,185.84,1,Square,Revenue,1,Square,Revenue,,,,,
2023-07-03,2023,7,Bank of Marin,BoM master,Stripe,Stripe,182.86,2,Stripe,Revenue,2,Stripe,Revenue,,,,,
2023-06-20,2023,6,Bank of Marin,BoM master,Stripe,Stripe,182.52,2,Stripe,Revenue,2,Stripe,Revenue,,,,,
2024-05-20,2024,5,Bank of Marin,2024.xlsx Marin clean,Stripe,Stripe,181.61,2,Stripe,Revenue,2,Stripe,Revenue,,,,,
2025-09-15,2025,9,Bank of Marin,2025 v3.xlsx,Square,Square,181.61,1,Square,Revenue,1,Square,Revenue,,,,,
2023-08-18,2023,8,Bank of Marin,BoM master,Stripe,Stripe,177.14,2,Stripe,Revenue,2,Stripe,Revenue,,,,,
2023-09-14,2023,9,Bank of Marin,BoM master,Stripe,Stripe,177.1,2,Stripe,Revenue,2,Stripe,Revenue,,,,,
2025-02-04,2025,2,Bank of Marin,2025 v3.xlsx,Stripe,Stripe,176.84,2,Stripe,Revenue,2,Stripe,Revenue,,,,,
2023-12-12,2023,12,Bank of Marin,BoM master,Stripe,Stripe,176.54,2,Stripe,Revenue,2,Stripe,Revenue,,,,,
2023-11-13,2023,11,Bank of Marin,BoM master,Stripe,Stripe,176.54,2,Stripe,Revenue,2,Stripe,Revenue,,,,,
2024-04-08,2024,4,Bank of Marin,2024.xlsx Marin clean,Square,Square,175.8,1,Square,Revenue,1,Square,Revenue,,,,,
2025-11-06,2025,11,Bank of Marin,2025 v3.xlsx,Square,Square,175.51,1,Square,Revenue,1,Square,Revenue,,,,,
2025-06-20,2025,6,Bank of Marin,2025 v3.xlsx,Stripe,Stripe,174.16,2,Stripe,Revenue,2,Stripe,Revenue,,,,,
2025-01-30,2025,1,Bank of Marin,2025 v3.xlsx,Square,Square,173.92,1,Square,Revenue,1,Square,Revenue,,,,,
2023-11-13,2023,11,Bank of Marin,BoM master,Square,Square,172.44,1,Square,Revenue,1,Square,Revenue,,,,,
2024-04-11,2024,4,Bank of Marin,2024.xlsx Marin clean,Stripe,Stripe,170.87,2,Stripe,Revenue,2,Stripe,Revenue,,,,,
2024-09-13,2024,9,Bank of Marin,2024.xlsx Marin clean,Stripe,Stripe,170.87,2,Stripe,Revenue,2,Stripe,Revenue,,,,,
2025-04-03,2025,4,Bank of Marin,2025 v3.xlsx,Stripe,Stripe,170.28,2,Stripe,Revenue,2,Stripe,Revenue,,,,,
2025-05-16,2025,5,Bank of Marin,2025 v3.xlsx,Stripe,Stripe,170.28,2,Stripe,Revenue,2,Stripe,Revenue,,,,,
2025-06-03,2025,6,Bank of Marin,2025 v3.xlsx,Stripe,Stripe,170.28,2,Stripe,Revenue,2,Stripe,Revenue,,,,,
2025-08-28,2025,8,Bank of Marin,2025 v3.xlsx,Stripe,Stripe,170.28,2,Stripe,Revenue,2,Stripe,Revenue,,,,,
2023-11-03,2023,11,Bank of Marin,BoM master,Stripe,Stripe,170.27,2,Stripe,Revenue,2,Stripe,Revenue,,,,,
2024-09-30,2024,9,Bank of Marin,2024.xlsx Marin clean,Square,Square,169.92,1,Square,Revenue,1,Square,Revenue,,,,,
2025-08-18,2025,8,Bank of Marin,2025 v3.xlsx,Square,Square,168.84,1,Square,Revenue,1,Square,Revenue,,,,,
2024-11-29,2024,11,Bank of Marin,2024.xlsx Marin clean,Stripe,Stripe,167.89,2,Stripe,Revenue,2,Stripe,Revenue,,,,,
2023-05-31,2023,5,Bank of Marin,BoM master,Stripe,Stripe,166.39,2,Stripe,Revenue,2,Stripe,Revenue,,,,,
2024-03-14,2024,3,Bank of Marin,2024.xlsx Marin clean,Stripe,Stripe,166.08,2,Stripe,Revenue,2,Stripe,Revenue,,,,,
2024-12-09,2024,12,Bank of Marin,2024.xlsx Marin clean,Stripe,Stripe,165.79,2,Stripe,Revenue,2,Stripe,Revenue,,,,,
2026-07-23,2026,7,Bank of Marin,BoM master,Stripe,Stripe,165.79,2,Stripe,Revenue,2,Stripe,Revenue,,,,,
2026-07-10,2026,7,Bank of Marin,BoM master,Stripe,Stripe,165.79,2,Stripe,Revenue,2,Stripe,Revenue,,,,,
2026-07-03,2026,7,Bank of Marin,BoM master,Stripe,Stripe,165.79,2,Stripe,Revenue,2,Stripe,Revenue,,,,,
2026-03-31,2026,3,Bank of Marin,BoM master,Stripe,Stripe,165.79,2,Stripe,Revenue,2,Stripe,Revenue,,,,,
2023-01-27,2023,1,Bank of Marin,BoM master,Stripe,Stripe,163.85,2,Stripe,Revenue,2,Stripe,Revenue,,,,,
2024-04-08,2024,4,Bank of Marin,2024.xlsx Marin clean,Stripe,Stripe,163.4,2,Stripe,Revenue,2,Stripe,Revenue,,,,,
2024-04-10,2024,4,Bank of Marin,2024.xlsx Marin clean,Stripe,Stripe,163.4,2,Stripe,Revenue,2,Stripe,Revenue,,,,,
2025-07-28,2025,7,Bank of Marin,2025 v3.xlsx,Square,Square,161.43,1,Square,Revenue,1,Square,Revenue,,,,,
2023-07-06,2023,7,Bank of Marin,BoM master,Stripe,Stripe,161.02,2,Stripe,Revenue,2,Stripe,Revenue,,,,,
2026-07-20,2026,7,Bank of Marin,BoM master,Square,Square,160.03,1,Square,Revenue,1,Square,Revenue,,,,,
2024-10-15,2024,10,Bank of Marin,2024.xlsx Marin clean,Square,Square,159.92,1,Square,Revenue,1,Square,Revenue,,,,,
2024-03-29,2024,3,Bank of Marin,2024.xlsx Marin clean,Stripe,Stripe,159.52,2,Stripe,Revenue,2,Stripe,Revenue,,,,,
2024-06-17,2024,6,Bank of Marin,2024.xlsx Marin clean,Stripe,Stripe,159.52,2,Stripe,Revenue,2,Stripe,Revenue,,,,,
2024-06-17,2024,6,Bank of Marin,2024.xlsx Marin clean,Square,Square,156.34,1,Square,Revenue,1,Square,Revenue,,,,,
2023-10-05,2023,10,Bank of Marin,BoM master,Stripe,Stripe,154.73,2,Stripe,Revenue,2,Stripe,Revenue,,,,,
2023-09-05,2023,9,Bank of Marin,BoM master,Stripe,Stripe,152.79,2,Stripe,Revenue,2,Stripe,Revenue,,,,,
2023-06-27,2023,6,Bank of Marin,BoM master,Stripe,Stripe,152.79,2,Stripe,Revenue,2,Stripe,Revenue,,,,,
2023-01-12,2023,1,Bank of Marin,BoM master,Stripe,Stripe,150.97,2,Stripe,Revenue,2,Stripe,Revenue,,,,,
2025-12-01,2025,12,Bank of Marin,2025 v3.xlsx,Stripe,Stripe,148.17,2,Stripe,Revenue,2,Stripe,Revenue,,,,,
2024-04-12,2024,4,Bank of Marin,2024.xlsx Marin clean,Square,Square,147.45,1,Square,Revenue,1,Square,Revenue,,,,,
2023-04-17,2023,4,Bank of Marin,BoM master,Square,Square,145.89,1,Square,Revenue,1,Square,Revenue,,,,,
2024-02-05,2024,2,Bank of Marin,2024.xlsx Marin clean,Stripe,Stripe,144.28,2,Stripe,Revenue,2,Stripe,Revenue,,,,,
2024-12-10,2024,12,Bank of Marin,2024.xlsx Marin clean,Stripe,Stripe,144.28,2,Stripe,Revenue,2,Stripe,Revenue,,,,,
2026-01-05,2026,1,Bank of Marin,BoM master,Stripe,Stripe,144.28,2,Stripe,Revenue,2,Stripe,Revenue,,,,,
2023-10-10,2023,10,Bank of Marin,BoM master,Stripe,Stripe,144.28,2,Stripe,Revenue,2,Stripe,Revenue,,,,,
2024-11-26,2024,11,Bank of Marin,2024.xlsx Marin clean,Stripe,Stripe,141.43,2,Stripe,Revenue,2,Stripe,Revenue,,,,,
2024-06-25,2024,6,Bank of Marin,2024.xlsx Marin clean,Stripe,Stripe,141.29,2,Stripe,Revenue,2,Stripe,Revenue,,,,,
2023-04-06,2023,4,Bank of Marin,BoM master,Stripe,Stripe,141.13,2,Stripe,Revenue,2,Stripe,Revenue,,,,,
2023-08-21,2023,8,Bank of Marin,BoM master,Square,Square,139.64,1,Square,Revenue,1,Square,Revenue,,,,,
2025-12-03,2025,12,Bank of Marin,2025 v3.xlsx,Stripe,Stripe,137.41,2,Stripe,Revenue,2,Stripe,Revenue,,,,,
2024-12-13,2024,12,Bank of Marin,2024.xlsx Marin clean,Stripe,Stripe,135.28,2,Stripe,Revenue,2,Stripe,Revenue,,,,,
2023-05-25,2023,5,Bank of Marin,BoM master,Stripe,Stripe,134.14,2,Stripe,Revenue,2,Stripe,Revenue,,,,,
2025-12-10,2025,12,Bank of Marin,2025 v3.xlsx,Stripe,Stripe,133.53,2,Stripe,Revenue,2,Stripe,Revenue,,,,,
2026-07-17,2026,7,Bank of Marin,BoM master,Stripe,Stripe,133.53,2,Stripe,Revenue,2,Stripe,Revenue,,,,,
2024-01-04,2024,1,Bank of Marin,2024.xlsx Marin clean,Stripe,Stripe,133.52,2,Stripe,Revenue,2,Stripe,Revenue,,,,,
2024-05-31,2024,5,Bank of Marin,2024.xlsx Marin clean,Stripe,Stripe,133.52,2,Stripe,Revenue,2,Stripe,Revenue,,,,,
2024-07-19,2024,7,Bank of Marin,2024.xlsx Marin clean,Stripe,Stripe,133.52,2,Stripe,Revenue,2,Stripe,Revenue,,,,,
2024-10-24,2024,10,Bank of Marin,2024.xlsx Marin clean,Stripe,Stripe,133.52,2,Stripe,Revenue,2,Stripe,Revenue,,,,,
2025-03-18,2025,3,Bank of Marin,2025 v3.xlsx,Stripe,Stripe,133.52,2,Stripe,Revenue,2,Stripe,Revenue,,,,,
2025-04-04,2025,4,Bank of Marin,2025 v3.xlsx,Stripe,Stripe,133.52,2,Stripe,Revenue,2,Stripe,Revenue,,,,,
2025-06-12,2025,6,Bank of Marin,2025 v3.xlsx,Stripe,Stripe,133.52,2,Stripe,Revenue,2,Stripe,Revenue,,,,,
2023-08-28,2023,8,Bank of Marin,BoM master,Stripe,Stripe,131.58,2,Stripe,Revenue,2,Stripe,Revenue,,,,,
2025-07-23,2025,7,Bank of Marin,2025 v3.xlsx,Stripe,Stripe,131.46,2,Stripe,Revenue,2,Stripe,Revenue,,,,,
2023-02-23,2023,2,Bank of Marin,BoM master,Square,Square,130.86,1,Square,Revenue,1,Square,Revenue,,,,,
2024-03-01,2024,3,Bank of Marin,2024.xlsx Marin clean,Square,Square,129.86,1,Square,Revenue,1,Square,Revenue,,,,,
2024-05-14,2024,5,Bank of Marin,2024.xlsx Marin clean,Square,Square,129.2,1,Square,Revenue,1,Square,Revenue,,,,,
2026-07-03,2026,7,Bank of Marin,BoM master,Square,Square,124.04,1,Square,Revenue,1,Square,Revenue,,,,,
2024-12-03,2024,12,Bank of Marin,2024.xlsx Marin clean,Stripe,Stripe,122.77,2,Stripe,Revenue,2,Stripe,Revenue,,,,,
2025-06-13,2025,6,Bank of Marin,2025 v3.xlsx,Stripe,Stripe,122.77,2,Stripe,Revenue,2,Stripe,Revenue,,,,,
2025-07-08,2025,7,Bank of Marin,2025 v3.xlsx,Stripe,Stripe,122.77,2,Stripe,Revenue,2,Stripe,Revenue,,,,,
2025-07-16,2025,7,Bank of Marin,2025 v3.xlsx,Stripe,Stripe,122.77,2,Stripe,Revenue,2,Stripe,Revenue,,,,,
2023-08-17,2023,8,Bank of Marin,BoM master,Stripe,Stripe,122.18,2,Stripe,Revenue,2,Stripe,Revenue,,,,,
2024-10-07,2024,10,Bank of Marin,2024.xlsx Marin clean,Square,Square,120.87,1,Square,Revenue,1,Square,Revenue,,,,,
2024-12-19,2024,12,Bank of Marin,2024.xlsx Marin clean,Stripe,Stripe,117.99,2,Stripe,Revenue,2,Stripe,Revenue,,,,,
2024-04-30,2024,4,Bank of Marin,2024.xlsx Marin clean,Stripe,Stripe,117.39,2,Stripe,Revenue,2,Stripe,Revenue,,,,,
2024-08-01,2024,8,Bank of Marin,2024.xlsx Marin clean,Stripe,Stripe,117.39,2,Stripe,Revenue,2,Stripe,Revenue,,,,,
2024-08-13,2024,8,Bank of Marin,2024.xlsx Marin clean,Stripe,Stripe,117.39,2,Stripe,Revenue,2,Stripe,Revenue,,,,,
2025-04-15,2025,4,Bank of Marin,2025 v3.xlsx,Stripe,Stripe,117.39,2,Stripe,Revenue,2,Stripe,Revenue,,,,,
2025-08-11,2025,8,Bank of Marin,2025 v3.xlsx,Stripe,Stripe,117.39,2,Stripe,Revenue,2,Stripe,Revenue,,,,,
2025-08-20,2025,8,Bank of Marin,2025 v3.xlsx,Stripe,Stripe,117.39,2,Stripe,Revenue,2,Stripe,Revenue,,,,,
2026-06-10,2026,6,Bank of Marin,BoM master,Stripe,Stripe,117.39,2,Stripe,Revenue,2,Stripe,Revenue,,,,,
2026-05-21,2026,5,Bank of Marin,BoM master,Stripe,Stripe,117.39,2,Stripe,Revenue,2,Stripe,Revenue,,,,,
2026-04-13,2026,4,Bank of Marin,BoM master,Stripe,Stripe,117.39,2,Stripe,Revenue,2,Stripe,Revenue,,,,,
2026-04-09,2026,4,Bank of Marin,BoM master,Stripe,Stripe,117.39,2,Stripe,Revenue,2,Stripe,Revenue,,,,,
2026-03-13,2026,3,Bank of Marin,BoM master,Stripe,Stripe,117.39,2,Stripe,Revenue,2,Stripe,Revenue,,,,,
2023-09-05,2023,9,Bank of Marin,BoM master,Square,Square,115.96,1,Square,Revenue,1,Square,Revenue,,,,,
2023-09-08,2023,9,Bank of Marin,BoM master,Square,Square,114.64,1,Square,Revenue,1,Square,Revenue,,,,,
2024-02-13,2024,2,Bank of Marin,2024.xlsx Marin clean,Square,Square,113.54,1,Square,Revenue,1,Square,Revenue,,,,,
2024-01-23,2024,1,Bank of Marin,2024.xlsx Marin clean,Square,Square,112.66,1,Square,Revenue,1,Square,Revenue,,,,,
2023-01-25,2023,1,Bank of Marin,BoM master,Stripe,Stripe,111.88,2,Stripe,Revenue,2,Stripe,Revenue,,,,,
2023-12-28,2023,12,Bank of Marin,BoM master,Square,Square,111.4,1,Square,Revenue,1,Square,Revenue,,,,,
2026-06-10,2026,6,Bank of Marin,BoM master,Square,Square,110.59,1,Square,Revenue,1,Square,Revenue,,,,,
2024-08-02,2024,8,Bank of Marin,2024.xlsx Marin clean,Stripe,Stripe,110.53,2,Stripe,Revenue,2,Stripe,Revenue,,,,,
2023-01-18,2023,1,Bank of Marin,BoM master,Square,Square,108.88,1,Square,Revenue,1,Square,Revenue,,,,,
2023-12-20,2023,12,Bank of Marin,BoM master,Square,Square,108.44,1,Square,Revenue,1,Square,Revenue,,,,,
2026-02-02,2026,2,Bank of Marin,BoM master,Square,Square,107.1,1,Square,Revenue,1,Square,Revenue,,,,,
2024-02-22,2024,2,Bank of Marin,2024.xlsx Marin clean,Stripe,Stripe,106.65,2,Stripe,Revenue,2,Stripe,Revenue,,,,,
2024-02-26,2024,2,Bank of Marin,2024.xlsx Marin clean,Stripe,Stripe,106.65,2,Stripe,Revenue,2,Stripe,Revenue,,,,,
2024-07-24,2024,7,Bank of Marin,2024.xlsx Marin clean,Stripe,Stripe,106.65,2,Stripe,Revenue,2,Stripe,Revenue,,,,,
2024-08-08,2024,8,Bank of Marin,2024.xlsx Marin clean,Stripe,Stripe,106.65,2,Stripe,Revenue,2,Stripe,Revenue,,,,,
2024-09-26,2024,9,Bank of Marin,2024.xlsx Marin clean,Stripe,Stripe,106.65,2,Stripe,Revenue,2,Stripe,Revenue,,,,,
2024-11-01,2024,11,Bank of Marin,2024.xlsx Marin clean,Stripe,Stripe,106.65,2,Stripe,Revenue,2,Stripe,Revenue,,,,,
2024-11-19,2024,11,Bank of Marin,2024.xlsx Marin clean,Stripe,Stripe,106.65,2,Stripe,Revenue,2,Stripe,Revenue,,,,,
2024-12-16,2024,12,Bank of Marin,2024.xlsx Marin clean,Stripe,Stripe,106.65,2,Stripe,Revenue,2,Stripe,Revenue,,,,,
2025-03-12,2025,3,Bank of Marin,2025 v3.xlsx,Stripe,Stripe,106.65,2,Stripe,Revenue,2,Stripe,Revenue,,,,,
2025-06-25,2025,6,Bank of Marin,2025 v3.xlsx,Stripe,Stripe,106.65,2,Stripe,Revenue,2,Stripe,Revenue,,,,,
2025-08-06,2025,8,Bank of Marin,2025 v3.xlsx,Stripe,Stripe,106.65,2,Stripe,Revenue,2,Stripe,Revenue,,,,,
2025-12-30,2025,12,Bank of Marin,2025 v3.xlsx,Stripe,Stripe,106.65,2,Stripe,Revenue,2,Stripe,Revenue,,,,,
2026-06-22,2026,6,Bank of Marin,BoM master,Stripe,Stripe,106.65,2,Stripe,Revenue,2,Stripe,Revenue,,,,,
2026-01-02,2026,1,Bank of Marin,BoM master,Stripe,Stripe,106.65,2,Stripe,Revenue,2,Stripe,Revenue,,,,,
2024-07-12,2024,7,Bank of Marin,2024.xlsx Marin clean,Stripe,Stripe,104.99,2,Stripe,Revenue,2,Stripe,Revenue,,,,,
2023-08-21,2023,8,Bank of Marin,BoM master,Stripe,Stripe,104.7,2,Stripe,Revenue,2,Stripe,Revenue,,,,,
2024-08-23,2024,8,Bank of Marin,2024.xlsx Marin clean,Stripe,Stripe,103.96,2,Stripe,Revenue,2,Stripe,Revenue,,,,,
2026-06-01,2026,6,Bank of Marin,BoM master,Square,Square,103.26,1,Square,Revenue,1,Square,Revenue,,,,,
2024-06-21,2024,6,Bank of Marin,2024.xlsx Marin clean,Stripe,Stripe,101.86,2,Stripe,Revenue,2,Stripe,Revenue,,,,,
2025-05-15,2025,5,Bank of Marin,2025 v3.xlsx,Stripe,Stripe,101.86,2,Stripe,Revenue,2,Stripe,Revenue,,,,,
2026-05-22,2026,5,Bank of Marin,BoM master,Stripe,Stripe,101.86,2,Stripe,Revenue,2,Stripe,Revenue,,,,,
2024-06-24,2024,6,Bank of Marin,2024.xlsx Marin clean,Square,Square,99.68,1,Square,Revenue,1,Square,Revenue,,,,,
2023-02-16,2023,2,Bank of Marin,BoM master,Mobile Deposit,Mobile Deposit,99.68,3,Deposits,Revenue,3,Deposits,Revenue,,,,,
2023-12-22,2023,12,Bank of Marin,BoM master,Stripe,Stripe,99.63,2,Stripe,Revenue,2,Stripe,Revenue,,,,,
2024-02-26,2024,2,Bank of Marin,2024.xlsx Marin clean,Square,Square,98.91,1,Square,Revenue,1,Square,Revenue,,,,,
2023-08-07,2023,8,Bank of Marin,BoM master,Square,Square,98.43,1,Square,Revenue,1,Square,Revenue,,,,,
2025-09-02,2025,9,Bank of Marin,2025 v3.xlsx,Square,Square,97.76,1,Square,Revenue,1,Square,Revenue,,,,,
2023-07-17,2023,7,Bank of Marin,BoM master,Stripe,Stripe,97.68,2,Stripe,Revenue,2,Stripe,Revenue,,,,,
2023-10-27,2023,10,Bank of Marin,BoM master,Stripe,Stripe,95.89,2,Stripe,Revenue,2,Stripe,Revenue,,,,,
2023-10-17,2023,10,Bank of Marin,BoM master,Stripe,Stripe,95.89,2,Stripe,Revenue,2,Stripe,Revenue,,,,,
2023-09-29,2023,9,Bank of Marin,BoM master,Stripe,Stripe,94.87,2,Stripe,Revenue,2,Stripe,Revenue,,,,,
2023-08-10,2023,8,Bank of Marin,BoM master,Stripe,Stripe,93.95,2,Stripe,Revenue,2,Stripe,Revenue,,,,,
2023-06-29,2023,6,Bank of Marin,BoM master,Stripe,Stripe,93.95,2,Stripe,Revenue,2,Stripe,Revenue,,,,,
2026-04-06,2026,4,Bank of Marin,BoM master,Square,Square,92.95,1,Square,Revenue,1,Square,Revenue,,,,,
2025-01-14,2025,1,Bank of Marin,2025 v3.xlsx,Stripe,Stripe,91.45,2,Stripe,Revenue,2,Stripe,Revenue,,,,,
2024-05-28,2024,5,Bank of Marin,2024.xlsx Marin clean,Mobile Deposit,Mobile Deposit,91.31,3,Deposits,Revenue,3,Deposits,Revenue,,,,,
2024-07-15,2024,7,Bank of Marin,2024.xlsx Marin clean,Stripe,Stripe,91.11,2,Stripe,Revenue,2,Stripe,Revenue,,,,,
2025-08-25,2025,8,Bank of Marin,2025 v3.xlsx,Stripe,Stripe,91.11,2,Stripe,Revenue,2,Stripe,Revenue,,,,,
2025-12-02,2025,12,Bank of Marin,2025 v3.xlsx,Stripe,Stripe,91.11,2,Stripe,Revenue,2,Stripe,Revenue,,,,,
2024-01-09,2024,1,Bank of Marin,2024.xlsx Marin clean,Stripe,Stripe,90.95,2,Stripe,Revenue,2,Stripe,Revenue,,,,,
2024-12-20,2024,12,Bank of Marin,2024.xlsx Marin clean,Stripe,Stripe,89.02,2,Stripe,Revenue,2,Stripe,Revenue,,,,,
2023-05-23,2023,5,Bank of Marin,BoM master,Stripe,Stripe,88.58,2,Stripe,Revenue,2,Stripe,Revenue,,,,,
2025-02-11,2025,2,Bank of Marin,2025 v3.xlsx,Square,Square,85.66,1,Square,Revenue,1,Square,Revenue,,,,,
2025-01-28,2025,1,Bank of Marin,2025 v3.xlsx,Stripe,Stripe,85.14,2,Stripe,Revenue,2,Stripe,Revenue,,,,,
2025-03-13,2025,3,Bank of Marin,2025 v3.xlsx,Stripe,Stripe,85.14,2,Stripe,Revenue,2,Stripe,Revenue,,,,,
2025-03-27,2025,3,Bank of Marin,2025 v3.xlsx,Stripe,Stripe,85.14,2,Stripe,Revenue,2,Stripe,Revenue,,,,,
2025-04-02,2025,4,Bank of Marin,2025 v3.xlsx,Stripe,Stripe,85.14,2,Stripe,Revenue,2,Stripe,Revenue,,,,,
2025-09-02,2025,9,Bank of Marin,2025 v3.xlsx,Stripe,Stripe,85.14,2,Stripe,Revenue,2,Stripe,Revenue,,,,,
2025-09-23,2025,9,Bank of Marin,2025 v3.xlsx,Stripe,Stripe,85.14,2,Stripe,Revenue,2,Stripe,Revenue,,,,,
2025-11-24,2025,11,Bank of Marin,2025 v3.xlsx,Stripe,Stripe,85.14,2,Stripe,Revenue,2,Stripe,Revenue,,,,,
2025-12-04,2025,12,Bank of Marin,2025 v3.xlsx,Stripe,Stripe,85.14,2,Stripe,Revenue,2,Stripe,Revenue,,,,,
2026-04-16,2026,4,Bank of Marin,BoM master,Stripe,Stripe,85.14,2,Stripe,Revenue,2,Stripe,Revenue,,,,,
2024-10-03,2024,10,Bank of Marin,2024.xlsx Marin clean,Square,Square,83.11,1,Square,Revenue,1,Square,Revenue,,,,,
2024-12-02,2024,12,Bank of Marin,2024.xlsx Marin clean,Stripe,Stripe,81.32,2,Stripe,Revenue,2,Stripe,Revenue,,,,,
2024-03-01,2024,3,Bank of Marin,2024.xlsx Marin clean,Stripe,Stripe,79.76,2,Stripe,Revenue,2,Stripe,Revenue,,,,,
2024-03-20,2024,3,Bank of Marin,2024.xlsx Marin clean,Stripe,Stripe,79.76,2,Stripe,Revenue,2,Stripe,Revenue,,,,,
2024-04-02,2024,4,Bank of Marin,2024.xlsx Marin clean,Stripe,Stripe,79.76,2,Stripe,Revenue,2,Stripe,Revenue,,,,,
2024-04-04,2024,4,Bank of Marin,2024.xlsx Marin clean,Stripe,Stripe,79.76,2,Stripe,Revenue,2,Stripe,Revenue,,,,,
2024-04-17,2024,4,Bank of Marin,2024.xlsx Marin clean,Stripe,Stripe,79.76,2,Stripe,Revenue,2,Stripe,Revenue,,,,,
2024-09-10,2024,9,Bank of Marin,2024.xlsx Marin clean,Stripe,Stripe,79.76,2,Stripe,Revenue,2,Stripe,Revenue,,,,,
2024-11-19,2024,11,Bank of Marin,2024.xlsx Marin clean,Square,Square,76.11,1,Square,Revenue,1,Square,Revenue,,,,,
2023-10-16,2023,10,Bank of Marin,BoM master,Stripe,Stripe,74.38,2,Stripe,Revenue,2,Stripe,Revenue,,,,,
2024-11-12,2024,11,Bank of Marin,2024.xlsx Marin clean,Square,Square,72.71,1,Square,Revenue,1,Square,Revenue,,,,,
2023-07-18,2023,7,Bank of Marin,BoM master,Stripe,Stripe,72.44,2,Stripe,Revenue,2,Stripe,Revenue,,,,,
2024-01-03,2024,1,Bank of Marin,2024.xlsx Marin clean,Stripe,Stripe,71.85,2,Stripe,Revenue,2,Stripe,Revenue,,,,,
2023-08-07,2023,8,Bank of Marin,BoM master,Stripe,Stripe,71.31,2,Stripe,Revenue,2,Stripe,Revenue,,,,,
2024-10-21,2024,10,Bank of Marin,2024.xlsx Marin clean,Stripe,Stripe,69.6,2,Stripe,Revenue,2,Stripe,Revenue,,,,,
2024-10-25,2024,10,Bank of Marin,2024.xlsx Marin clean,Stripe,Stripe,69.6,2,Stripe,Revenue,2,Stripe,Revenue,,,,,
2025-04-22,2025,4,Bank of Marin,2025 v3.xlsx,Stripe,Stripe,69.6,2,Stripe,Revenue,2,Stripe,Revenue,,,,,
2026-07-14,2026,7,Bank of Marin,BoM master,Stripe,Stripe,69.6,2,Stripe,Revenue,2,Stripe,Revenue,,,,,
2024-07-08,2024,7,Bank of Marin,2024.xlsx Marin clean,Square,Square,67.07,1,Square,Revenue,1,Square,Revenue,,,,,
2023-07-07,2023,7,Bank of Marin,BoM master,Stripe,Stripe,67.07,2,Stripe,Revenue,2,Stripe,Revenue,,,,,
2023-03-14,2023,3,Bank of Marin,BoM master,Stripe,Stripe,67.07,2,Stripe,Revenue,2,Stripe,Revenue,,,,,
2023-01-13,2023,1,Bank of Marin,BoM master,Stripe,Stripe,67.07,2,Stripe,Revenue,2,Stripe,Revenue,,,,,
2024-09-23,2024,9,Bank of Marin,2024.xlsx Marin clean,Stripe,Stripe,66.99,2,Stripe,Revenue,2,Stripe,Revenue,,,,,
2023-08-01,2023,8,Bank of Marin,BoM master,Stripe,Stripe,66.12,2,Stripe,Revenue,2,Stripe,Revenue,,,,,
2025-01-13,2025,1,Bank of Marin,2025 v3.xlsx,Square,Square,66.01,1,Square,Revenue,1,Square,Revenue,,,,,
2026-05-28,2026,5,Bank of Marin,BoM master,Square,Square,63.68,1,Square,Revenue,1,Square,Revenue,,,,,
2025-03-28,2025,3,Bank of Marin,2025 v3.xlsx,Square,Square,63.59,1,Square,Revenue,1,Square,Revenue,,,,,
2023-01-31,2023,1,Bank of Marin,BoM master,Stripe,Stripe,60.47,2,Stripe,Revenue,2,Stripe,Revenue,,,,,
2023-11-16,2023,11,Bank of Marin,BoM master,Stripe,Stripe,58.84,2,Stripe,Revenue,2,Stripe,Revenue,,,,,
2023-09-15,2023,9,Bank of Marin,BoM master,Stripe,Stripe,58.84,2,Stripe,Revenue,2,Stripe,Revenue,,,,,
2023-08-23,2023,8,Bank of Marin,BoM master,Stripe,Stripe,58.84,2,Stripe,Revenue,2,Stripe,Revenue,,,,,
2023-01-24,2023,1,Bank of Marin,BoM master,Stripe,Stripe,53.47,2,Stripe,Revenue,2,Stripe,Revenue,,,,,
2025-05-27,2025,5,Bank of Marin,2025 v3.xlsx,Square,Square,52.94,1,Square,Revenue,1,Square,Revenue,,,,,
2024-09-03,2024,9,Bank of Marin,2024.xlsx Marin clean,Square,Square,51.01,1,Square,Revenue,1,Square,Revenue,,,,,
2024-09-03,2024,9,Bank of Marin,2024.xlsx Marin clean,Mobile Deposit,Mobile Deposit,50.0,3,Deposits,Revenue,3,Deposits,Revenue,,,,,
2023-08-17,2023,8,Bank of Marin,BoM master,Mobile Deposit,Mobile Deposit,50.0,3,Deposits,Revenue,3,Deposits,Revenue,,,,,
2024-09-19,2024,9,Bank of Marin,2024.xlsx Marin clean,Stripe,Stripe,48.19,2,Stripe,Revenue,2,Stripe,Revenue,,,,,
2026-02-03,2026,2,Bank of Marin,BoM master,Mobile Deposit,Mobile Deposit,47.95,3,Deposits,Revenue,3,Deposits,Revenue,,,,,
2024-06-05,2024,6,Bank of Marin,2024.xlsx Marin clean,Visa Refund Credit Merchant Terminal,Visa Refund Credit Merchant Terminal,42.6,4,Other Income,Revenue,4,Other Income,Revenue,,,,,
2024-07-29,2024,7,Bank of Marin,2024.xlsx Marin clean,Square,Square,41.68,1,Square,Revenue,1,Square,Revenue,,,,,
2024-09-16,2024,9,Bank of Marin,2024.xlsx Marin clean,Square,Square,40.06,1,Square,Revenue,1,Square,Revenue,,,,,
2024-01-17,2024,1,Bank of Marin,2024.xlsx Marin clean,Mobile Deposit,Mobile Deposit,36.24,3,Deposits,Revenue,3,Deposits,Revenue,,,,,
2026-02-03,2026,2,Bank of Marin,BoM master,Mobile Deposit,Mobile Deposit,34.5,3,Deposits,Revenue,3,Deposits,Revenue,,,,,
2023-03-07,2023,3,Bank of Marin,BoM master,Mobile Deposit,Mobile Deposit,33.22,3,Deposits,Revenue,3,Deposits,Revenue,,,,,
2024-11-04,2024,11,Bank of Marin,2024.xlsx Marin clean,Square,Square,31.74,1,Square,Revenue,1,Square,Revenue,,,,,
2025-06-02,2025,6,Bank of Marin,2025 v3.xlsx,Square,Square,18.1,1,Square,Revenue,1,Square,Revenue,,,,,
2023-02-21,2023,2,Bank of Marin,BoM master,Square,Square,13.67,1,Square,Revenue,1,Square,Revenue,,,,,
2024-03-27,2024,3,Bank of Marin,2024.xlsx Marin clean,City of Alameda Ip,City of Alameda Ip,-0.0,33,Utilities,Business,33,Utilities,Business,,,,,
2024-08-15,2024,8,Bank of Marin,2024.xlsx Marin clean,Service Charge,Service Charge,-0.0,42,Misc,Business,42,Misc,Business,,,,,
2024-08-19,2024,8,Bank of Marin,2024.xlsx Marin clean,Service Charge,Service Charge,-0.0,42,Misc,Business,42,Misc,Business,,,,,
2024-08-19,2024,8,Bank of Marin,2024.xlsx Marin clean,Service Charge,Service Charge,-0.0,42,Misc,Business,42,Misc,Business,,,,,
2024-08-19,2024,8,Bank of Marin,2024.xlsx Marin clean,Service Charge,Service Charge,-0.0,42,Misc,Business,42,Misc,Business,,,,,
2024-08-19,2024,8,Bank of Marin,2024.xlsx Marin clean,Service Charge,Service Charge,-0.0,42,Misc,Business,42,Misc,Business,,,,,
2024-08-20,2024,8,Bank of Marin,2024.xlsx Marin clean,Service Charge,Service Charge,-0.0,42,Misc,Business,42,Misc,Business,,,,,
2024-09-03,2024,9,Bank of Marin,2024.xlsx Marin clean,Service Charge,Service Charge,-0.0,42,Misc,Business,42,Misc,Business,,,,,
2024-10-31,2024,10,Bank of Marin,2024.xlsx Marin clean,City of Alameda Ip,City of Alameda Ip,-0.0,33,Utilities,Business,33,Utilities,Business,,,,,
2023-10-05,2023,10,Capital One CC,CC uploads,MOUNT SHASTA FLORIST,MOUNT SHASTA FLORIST,0.0,15,Merchandise,Business,15,Merchandise,Business,,,,,
2023-08-22,2023,8,Capital One CC,CC uploads,PURCHASE ADJUSTMENT,PURCHASE ADJUSTMENT,0.0,43,Food,Business,43,Food,Business,,,,,
2023-08-18,2023,8,Capital One CC,CC uploads,DANDELIONFLOWERSHOP.CO,DANDELIONFLOWERSHOP.CO,0.0,15,Merchandise,Business,15,Merchandise,Business,,,,,
2023-06-10,2023,6,Capital One CC,CC uploads,PURCHASE ADJUSTMENT,PURCHASE ADJUSTMENT,0.0,42,Misc,Business,42,Misc,Business,,,,,
2023-05-24,2023,5,Capital One CC,CC uploads,AIRBNB  HMKZJRMQN2,AIRBNB  HMKZJRMQN2,0.0,42,Misc,Business,42,Misc,Business,,,,,
2023-03-27,2023,3,Capital One CC,CC uploads,SP MAISON BOUCHE,SP MAISON BOUCHE,0.0,43,Food,Business,43,Food,Business,,,,,
2026-03-15,2026,3,Capital One CC,CC uploads,PURCHASE ADJUSTMENT,PURCHASE ADJUSTMENT,0.0,15,Merchandise,Business,15,Merchandise,Business,,,,,
2026-01-21,2026,1,Capital One CC,CC uploads,ALO MOVES,ALO MOVES,0.0,65,Entertainment,Personal,65,Entertainment,Personal,,,,,
2024-03-14,2024,3,Capital One CC,2024.xlsx Capital 1 Clean,TARGET.COM  *,TARGET.COM  *,-0.1,15,Merchandise,Business,15,Merchandise,Business,,,,,
2024-04-19,2024,4,Capital One CC,2024.xlsx Capital 1 Clean,CITY OF ALAMEDA IPS,CITY OF ALAMEDA IPS,-0.25,31,Car (shop),Business,31,Car (shop),Business,,,,,
2024-04-19,2024,4,Capital One CC,2024.xlsx Capital 1 Clean,CITY OF ALAMEDA IPS,CITY OF ALAMEDA IPS,-0.25,31,Car (shop),Business,31,Car (shop),Business,,,,,
2023-10-30,2023,10,Bank of Marin,BoM master,City of Alameda Ip,City of Alameda Ip,-0.25,33,Utilities,Business,33,Utilities,Business,,,,,
2023-10-10,2023,10,Bank of Marin,BoM master,City of Alameda Ip,City of Alameda Ip,-0.25,33,Utilities,Business,33,Utilities,Business,,,,,
2023-10-02,2023,10,Bank of Marin,BoM master,City of Alameda Ip,City of Alameda Ip,-0.25,33,Utilities,Business,33,Utilities,Business,,,,,
2023-10-02,2023,10,Bank of Marin,BoM master,City of Alameda Ip,City of Alameda Ip,-0.25,33,Utilities,Business,33,Utilities,Business,,,,,
2023-10-02,2023,10,Bank of Marin,BoM master,City of Alameda Ip,City of Alameda Ip,-0.25,33,Utilities,Business,33,Utilities,Business,,,,,
2023-10-02,2023,10,Bank of Marin,BoM master,City of Alameda Ip,City of Alameda Ip,-0.25,33,Utilities,Business,33,Utilities,Business,,,,,
2023-08-28,2023,8,Bank of Marin,BoM master,City of Alameda Ip,City of Alameda Ip,-0.25,33,Utilities,Business,33,Utilities,Business,,,,,
2023-08-28,2023,8,Bank of Marin,BoM master,City of Alameda Ip,City of Alameda Ip,-0.25,33,Utilities,Business,33,Utilities,Business,,,,,
2023-08-21,2023,8,Bank of Marin,BoM master,City of Alameda Ip,City of Alameda Ip,-0.25,33,Utilities,Business,33,Utilities,Business,,,,,
2023-08-21,2023,8,Bank of Marin,BoM master,City of Alameda Ip,City of Alameda Ip,-0.25,33,Utilities,Business,33,Utilities,Business,,,,,
2023-08-07,2023,8,Bank of Marin,BoM master,City of Alameda Ip,City of Alameda Ip,-0.25,33,Utilities,Business,33,Utilities,Business,,,,,
2023-08-07,2023,8,Bank of Marin,BoM master,City of Alameda Ip,City of Alameda Ip,-0.25,33,Utilities,Business,33,Utilities,Business,,,,,
2023-08-07,2023,8,Bank of Marin,BoM master,City of Alameda Ip,City of Alameda Ip,-0.25,33,Utilities,Business,33,Utilities,Business,,,,,
2023-07-18,2023,7,Bank of Marin,BoM master,City of Alameda Ip,City of Alameda Ip,-0.25,33,Utilities,Business,33,Utilities,Business,,,,,
2023-07-10,2023,7,Bank of Marin,BoM master,City of Alameda Ip,City of Alameda Ip,-0.25,33,Utilities,Business,33,Utilities,Business,,,,,
2023-06-06,2023,6,Bank of Marin,BoM master,City of Alameda Ip,City of Alameda Ip,-0.25,33,Utilities,Business,33,Utilities,Business,,,,,
2023-06-06,2023,6,Bank of Marin,BoM master,City of Alameda Ip,City of Alameda Ip,-0.25,33,Utilities,Business,33,Utilities,Business,,,,,
2023-06-06,2023,6,Bank of Marin,BoM master,City of Alameda Ip,City of Alameda Ip,-0.25,33,Utilities,Business,33,Utilities,Business,,,,,
2023-05-08,2023,5,Bank of Marin,BoM master,City of Alameda Ip,City of Alameda Ip,-0.25,33,Utilities,Business,33,Utilities,Business,,,,,
2026-03-02,2026,3,Bank of Marin,BoM master,Oakland Parking Mt R Ips,Oakland Parking Mt R Ips,-0.5,42,Misc,Business,42,Misc,Business,,,,,
2025-08-13,2025,8,Capital One CC,2025 v3.xlsx,FOSSOMBRONE 8091,FOSSOMBRONE 8091,-0.58,31,Car (shop),Business,31,Car (shop),Business,,,,,
2026-01-08,2026,1,Capital One CC,CC uploads,Aotea Gifts AKL,Aotea Gifts AKL,-0.71,15,Merchandise,Business,15,Merchandise,Business,,,,,
2024-11-04,2024,11,Capital One CC,2024.xlsx Capital 1 Clean,SAN LEANDRO PARKING,SAN LEANDRO PARKING,-0.75,14,Materials,Business,14,Materials,Business,,,,,
2026-03-09,2026,3,Bank of Marin,BoM master,Coa Ips Parking,Coa Ips Parking,-0.75,42,Misc,Business,42,Misc,Business,,,,,
2026-01-23,2026,1,Bank of Marin,BoM master,Coa Ips Parking,Coa Ips Parking,-0.75,42,Misc,Business,42,Misc,Business,,,,,
2026-01-08,2026,1,Bank of Marin,BoM master,Coa Ips Parking,Coa Ips Parking,-0.75,42,Misc,Business,42,Misc,Business,,,,,
2023-08-14,2023,8,Bank of Marin,BoM master,City of Alameda Ip,City of Alameda Ip,-0.75,33,Utilities,Business,33,Utilities,Business,,,,,
2023-07-18,2023,7,Bank of Marin,BoM master,City of San Mateo,City of San Mateo,-0.75,42,Misc,Business,42,Misc,Business,,,,,
2026-03-16,2026,3,Bank of Marin,BoM master,Berkeley Ips Meter,Berkeley Ips Meter,-0.8,42,Misc,Business,42,Misc,Business,,,,,
2024-01-29,2024,1,Capital One CC,2024.xlsx Capital 1 Clean,FD *CA DMV 639 *SVC,FD *CA DMV 639 *SVC,-0.95,14,Materials,Business,14,Materials,Business,,,,,
2025-01-27,2025,1,Capital One CC,2025 v3.xlsx,CITY OF ALAMEDA IPS,CITY OF ALAMEDA IPS,-1.0,31,Car (shop),Business,31,Car (shop),Business,,,,,
2025-01-27,2025,1,Capital One CC,2025 v3.xlsx,CITY OF ALAMEDA IPS,CITY OF ALAMEDA IPS,-1.0,31,Car (shop),Business,31,Car (shop),Business,,,,,
2026-03-23,2026,3,Bank of Marin,BoM master,Coa Ips Parking,Coa Ips Parking,-1.0,42,Misc,Business,42,Misc,Business,,,,,
2026-03-16,2026,3,Bank of Marin,BoM master,Coa Ips Parking,Coa Ips Parking,-1.0,42,Misc,Business,42,Misc,Business,,,,,
2023-06-12,2023,6,Bank of Marin,BoM master,City of Alameda Ip,City of Alameda Ip,-1.0,33,Utilities,Business,33,Utilities,Business,,,,,
2023-10-01,2023,10,Capital One CC,CC uploads,Google ADS7942272052,Google ADS7942272052,-1.09,23,Ads & Subscriptions,Business,23,Ads & Subscriptions,Business,,,,,
2026-01-07,2026,1,Capital One CC,CC uploads,MS* JOJOEAUCKLAND,MS* JOJOEAUCKLAND,-1.16,42,Misc,Business,42,Misc,Business,,,,,
2024-05-14,2024,5,Capital One CC,2024.xlsx Capital 1 Clean,GLOBAL VIA RUTA 27,GLOBAL VIA RUTA 27,-1.19,31,Car (shop),Business,31,Car (shop),Business,,,,,
2025-08-13,2025,8,Capital One CC,2025 v3.xlsx,INTERBIAK /-AMOREB,INTERBIAK /-AMOREB,-1.2,31,Car (shop),Business,31,Car (shop),Business,,,,,
2023-12-04,2023,12,Bank of Marin,BoM master,City of Alameda Ip,City of Alameda Ip,-1.5,33,Utilities,Business,33,Utilities,Business,,,,,
2023-09-11,2023,9,Bank of Marin,BoM master,City of Alameda Ip,City of Alameda Ip,-1.5,33,Utilities,Business,33,Utilities,Business,,,,,
2023-07-18,2023,7,Bank of Marin,BoM master,City of San Mateo,City of San Mateo,-1.5,42,Misc,Business,42,Misc,Business,,,,,
2026-01-06,2026,1,Capital One CC,CC uploads,Manna Family Mart Napi,Manna Family Mart Napi,-1.51,15,Merchandise,Business,15,Merchandise,Business,,,,,
2024-09-01,2024,9,Capital One CC,2024.xlsx Capital 1 Clean,MTR - RIDES,MTR - RIDES,-1.69,67,Travel,Personal,67,Travel,Personal,,,,,
2026-05-11,2026,5,Bank of Marin,BoM master,Coa Ips Parking,Coa Ips Parking,-1.75,42,Misc,Business,42,Misc,Business,,,,,
2026-05-11,2026,5,Bank of Marin,BoM master,Coa Ips Parking,Coa Ips Parking,-1.75,42,Misc,Business,42,Misc,Business,,,,,
2026-01-30,2026,1,Bank of Marin,BoM master,Coa Ips Parking,Coa Ips Parking,-1.75,42,Misc,Business,42,Misc,Business,,,,,
2025-08-18,2025,8,Capital One CC,2025 v3.xlsx,PARCOMETRO 18,PARCOMETRO 18,-1.76,31,Car (shop),Business,31,Car (shop),Business,,,,,
2026-06-07,2026,6,Capital One CC,CC uploads,CIRCLE K # 09226,CIRCLE K # 09226,-1.99,31,Car (shop),Business,31,Car (shop),Business,,,,,
2024-10-21,2024,10,Bank of Marin,2024.xlsx Marin clean,City of Alameda Ip,City of Alameda Ip,-2.0,33,Utilities,Business,33,Utilities,Business,,,,,
2024-10-21,2024,10,Bank of Marin,2024.xlsx Marin clean,City of Alameda Ip,City of Alameda Ip,-2.0,33,Utilities,Business,33,Utilities,Business,,,,,
2024-10-28,2024,10,Bank of Marin,2024.xlsx Marin clean,City of Alameda Ip,City of Alameda Ip,-2.0,33,Utilities,Business,33,Utilities,Business,,,,,
2025-06-25,2025,6,Capital One CC,2025 v3.xlsx,CITY OF ALAMEDA IPS,CITY OF ALAMEDA IPS,-2.0,31,Car (shop),Business,31,Car (shop),Business,,,,,
2026-06-17,2026,6,Bank of Marin,BoM master,Coa Ips Parking,Coa Ips Parking,-2.0,42,Misc,Business,42,Misc,Business,,,,,
2026-06-17,2026,6,Bank of Marin,BoM master,Coa Ips Parking,Coa Ips Parking,-2.0,42,Misc,Business,42,Misc,Business,,,,,
2026-06-17,2026,6,Bank of Marin,BoM master,Coa Ips Parking,Coa Ips Parking,-2.0,42,Misc,Business,42,Misc,Business,,,,,
2026-05-11,2026,5,Bank of Marin,BoM master,Coa Ips Parking,Coa Ips Parking,-2.0,42,Misc,Business,42,Misc,Business,,,,,
2026-05-11,2026,5,Bank of Marin,BoM master,Coa Ips Parking,Coa Ips Parking,-2.0,42,Misc,Business,42,Misc,Business,,,,,
2026-05-11,2026,5,Bank of Marin,BoM master,Coa Ips Parking,Coa Ips Parking,-2.0,42,Misc,Business,42,Misc,Business,,,,,
2026-05-08,2026,5,Bank of Marin,BoM master,Coa Ips Parking,Coa Ips Parking,-2.0,42,Misc,Business,42,Misc,Business,,,,,
2026-05-07,2026,5,Bank of Marin,BoM master,Coa Ips Parking,Coa Ips Parking,-2.0,42,Misc,Business,42,Misc,Business,,,,,
2026-03-09,2026,3,Bank of Marin,BoM master,Coa Ips Parking,Coa Ips Parking,-2.0,42,Misc,Business,42,Misc,Business,,,,,
2026-02-17,2026,2,Bank of Marin,BoM master,Coa Ips Parking,Coa Ips Parking,-2.0,42,Misc,Business,42,Misc,Business,,,,,
2026-02-17,2026,2,Bank of Marin,BoM master,Coa Ips Parking,Coa Ips Parking,-2.0,42,Misc,Business,42,Misc,Business,,,,,
2026-01-23,2026,1,Bank of Marin,BoM master,Coa Ips Parking,Coa Ips Parking,-2.0,42,Misc,Business,42,Misc,Business,,,,,
2026-01-23,2026,1,Bank of Marin,BoM master,Coa Ips Parking,Coa Ips Parking,-2.0,42,Misc,Business,42,Misc,Business,,,,,
2026-01-08,2026,1,Bank of Marin,BoM master,Coa Ips Parking,Coa Ips Parking,-2.0,42,Misc,Business,42,Misc,Business,,,,,
2026-01-07,2026,1,Bank of Marin,BoM master,Coa Ips Parking,Coa Ips Parking,-2.0,42,Misc,Business,42,Misc,Business,,,,,
2026-01-07,2026,1,Bank of Marin,BoM master,Coa Ips Parking,Coa Ips Parking,-2.0,42,Misc,Business,42,Misc,Business,,,,,
2026-01-07,2026,1,Bank of Marin,BoM master,Coa Ips Parking,Coa Ips Parking,-2.0,42,Misc,Business,42,Misc,Business,,,,,
2023-11-20,2023,11,Bank of Marin,BoM master,Omo Shoreline Car,Omo Shoreline Car,-2.0,44,Car,Business,44,Car,Business,,,,,
2023-09-11,2023,9,Bank of Marin,BoM master,City of Alameda Ip,City of Alameda Ip,-2.0,33,Utilities,Business,33,Utilities,Business,,,,,
2026-01-05,2026,1,Capital One CC,CC uploads,ESPRESSO LOCO,ESPRESSO LOCO,-2.02,43,Food,Business,43,Food,Business,,,,,
2024-08-09,2024,8,Bank of Marin,2024.xlsx Marin clean,Crunch Alame Da,Crunch Alame Da,-2.22,42,Misc,Business,42,Misc,Business,,,,,
2024-08-15,2024,8,Bank of Marin,2024.xlsx Marin clean,Unpaid Fare Gov,Unpaid Fare Gov,-2.24,67,Travel,Personal,67,Travel,Personal,,,,,
2023-04-03,2023,4,Capital One CC,CC uploads,TARGET        00028290,TARGET        00028290,-2.24,15,Merchandise,Business,15,Merchandise,Business,,,,,
2025-05-26,2025,5,Capital One CC,2025 v3.xlsx,BERKELEY-PRKG IPS METE,BERKELEY-PRKG IPS METE,-2.3,31,Car (shop),Business,31,Car (shop),Business,,,,,
2024-05-10,2024,5,Capital One CC,2024.xlsx Capital 1 Clean,SQ *MANGO & MINT,SQ *MANGO & MINT,-2.5,43,Food,Business,43,Food,Business,,,,,
2025-02-12,2025,2,Bank of Marin,2025 v3.xlsx,Wescafe Alameda Ca,Wescafe Alameda Ca,-2.5,43,Food,Business,43,Food,Business,,,,,
2026-06-02,2026,6,Capital One CC,CC uploads,USPS PO 0500720140,USPS PO 0500720140,-2.51,14,Materials,Business,14,Materials,Business,,,,,
2025-08-15,2025,8,Capital One CC,2025 v3.xlsx,OTA BAKIO,OTA BAKIO,-2.69,31,Car (shop),Business,31,Car (shop),Business,,,,,
2023-05-22,2023,5,Bank of Marin,BoM master,City of Alameda Ip,City of Alameda Ip,-2.75,33,Utilities,Business,33,Utilities,Business,,,,,
2023-02-17,2023,2,Bank of Marin,BoM master,City of Alameda Ip,City of Alameda Ip,-2.75,33,Utilities,Business,33,Utilities,Business,,,,,
2025-12-18,2025,12,Capital One CC,2025 v3.xlsx,Vending Direct,Vending Direct,-2.85,43,Food,Business,43,Food,Business,,,,,
2024-04-22,2024,4,Bank of Marin,2024.xlsx Marin clean,MTA OMNY,MTA OMNY,-2.9,67,Travel,Personal,67,Travel,Personal,,,,,
2024-04-24,2024,4,Bank of Marin,2024.xlsx Marin clean,MTA OMNY,MTA OMNY,-2.9,67,Travel,Personal,67,Travel,Personal,,,,,
2025-08-04,2025,8,Capital One CC,2025 v3.xlsx,Sorgin korner sl,Sorgin korner sl,-2.9,43,Food,Business,43,Food,Business,,,,,
2026-01-06,2026,1,Capital One CC,CC uploads,TOAD HALL ACCOMMODAT,TOAD HALL ACCOMMODAT,-2.9,42,Misc,Business,42,Misc,Business,,,,,
2025-08-16,2025,8,Capital One CC,2025 v3.xlsx,TERMOLI - PDM 20,TERMOLI - PDM 20,-2.93,31,Car (shop),Business,31,Car (shop),Business,,,,,
2025-12-18,2025,12,Capital One CC,2025 v3.xlsx,THE DPT. DEPOT,THE DPT. DEPOT,-2.96,43,Food,Business,43,Food,Business,,,,,
2024-03-29,2024,3,Bank of Marin,2024.xlsx Marin clean,Apple,Apple,-2.99,65,Entertainment,Personal,65,Entertainment,Personal,,,,,
2024-04-30,2024,4,Bank of Marin,2024.xlsx Marin clean,Apple,Apple,-2.99,14,Materials,Business,14,Materials,Business,,,,,
2024-05-30,2024,5,Bank of Marin,2024.xlsx Marin clean,Apple,Apple,-2.99,14,Materials,Business,14,Materials,Business,,,,,
2024-07-01,2024,7,Bank of Marin,2024.xlsx Marin clean,Apple,Apple,-2.99,14,Materials,Business,14,Materials,Business,,,,,
2024-11-29,2024,11,Bank of Marin,2024.xlsx Marin clean,Apple,Apple,-2.99,14,Materials,Business,14,Materials,Business,,,,,
2024-12-30,2024,12,Bank of Marin,2024.xlsx Marin clean,Apple,Apple,-2.99,14,Materials,Business,14,Materials,Business,,,,,
2024-08-02,2024,8,Capital One CC,2024.xlsx Capital 1 Clean,APPLE.COM/BILL,APPLE.COM/BILL,-2.99,65,Entertainment,Personal,65,Entertainment,Personal,,,,,
2024-08-28,2024,8,Capital One CC,2024.xlsx Capital 1 Clean,APPLE.COM/BILL,APPLE.COM/BILL,-2.99,15,Merchandise,Business,15,Merchandise,Business,,,,,
2024-09-29,2024,9,Capital One CC,2024.xlsx Capital 1 Clean,APPLE.COM/BILL,APPLE.COM/BILL,-2.99,65,Entertainment,Personal,65,Entertainment,Personal,,,,,
2024-10-28,2024,10,Capital One CC,2024.xlsx Capital 1 Clean,APPLE.COM/BILL,APPLE.COM/BILL,-2.99,65,Entertainment,Personal,65,Entertainment,Personal,,,,,
2023-12-29,2023,12,Bank of Marin,BoM master,Apple,Apple,-2.99,65,Entertainment,Personal,65,Entertainment,Personal,,,,,
2023-11-29,2023,11,Bank of Marin,BoM master,Apple,Apple,-2.99,65,Entertainment,Personal,65,Entertainment,Personal,,,,,
2023-10-30,2023,10,Bank of Marin,BoM master,Apple,Apple,-2.99,65,Entertainment,Personal,65,Entertainment,Personal,,,,,
2023-10-06,2023,10,Bank of Marin,BoM master,Apple,Apple,-2.99,65,Entertainment,Personal,65,Entertainment,Personal,,,,,
2026-07-14,2026,7,Capital One CC,CC uploads,APPLE.COM/BILL,APPLE.COM/BILL,-2.99,65,Entertainment,Personal,65,Entertainment,Personal,,,,,
2026-06-14,2026,6,Capital One CC,CC uploads,APPLE.COM/BILL,APPLE.COM/BILL,-2.99,65,Entertainment,Personal,65,Entertainment,Personal,,,,,
2026-05-14,2026,5,Capital One CC,CC uploads,APPLE.COM/BILL,APPLE.COM/BILL,-2.99,65,Entertainment,Personal,65,Entertainment,Personal,,,,,
2026-04-14,2026,4,Capital One CC,CC uploads,APPLE.COM/BILL,APPLE.COM/BILL,-2.99,65,Entertainment,Personal,65,Entertainment,Personal,,,,,
2026-03-14,2026,3,Capital One CC,CC uploads,APPLE.COM/BILL,APPLE.COM/BILL,-2.99,65,Entertainment,Personal,65,Entertainment,Personal,,,,,
2026-02-14,2026,2,Capital One CC,CC uploads,APPLE.COM/BILL,APPLE.COM/BILL,-2.99,65,Entertainment,Personal,65,Entertainment,Personal,,,,,
2026-01-21,2026,1,Capital One CC,CC uploads,APPLE.COM/BILL,APPLE.COM/BILL,-2.99,65,Entertainment,Personal,65,Entertainment,Personal,,,,,
2025-12-18,2025,12,Capital One CC,2025 v3.xlsx,Vending Direct,Vending Direct,-3.2,43,Food,Business,43,Food,Business,,,,,
2025-12-16,2025,12,Capital One CC,2025 v3.xlsx,SKYCITY DEPOT,SKYCITY DEPOT,-3.26,43,Food,Business,43,Food,Business,,,,,
2025-12-15,2025,12,Capital One CC,2025 v3.xlsx,Fondoucbd,Fondoucbd,-3.29,43,Food,Business,43,Food,Business,,,,,
2025-12-17,2025,12,Capital One CC,2025 v3.xlsx,Fondoucbd,Fondoucbd,-3.29,43,Food,Business,43,Food,Business,,,,,
2023-05-30,2023,5,Bank of Marin,BoM master,Amazon,Amazon,-3.32,62,Amazon,Personal,62,Amazon,Personal,,,,,
2023-02-08,2023,2,Bank of Marin,BoM master,Check #5053 — PAYEE UNKNOWN,Check #5053,-3.4,11,Flowers,Business,11,Flowers,Business,,,,,
2025-12-31,2025,12,Capital One CC,2025 v3.xlsx,J&J CATERING,J&J CATERING,-3.49,43,Food,Business,43,Food,Business,,,,,
2025-05-26,2025,5,Capital One CC,2025 v3.xlsx,PARKSMART CRATE & BARR,PARKSMART CRATE & BARR,-3.5,31,Car (shop),Business,31,Car (shop),Business,,,,,
2024-08-12,2024,8,Capital One CC,2024.xlsx Capital 1 Clean,EASYJET I,EASYJET I,-3.53,67,Travel,Personal,67,Travel,Personal,,,,,
2026-01-08,2026,1,Capital One CC,CC uploads,77 CONVENIENCE STORE,77 CONVENIENCE STORE,-3.56,67,Travel,Personal,67,Travel,Personal,,,,,
2025-12-15,2025,12,Capital One CC,2025 v3.xlsx,KAO DAO,KAO DAO,-3.57,43,Food,Business,43,Food,Business,,,,,
2026-01-06,2026,1,Capital One CC,CC uploads,Manna Family Mart Napi,Manna Family Mart Napi,-3.64,15,Merchandise,Business,15,Merchandise,Business,,,,,
2024-09-03,2024,9,Bank of Marin,2024.xlsx Marin clean,Freeprints,Freeprints,-3.69,14,Materials,Business,14,Materials,Business,,,,,
2025-12-20,2025,12,Capital One CC,2025 v3.xlsx,R&B STREETWISE 2011,R&B STREETWISE 2011,-3.74,43,Food,Business,43,Food,Business,,,,,
2023-06-27,2023,6,Bank of Marin,BoM master,Oakland Parking Meter,Oakland Parking Meter,-3.75,42,Misc,Business,42,Misc,Business,,,,,
2026-01-02,2026,1,Capital One CC,CC uploads,Caltex Tirau,Caltex Tirau,-3.78,31,Car (shop),Business,31,Car (shop),Business,,,,,
2025-12-16,2025,12,Capital One CC,2025 v3.xlsx,COFFEE THEORY,COFFEE THEORY,-3.86,43,Food,Business,43,Food,Business,,,,,
2024-05-20,2024,5,Bank of Marin,2024.xlsx Marin clean,Peet's Coffee,Peet's Coffee,-3.97,43,Food,Business,43,Food,Business,,,,,
2023-07-24,2023,7,Bank of Marin,BoM master,Amk Baggage Claim Stor,Amk Baggage Claim Stor,-3.99,42,Misc,Business,42,Misc,Business,,,,,
2026-01-08,2026,1,Capital One CC,CC uploads,JAPAN MART CITY CENTRA,JAPAN MART CITY CENTRA,-4.0,15,Merchandise,Business,15,Merchandise,Business,,,,,
2025-12-31,2025,12,Capital One CC,2025 v3.xlsx,Fritto,Fritto,-4.1,43,Food,Business,43,Food,Business,,,,,
2023-08-28,2023,8,Bank of Marin,BoM master,Amazon,Amazon,-4.2,62,Amazon,Personal,62,Amazon,Personal,,,,,
2024-08-14,2024,8,Capital One CC,2024.xlsx Capital 1 Clean,DINES* DONT TELL MAMMA,DINES* DONT TELL MAMMA,-4.38,43,Food,Business,43,Food,Business,,,,,
2026-01-10,2026,1,Capital One CC,CC uploads,SQ *AXIL AIRPORT COFFE,SQ *AXIL AIRPORT COFFE,-4.41,43,Food,Business,43,Food,Business,,,,,
2025-07-25,2025,7,Capital One CC,2025 v3.xlsx,SARFA 1,SARFA 1,-4.47,31,Car (shop),Business,31,Car (shop),Business,,,,,
2026-01-07,2026,1,Capital One CC,CC uploads,THE GOURMET FOOD COM,THE GOURMET FOOD COM,-4.49,15,Merchandise,Business,15,Merchandise,Business,,,,,
2024-08-17,2024,8,Capital One CC,2024.xlsx Capital 1 Clean,PLAZA PREMIUM LOUNGE,PLAZA PREMIUM LOUNGE,-4.52,43,Food,Business,43,Food,Business,,,,,
2024-08-14,2024,8,Capital One CC,2024.xlsx Capital 1 Clean,The Captains Bar,The Captains Bar,-4.67,43,Food,Business,43,Food,Business,,,,,
2025-12-29,2025,12,Capital One CC,2025 v3.xlsx,Thirsty Whale Bar&Rest,Thirsty Whale Bar&Rest,-4.68,43,Food,Business,43,Food,Business,,,,,
2025-08-16,2025,8,Capital One CC,2025 v3.xlsx,17                -,17                -,-4.69,31,Car (shop),Business,31,Car (shop),Business,,,,,
2026-01-06,2026,1,Capital One CC,CC uploads,BAY SKATE,BAY SKATE,-4.69,15,Merchandise,Business,15,Merchandise,Business,,,,,
2025-12-19,2025,12,Capital One CC,2025 v3.xlsx,Petit Paris,Petit Paris,-4.81,43,Food,Business,43,Food,Business,,,,,
2024-11-27,2024,11,Capital One CC,2024.xlsx Capital 1 Clean,SQ *TAHINA,SQ *TAHINA,-4.85,43,Food,Business,43,Food,Business,,,,,
2025-08-02,2025,8,Capital One CC,2025 v3.xlsx,BAR LA ESTATXA,BAR LA ESTATXA,-4.95,43,Food,Business,43,Food,Business,,,,,
2024-04-23,2024,4,Capital One CC,2024.xlsx Capital 1 Clean,CANONICA PRI LLC,CANONICA PRI LLC,-4.99,43,Food,Business,43,Food,Business,,,,,
2024-08-29,2024,8,Capital One CC,2024.xlsx Capital 1 Clean,APPLE.COM/BILL,APPLE.COM/BILL,-4.99,65,Entertainment,Personal,65,Entertainment,Personal,,,,,
2025-12-17,2025,12,Capital One CC,2025 v3.xlsx,ISLAND GELATO COMPANY,ISLAND GELATO COMPANY,-4.99,43,Food,Business,43,Food,Business,,,,,
2024-01-02,2024,1,Bank of Marin,2024.xlsx Marin clean,Uber Trip,Uber Trip,-5.0,67,Travel,Personal,67,Travel,Personal,,,,,
2024-02-20,2024,2,Bank of Marin,2024.xlsx Marin clean,Kaiser Pharm,Kaiser Pharm,-5.0,53,Health,Personal,53,Health,Personal,,,,,
2024-09-04,2024,9,Bank of Marin,2024.xlsx Marin clean,Com,Com,-5.0,42,Misc,Business,42,Misc,Business,,,,,
2023-01-23,2023,1,Bank of Marin,BoM master,Kaiser Pharm,Kaiser Pharm,-5.0,42,Misc,Business,42,Misc,Business,,,,,
2023-12-11,2023,12,Capital One CC,CC uploads,CSC SERVICEWORKS KIOSK,CSC SERVICEWORKS KIOSK,-5.0,14,Materials,Business,14,Materials,Business,,,,,
2023-12-05,2023,12,Capital One CC,CC uploads,CSC SERVICEWORKS KIOSK,CSC SERVICEWORKS KIOSK,-5.0,14,Materials,Business,14,Materials,Business,,,,,
2023-12-04,2023,12,Capital One CC,CC uploads,CSC SERVICEWORKS KIOSK,CSC SERVICEWORKS KIOSK,-5.0,14,Materials,Business,14,Materials,Business,,,,,
2023-11-21,2023,11,Capital One CC,CC uploads,CSC SERVICEWORKS KIOSK,CSC SERVICEWORKS KIOSK,-5.0,14,Materials,Business,14,Materials,Business,,,,,
2023-11-20,2023,11,Capital One CC,CC uploads,CSC SERVICEWORKS KIOSK,CSC SERVICEWORKS KIOSK,-5.0,14,Materials,Business,14,Materials,Business,,,,,
2023-11-13,2023,11,Capital One CC,CC uploads,CSC SERVICEWORKS KIOSK,CSC SERVICEWORKS KIOSK,-5.0,14,Materials,Business,14,Materials,Business,,,,,
2023-11-12,2023,11,Capital One CC,CC uploads,CSC SERVICEWORKS KIOSK,CSC SERVICEWORKS KIOSK,-5.0,14,Materials,Business,14,Materials,Business,,,,,
2023-11-02,2023,11,Capital One CC,CC uploads,CSC SERVICEWORKS KIOSK,CSC SERVICEWORKS KIOSK,-5.0,14,Materials,Business,14,Materials,Business,,,,,
2023-10-30,2023,10,Capital One CC,CC uploads,CSC SERVICEWORKS KIOSK,CSC SERVICEWORKS KIOSK,-5.0,14,Materials,Business,14,Materials,Business,,,,,
2023-10-23,2023,10,Capital One CC,CC uploads,CSC SERVICEWORKS KIOSK,CSC SERVICEWORKS KIOSK,-5.0,14,Materials,Business,14,Materials,Business,,,,,
2023-10-19,2023,10,Capital One CC,CC uploads,CSC SERVICEWORKS KIOSK,CSC SERVICEWORKS KIOSK,-5.0,14,Materials,Business,14,Materials,Business,,,,,
2023-10-16,2023,10,Capital One CC,CC uploads,CSC SERVICEWORKS KIOSK,CSC SERVICEWORKS KIOSK,-5.0,14,Materials,Business,14,Materials,Business,,,,,
2023-10-12,2023,10,Capital One CC,CC uploads,CSC SERVICEWORKS KIOSK,CSC SERVICEWORKS KIOSK,-5.0,14,Materials,Business,14,Materials,Business,,,,,
2023-10-09,2023,10,Capital One CC,CC uploads,KAISER CPP PHARM 256,KAISER CPP PHARM 256,-5.0,42,Misc,Business,42,Misc,Business,,,,,
2023-10-07,2023,10,Capital One CC,CC uploads,CSC SERVICEWORKS KIOSK,CSC SERVICEWORKS KIOSK,-5.0,14,Materials,Business,14,Materials,Business,,,,,
2023-10-02,2023,10,Capital One CC,CC uploads,CSC SERVICEWORKS KIOSK,CSC SERVICEWORKS KIOSK,-5.0,14,Materials,Business,14,Materials,Business,,,,,
2023-08-09,2023,8,Capital One CC,CC uploads,KAISER CPP PHARM 256,KAISER CPP PHARM 256,-5.0,42,Misc,Business,42,Misc,Business,,,,,
2023-06-20,2023,6,Capital One CC,CC uploads,KAISER CPP PHARM 256,KAISER CPP PHARM 256,-5.0,42,Misc,Business,42,Misc,Business,,,,,
2024-01-14,2024,1,Capital One CC,2024.xlsx Capital 1 Clean,STARBUCKS CITYZEN,STARBUCKS CITYZEN,-5.01,43,Food,Business,43,Food,Business,,,,,
2026-05-06,2026,5,Bank of Marin,BoM master,California Department of Motor Vehicles,California Department of Motor Vehicles,-5.01,44,Car,Business,44,Car,Business,,,,,
2024-04-05,2024,4,Bank of Marin,2024.xlsx Marin clean,Check #5138 — PAYEE UNKNOWN,Check #5138,-5.02,11,Flowers,Business,11,Flowers,Business,,,,,
2024-12-26,2024,12,Bank of Marin,2024.xlsx Marin clean,Shell,Shell,-5.08,31,Car (shop),Business,31,Car (shop),Business,,,,,
2026-01-04,2026,1,Capital One CC,CC uploads,Mr Grumpys Takeaways,Mr Grumpys Takeaways,-5.34,43,Food,Business,43,Food,Business,,,,,
2025-12-18,2025,12,Capital One CC,2025 v3.xlsx,Subway Hobson St,Subway Hobson St,-5.35,43,Food,Business,43,Food,Business,,,,,
2026-01-07,2026,1,Capital One CC,CC uploads,GongCha Queen St,GongCha Queen St,-5.35,15,Merchandise,Business,15,Merchandise,Business,,,,,
2026-01-04,2026,1,Capital One CC,CC uploads,The Warehouse 158 Fiel,The Warehouse 158 Fiel,-5.49,15,Merchandise,Business,15,Merchandise,Business,,,,,
2025-06-04,2025,6,Capital One CC,2025 v3.xlsx,Amazon.com*NH6DE4C02,Amazon.com*NH6DE4C02,-5.5,62,Amazon,Personal,62,Amazon,Personal,,,,,
2026-01-23,2026,1,Bank of Marin,BoM master,Oakland Parking Mt R Ips,Oakland Parking Mt R Ips,-5.5,42,Misc,Business,42,Misc,Business,,,,,
2023-06-28,2023,6,Bank of Marin,BoM master,Berkeley Ips Meter,Berkeley Ips Meter,-5.5,42,Misc,Business,42,Misc,Business,,,,,
2025-12-19,2025,12,Capital One CC,2025 v3.xlsx,THE DPT. DEPOT,THE DPT. DEPOT,-5.61,43,Food,Business,43,Food,Business,,,,,
2026-01-05,2026,1,Capital One CC,CC uploads,Lick This,Lick This,-5.61,43,Food,Business,43,Food,Business,,,,,
2026-01-06,2026,1,Capital One CC,CC uploads,Lick This,Lick This,-5.62,43,Food,Business,43,Food,Business,,,,,
2023-03-27,2023,3,Bank of Marin,BoM master,Oakland Parking Meter,Oakland Parking Meter,-5.7,42,Misc,Business,42,Misc,Business,,,,,
2026-01-06,2026,1,Capital One CC,CC uploads,Lisbon Sweet&Savoury,Lisbon Sweet&Savoury,-5.79,43,Food,Business,43,Food,Business,,,,,
2025-12-31,2025,12,Capital One CC,2025 v3.xlsx,J&J CATERING,J&J CATERING,-5.82,43,Food,Business,43,Food,Business,,,,,
2023-03-10,2023,3,Bank of Marin,BoM master,Check #5066 — PAYEE UNKNOWN,Check #5066,-5.88,11,Flowers,Business,11,Flowers,Business,,,,,
2025-12-22,2025,12,Capital One CC,2025 v3.xlsx,Flavour,Flavour,-5.9,43,Food,Business,43,Food,Business,,,,,
2023-07-17,2023,7,Bank of Marin,BoM master,Amazon,Amazon,-5.97,62,Amazon,Personal,62,Amazon,Personal,,,,,
2024-03-13,2024,3,Bank of Marin,2024.xlsx Marin clean,Oakland Parking Meter,Oakland Parking Meter,-6.0,64,Car (personal),Personal,64,Car (personal),Personal,,,,,
2024-06-04,2024,6,Bank of Marin,2024.xlsx Marin clean,Berkeley Ips Meter,Berkeley Ips Meter,-6.0,64,Car (personal),Personal,64,Car (personal),Personal,,,,,
2023-10-03,2023,10,Bank of Marin,BoM master,Oakland Parking Meter,Oakland Parking Meter,-6.0,42,Misc,Business,42,Misc,Business,,,,,
2026-01-10,2026,1,Capital One CC,CC uploads,TABCO FOOD SERVICES PL,TABCO FOOD SERVICES PL,-6.07,43,Food,Business,43,Food,Business,,,,,
2024-07-01,2024,7,Capital One CC,2024.xlsx Capital 1 Clean,CHEVRON 0090290,CHEVRON 0090290,-6.13,31,Car (shop),Business,31,Car (shop),Business,,,,,
2023-02-27,2023,2,Bank of Marin,BoM master,Port Parking,Port Parking,-6.25,42,Misc,Business,42,Misc,Business,,,,,
2023-07-21,2023,7,Bank of Marin,BoM master,Amazon,Amazon,-6.35,62,Amazon,Personal,62,Amazon,Personal,,,,,
2024-03-13,2024,3,Bank of Marin,2024.xlsx Marin clean,Check #5131 — PAYEE UNKNOWN,Check #5131,-6.38,11,Flowers,Business,11,Flowers,Business,,,,,
2023-06-20,2023,6,Bank of Marin,BoM master,A Market,A Market,-6.41,42,Misc,Business,42,Misc,Business,,,,,
2025-12-29,2025,12,Capital One CC,2025 v3.xlsx,MAGNET CAFE,MAGNET CAFE,-6.43,43,Food,Business,43,Food,Business,,,,,
2025-05-08,2025,5,Bank of Marin,2025 v3.xlsx,Dim Sum Best O F Tast,Dim Sum Best O F Tast,-6.45,43,Food,Business,43,Food,Business,,,,,
2023-07-07,2023,7,Bank of Marin,BoM master,Amazon,Amazon,-6.49,62,Amazon,Personal,62,Amazon,Personal,,,,,
2025-05-26,2025,5,Capital One CC,2025 v3.xlsx,PARKSMART CRATE & BARR,PARKSMART CRATE & BARR,-6.5,31,Car (shop),Business,31,Car (shop),Business,,,,,
2026-01-07,2026,1,Capital One CC,CC uploads,TOKO DAIRY,TOKO DAIRY,-6.56,15,Merchandise,Business,15,Merchandise,Business,,,,,
2026-01-06,2026,1,Bank of Marin,BoM master,Chestnut Market,Chestnut Market,-6.62,42,Misc,Business,42,Misc,Business,,,,,
2025-02-14,2025,2,Capital One CC,2025 v3.xlsx,AMAZON MKTPL*0R16873A3,AMAZON MKTPL*0R16873A3,-6.63,62,Amazon,Personal,62,Amazon,Personal,,,,,
2025-03-25,2025,3,Capital One CC,2025 v3.xlsx,AMAZON MKTPL*L65TF2ZA3,AMAZON MKTPL*L65TF2ZA3,-6.63,62,Amazon,Personal,62,Amazon,Personal,,,,,
2025-10-24,2025,10,Capital One CC,2025 v3.xlsx,AMAZON MKTPL*NU1S89WV1,AMAZON MKTPL*NU1S89WV1,-6.63,62,Amazon,Personal,62,Amazon,Personal,,,,,
2025-03-25,2025,3,Capital One CC,2025 v3.xlsx,AMAZON MKTPL*S404B0JZ3,AMAZON MKTPL*S404B0JZ3,-6.63,62,Amazon,Personal,62,Amazon,Personal,,,,,
2023-05-08,2023,5,Bank of Marin,BoM master,Amazon,Amazon,-6.63,62,Amazon,Personal,62,Amazon,Personal,,,,,
2023-04-10,2023,4,Bank of Marin,BoM master,Pagano S Hardware Mart,Pagano S Hardware Mart,-6.63,42,Misc,Business,42,Misc,Business,,,,,
2024-05-20,2024,5,Bank of Marin,2024.xlsx Marin clean,Canasta Kitche N Alameda Ca,Canasta Kitche N Alameda Ca,-6.64,42,Misc,Business,42,Misc,Business,,,,,
2025-07-14,2025,7,Bank of Marin,2025 v3.xlsx,Dim Sum Best O F Tast,Dim Sum Best O F Tast,-6.76,43,Food,Business,43,Food,Business,,,,,
2024-08-12,2024,8,Capital One CC,2024.xlsx Capital 1 Clean,BOOTS 2265,BOOTS 2265,-6.84,53,Health,Personal,53,Health,Personal,,,,,
2023-07-31,2023,7,Capital One CC,CC uploads,SQ *LE MONACO CAFE,SQ *LE MONACO CAFE,-6.85,43,Food,Business,43,Food,Business,,,,,
2026-01-06,2026,1,Capital One CC,CC uploads,Starbucks Napier,Starbucks Napier,-6.95,43,Food,Business,43,Food,Business,,,,,
2025-12-27,2025,12,Capital One CC,2025 v3.xlsx,Thirsty Whale Bar&Rest,Thirsty Whale Bar&Rest,-6.96,43,Food,Business,43,Food,Business,,,,,
2026-04-22,2026,4,Capital One CC,CC uploads,USPS PO 0500750144,USPS PO 0500750144,-6.98,14,Materials,Business,14,Materials,Business,,,,,
2025-12-31,2025,12,Capital One CC,2025 v3.xlsx,J&J CATERING,J&J CATERING,-6.99,43,Food,Business,43,Food,Business,,,,,
2026-06-16,2026,6,Capital One CC,CC uploads,APPLE.COM/BILL,APPLE.COM/BILL,-6.99,65,Entertainment,Personal,65,Entertainment,Personal,,,,,
2026-06-01,2026,6,Capital One CC,CC uploads,METROPOLIS PARKING,METROPOLIS PARKING,-6.99,31,Car (shop),Business,31,Car (shop),Business,,,,,
2026-03-16,2026,3,Capital One CC,CC uploads,APPLE.COM/BILL,APPLE.COM/BILL,-6.99,65,Entertainment,Personal,65,Entertainment,Personal,,,,,
2024-05-28,2024,5,Bank of Marin,2024.xlsx Marin clean,Nayax,Nayax,-7.0,43,Food,Business,43,Food,Business,,,,,
2026-01-08,2026,1,Capital One CC,CC uploads,THE ISLAND GELATO CO C,THE ISLAND GELATO CO C,-7.03,43,Food,Business,43,Food,Business,,,,,
2025-12-16,2025,12,Capital One CC,2025 v3.xlsx,Provedor,Provedor,-7.06,43,Food,Business,43,Food,Business,,,,,
2026-01-08,2026,1,Capital One CC,CC uploads,WHEATZ BAKERY CITY,WHEATZ BAKERY CITY,-7.07,43,Food,Business,43,Food,Business,,,,,
2023-07-13,2023,7,Bank of Marin,BoM master,Amazon,Amazon,-7.08,62,Amazon,Personal,62,Amazon,Personal,,,,,
2025-12-18,2025,12,Capital One CC,2025 v3.xlsx,Fondoucbd,Fondoucbd,-7.09,43,Food,Business,43,Food,Business,,,,,
2025-12-19,2025,12,Capital One CC,2025 v3.xlsx,Roof Top Bar,Roof Top Bar,-7.1,43,Food,Business,43,Food,Business,,,,,
2024-08-07,2024,8,Bank of Marin,2024.xlsx Marin clean,Signal Coffee Roas Alameda Ca,Signal Coffee Roas Alameda Ca,-7.15,43,Food,Business,43,Food,Business,,,,,
2025-12-31,2025,12,Capital One CC,2025 v3.xlsx,PandaGoldenEar,PandaGoldenEar,-7.16,43,Food,Business,43,Food,Business,,,,,
2025-07-17,2025,7,Bank of Marin,2025 v3.xlsx,Amazon,Amazon,-7.2,62,Amazon,Personal,62,Amazon,Personal,,,,,
2026-01-06,2026,1,Capital One CC,CC uploads,C J ASIAN SUPERMARKE,C J ASIAN SUPERMARKE,-7.23,15,Merchandise,Business,15,Merchandise,Business,,,,,
2025-12-19,2025,12,Capital One CC,2025 v3.xlsx,Escape Coffee Roasters,Escape Coffee Roasters,-7.24,43,Food,Business,43,Food,Business,,,,,
2024-03-25,2024,3,Bank of Marin,2024.xlsx Marin clean,Signal Coffee Roas Alameda Ca,Signal Coffee Roas Alameda Ca,-7.26,43,Food,Business,43,Food,Business,,,,,
2023-11-10,2023,11,Capital One CC,CC uploads,MT. EDEN FLORAL COMPAN,MT. EDEN FLORAL COMPAN,-7.35,15,Merchandise,Business,15,Merchandise,Business,,,,,
2025-05-27,2025,5,Capital One CC,2025 v3.xlsx,TST*DIM SUM BEST OF TA,TST*DIM SUM BEST OF TA,-7.4,43,Food,Business,43,Food,Business,,,,,
2025-05-31,2025,5,Capital One CC,2025 v3.xlsx,TST*DIM SUM BEST OF TA,TST*DIM SUM BEST OF TA,-7.4,43,Food,Business,43,Food,Business,,,,,
2024-06-17,2024,6,Bank of Marin,2024.xlsx Marin clean,Kaiser Pharm,Kaiser Pharm,-7.5,53,Health,Personal,53,Health,Personal,,,,,
2024-01-14,2024,1,Capital One CC,2024.xlsx Capital 1 Clean,WONDER TEA,WONDER TEA,-7.51,43,Food,Business,43,Food,Business,,,,,
2025-12-27,2025,12,Capital One CC,2025 v3.xlsx,ROSEBOWL HOME COOKER,ROSEBOWL HOME COOKER,-7.6,43,Food,Business,43,Food,Business,,,,,
2025-12-29,2025,12,Capital One CC,2025 v3.xlsx,VINCI'S PIZZA,VINCI'S PIZZA,-7.6,43,Food,Business,43,Food,Business,,,,,
2025-07-30,2025,7,Capital One CC,2025 v3.xlsx,LA FRESERIA FIGUERES,LA FRESERIA FIGUERES,-7.65,43,Food,Business,43,Food,Business,,,,,
2026-01-07,2026,1,Capital One CC,CC uploads,HAPI,HAPI,-7.65,43,Food,Business,43,Food,Business,,,,,
2025-12-22,2025,12,Capital One CC,2025 v3.xlsx,THE VILLAGE COFFEE,THE VILLAGE COFFEE,-7.67,43,Food,Business,43,Food,Business,,,,,
2023-06-29,2023,6,Bank of Marin,BoM master,Amazon,Amazon,-7.67,62,Amazon,Personal,62,Amazon,Personal,,,,,
2025-01-07,2025,1,Bank of Marin,2025 v3.xlsx,Amazon,Amazon,-7.69,62,Amazon,Personal,62,Amazon,Personal,,,,,
2023-06-05,2023,6,Bank of Marin,BoM master,Amazon,Amazon,-7.7,62,Amazon,Personal,62,Amazon,Personal,,,,,
2024-03-22,2024,3,Bank of Marin,2024.xlsx Marin clean,Uber Trip,Uber Trip,-7.71,67,Travel,Personal,67,Travel,Personal,,,,,
2023-08-21,2023,8,Bank of Marin,BoM master,Amazon,Amazon,-7.73,62,Amazon,Personal,62,Amazon,Personal,,,,,
2023-05-15,2023,5,Bank of Marin,BoM master,Amazon,Amazon,-7.73,62,Amazon,Personal,62,Amazon,Personal,,,,,
2024-05-21,2024,5,Capital One CC,2024.xlsx Capital 1 Clean,FLORAL SUPPLY SYND #1,FLORAL SUPPLY SYND #1,-7.75,11,Flowers,Business,11,Flowers,Business,,,,,
2024-01-15,2024,1,Capital One CC,2024.xlsx Capital 1 Clean,GASTRO PUB 45,GASTRO PUB 45,-8.0,43,Food,Business,43,Food,Business,,,,,
2023-06-27,2023,6,Capital One CC,CC uploads,SQ *GREEN VALLEY GROWE,SQ *GREEN VALLEY GROWE,-8.0,15,Merchandise,Business,15,Merchandise,Business,,,,,
2025-02-18,2025,2,Bank of Marin,2025 v3.xlsx,Dim Sum Best O F Tast,Dim Sum Best O F Tast,-8.05,43,Food,Business,43,Food,Business,,,,,
2026-02-06,2026,2,Capital One CC,CC uploads,SQ *SIGNAL COFFEE ROAS,SQ *SIGNAL COFFEE ROAS,-8.14,43,Food,Business,43,Food,Business,,,,,
2026-01-08,2026,1,Capital One CC,CC uploads,SQ *SIGNAL COFFEE ROAS,SQ *SIGNAL COFFEE ROAS,-8.14,43,Food,Business,43,Food,Business,,,,,
2023-09-11,2023,9,Bank of Marin,BoM master,Amazon,Amazon,-8.28,62,Amazon,Personal,62,Amazon,Personal,,,,,
2025-10-30,2025,10,Capital One CC,2025 v3.xlsx,AMAZON MKTPL*NK76G6C21,AMAZON MKTPL*NK76G6C21,-8.31,62,Amazon,Personal,62,Amazon,Personal,,,,,
2025-12-29,2025,12,Capital One CC,2025 v3.xlsx,Thirsty Whale Bar&Rest,Thirsty Whale Bar&Rest,-8.35,43,Food,Business,43,Food,Business,,,,,
2025-05-27,2025,5,Capital One CC,2025 v3.xlsx,TST*DIM SUM BEST OF TA,TST*DIM SUM BEST OF TA,-8.35,43,Food,Business,43,Food,Business,,,,,
2023-04-24,2023,4,Bank of Marin,BoM master,Amazon,Amazon,-8.35,62,Amazon,Personal,62,Amazon,Personal,,,,,
2026-01-09,2026,1,Capital One CC,CC uploads,Bistro Box Air-side,Bistro Box Air-side,-8.35,43,Food,Business,43,Food,Business,,,,,
2024-01-05,2024,1,Capital One CC,2024.xlsx Capital 1 Clean,MIMA MARKET AIRPORT,MIMA MARKET AIRPORT,-8.42,15,Merchandise,Business,15,Merchandise,Business,,,,,
2024-01-30,2024,1,Capital One CC,2024.xlsx Capital 1 Clean,FLORAL SUPPLY SYND #1,FLORAL SUPPLY SYND #1,-8.5,11,Flowers,Business,11,Flowers,Business,,,,,
2026-06-17,2026,6,Bank of Marin,BoM master,Cookiebar Scoo P Shop,Cookiebar Scoo P Shop,-8.5,43,Food,Business,43,Food,Business,,,,,
2025-02-19,2025,2,Capital One CC,2025 v3.xlsx,BA@HUNTINGTON CAFE QPS,BA@HUNTINGTON CAFE QPS,-8.54,43,Food,Business,43,Food,Business,,,,,
2025-06-10,2025,6,Bank of Marin,2025 v3.xlsx,Wescafe Alameda Ca,Wescafe Alameda Ca,-8.62,43,Food,Business,43,Food,Business,,,,,
2023-07-28,2023,7,Capital One CC,CC uploads,SQ *NIBLICK'S GENERAL,SQ *NIBLICK'S GENERAL,-8.64,15,Merchandise,Business,15,Merchandise,Business,,,,,
2026-01-03,2026,1,Capital One CC,CC uploads,WAIRAKEI TERRACES,WAIRAKEI TERRACES,-8.67,65,Entertainment,Personal,65,Entertainment,Personal,,,,,
2026-01-06,2026,1,Capital One CC,CC uploads,Backdoor Surf Napier,Backdoor Surf Napier,-8.68,15,Merchandise,Business,15,Merchandise,Business,,,,,
2023-07-03,2023,7,Bank of Marin,BoM master,Brio Breadwork S Arcata Ca,Brio Breadwork S Arcata Ca,-8.75,42,Misc,Business,42,Misc,Business,,,,,
2023-06-05,2023,6,Bank of Marin,BoM master,Amazon,Amazon,-8.8,62,Amazon,Personal,62,Amazon,Personal,,,,,
2024-03-27,2024,3,Capital One CC,2024.xlsx Capital 1 Clean,MICHAELS #9490,MICHAELS #9490,-8.84,15,Merchandise,Business,15,Merchandise,Business,,,,,
2023-01-05,2023,1,Bank of Marin,BoM master,Amazon,Amazon,-8.84,62,Amazon,Personal,62,Amazon,Personal,,,,,
2024-08-08,2024,8,Bank of Marin,2024.xlsx Marin clean,DoorDash,DoorDash,-8.86,43,Food,Business,43,Food,Business,,,,,
2025-03-29,2025,3,Capital One CC,2025 v3.xlsx,Amazon.com*VN4ZE6T83,Amazon.com*VN4ZE6T83,-8.86,62,Amazon,Personal,62,Amazon,Personal,,,,,
2024-01-07,2024,1,Capital One CC,2024.xlsx Capital 1 Clean,BAR MAKAI,BAR MAKAI,-8.88,43,Food,Business,43,Food,Business,,,,,
2025-12-19,2025,12,Capital One CC,2025 v3.xlsx,THREE SISTERS BREWERY,THREE SISTERS BREWERY,-8.88,43,Food,Business,43,Food,Business,,,,,
2025-12-19,2025,12,Capital One CC,2025 v3.xlsx,THE KINGSLANDER,THE KINGSLANDER,-8.89,43,Food,Business,43,Food,Business,,,,,
2024-01-03,2024,1,Bank of Marin,2024.xlsx Marin clean,Signal Coffee Roas Alameda Ca,Signal Coffee Roas Alameda Ca,-8.91,43,Food,Business,43,Food,Business,,,,,
2023-01-19,2023,1,Capital One CC,CC uploads,FORT LAUDERDALE AIRPOR,FORT LAUDERDALE AIRPOR,-8.91,43,Food,Business,43,Food,Business,,,,,
2024-07-22,2024,7,Bank of Marin,2024.xlsx Marin clean,Uber Trip,Uber Trip,-8.92,67,Travel,Personal,67,Travel,Personal,,,,,
2024-03-05,2024,3,Bank of Marin,2024.xlsx Marin clean,Uber Trip,Uber Trip,-8.93,67,Travel,Personal,67,Travel,Personal,,,,,
2024-11-21,2024,11,Bank of Marin,2024.xlsx Marin clean,Uber Trip,Uber Trip,-8.95,67,Travel,Personal,67,Travel,Personal,,,,,
2024-04-01,2024,4,Bank of Marin,2024.xlsx Marin clean,Uber Trip,Uber Trip,-8.96,67,Travel,Personal,67,Travel,Personal,,,,,
2024-07-21,2024,7,Capital One CC,2024.xlsx Capital 1 Clean,CHESTNUT MARKET,CHESTNUT MARKET,-8.98,15,Merchandise,Business,15,Merchandise,Business,,,,,
2026-02-12,2026,2,Capital One CC,CC uploads,SQ *WESCAFE,SQ *WESCAFE,-8.98,43,Food,Business,43,Food,Business,,,,,
2026-01-21,2026,1,Capital One CC,CC uploads,APPLE.COM/BILL,APPLE.COM/BILL,-8.99,65,Entertainment,Personal,65,Entertainment,Personal,,,,,
2023-04-25,2023,4,Capital One CC,CC uploads,FLORAL SUPPLY SYND #1,FLORAL SUPPLY SYND #1,-9.1,11,Flowers,Business,11,Flowers,Business,,,,,
2025-10-24,2025,10,Capital One CC,2025 v3.xlsx,AMAZON MKTPL*NU34C2AX2,AMAZON MKTPL*NU34C2AX2,-9.19,62,Amazon,Personal,62,Amazon,Personal,,,,,
2024-07-03,2024,7,Capital One CC,2024.xlsx Capital 1 Clean,Kindle Svcs*R79C11HD0,Kindle Svcs*R79C11HD0,-9.24,65,Entertainment,Personal,65,Entertainment,Personal,,,,,
2024-07-06,2024,7,Capital One CC,2024.xlsx Capital 1 Clean,STARBUCKS STORE 63452,STARBUCKS STORE 63452,-9.25,43,Food,Business,43,Food,Business,,,,,
2026-01-05,2026,1,Capital One CC,CC uploads,ESPRESSO LOCO,ESPRESSO LOCO,-9.25,43,Food,Business,43,Food,Business,,,,,
2025-06-03,2025,6,Bank of Marin,2025 v3.xlsx,Wescafe Alameda Ca,Wescafe Alameda Ca,-9.31,43,Food,Business,43,Food,Business,,,,,
2026-01-07,2026,1,Capital One CC,CC uploads,THE BAKEHOUSE CAFE TOK,THE BAKEHOUSE CAFE TOK,-9.34,43,Food,Business,43,Food,Business,,,,,
2024-05-20,2024,5,Bank of Marin,2024.xlsx Marin clean,Macondo Colomb Ian Fu,Macondo Colomb Ian Fu,-9.41,42,Misc,Business,42,Misc,Business,,,,,
2025-12-19,2025,12,Capital One CC,2025 v3.xlsx,THREE SISTERS BREWERY,THREE SISTERS BREWERY,-9.47,43,Food,Business,43,Food,Business,,,,,
2026-01-01,2026,1,Capital One CC,CC uploads,The Good Crepes,The Good Crepes,-9.48,43,Food,Business,43,Food,Business,,,,,
2025-12-27,2025,12,Capital One CC,2025 v3.xlsx,ROSEBOWL HOME COOKER,ROSEBOWL HOME COOKER,-9.54,43,Food,Business,43,Food,Business,,,,,
2024-02-29,2024,2,Bank of Marin,2024.xlsx Marin clean,DoorDash,DoorDash,-9.55,43,Food,Business,43,Food,Business,,,,,
2023-09-13,2023,9,Bank of Marin,BoM master,Amazon,Amazon,-9.7,62,Amazon,Personal,62,Amazon,Personal,,,,,
2026-02-04,2026,2,Capital One CC,CC uploads,FLORAL SUPPLY SYND #1,FLORAL SUPPLY SYND #1,-9.75,11,Flowers,Business,11,Flowers,Business,,,,,
2024-01-04,2024,1,Bank of Marin,2024.xlsx Marin clean,Signal Coffee Roas Alameda Ca,Signal Coffee Roas Alameda Ca,-9.83,43,Food,Business,43,Food,Business,,,,,
2025-12-20,2025,12,Capital One CC,2025 v3.xlsx,ROSEBOWL HOME COOKER,ROSEBOWL HOME COOKER,-9.84,43,Food,Business,43,Food,Business,,,,,
2024-03-18,2024,3,Bank of Marin,2024.xlsx Marin clean,Signal Coffee,Signal Coffee,-9.86,43,Food,Business,43,Food,Business,,,,,
2026-01-08,2026,1,Capital One CC,CC uploads,SMZ*Ronnies Cafe     a,SMZ*Ronnies Cafe     a,-9.88,43,Food,Business,43,Food,Business,,,,,
2024-02-02,2024,2,Bank of Marin,2024.xlsx Marin clean,Uber Trip,Uber Trip,-9.9,67,Travel,Personal,67,Travel,Personal,,,,,
2024-11-04,2024,11,Bank of Marin,2024.xlsx Marin clean,Uber Trip,Uber Trip,-9.9,67,Travel,Personal,67,Travel,Personal,,,,,
2026-04-30,2026,4,Capital One CC,CC uploads,SAFEWAY #3281,SAFEWAY #3281,-9.9,15,Merchandise,Business,15,Merchandise,Business,,,,,
2023-07-11,2023,7,Bank of Marin,BoM master,Amazon,Amazon,-9.91,62,Amazon,Personal,62,Amazon,Personal,,,,,
2025-08-14,2025,8,Capital One CC,2025 v3.xlsx,BAR MEETING SRL,BAR MEETING SRL,-9.94,43,Food,Business,43,Food,Business,,,,,
2023-04-17,2023,4,Bank of Marin,BoM master,Amazon,Amazon,-9.96,62,Amazon,Personal,62,Amazon,Personal,,,,,
2024-04-22,2024,4,Bank of Marin,2024.xlsx Marin clean,Uber Trip,Uber Trip,-9.97,67,Travel,Personal,67,Travel,Personal,,,,,
2025-01-30,2025,1,Capital One CC,2025 v3.xlsx,DD *DOORDASH MANGOMINT,DD *DOORDASH MANGOMINT,-9.97,43,Food,Business,43,Food,Business,,,,,
2025-06-09,2025,6,Capital One CC,2025 v3.xlsx,DD *DOORDASHDASHPASS,DD *DOORDASHDASHPASS,-9.99,43,Food,Business,43,Food,Business,,,,,
2025-07-07,2025,7,Capital One CC,2025 v3.xlsx,DD *DOORDASHDASHPASS,DD *DOORDASHDASHPASS,-9.99,43,Food,Business,43,Food,Business,,,,,
2025-08-07,2025,8,Capital One CC,2025 v3.xlsx,DD *DOORDASHDASHPASS,DD *DOORDASHDASHPASS,-9.99,43,Food,Business,43,Food,Business,,,,,
2025-09-08,2025,9,Capital One CC,2025 v3.xlsx,DD *DOORDASHDASHPASS,DD *DOORDASHDASHPASS,-9.99,43,Food,Business,43,Food,Business,,,,,
2025-10-07,2025,10,Capital One CC,2025 v3.xlsx,DD *DOORDASHDASHPASS,DD *DOORDASHDASHPASS,-9.99,43,Food,Business,43,Food,Business,,,,,
2025-11-07,2025,11,Capital One CC,2025 v3.xlsx,DD *DOORDASHDASHPASS,DD *DOORDASHDASHPASS,-9.99,43,Food,Business,43,Food,Business,,,,,
2025-12-08,2025,12,Capital One CC,2025 v3.xlsx,DD *DOORDASHDASHPASS,DD *DOORDASHDASHPASS,-9.99,43,Food,Business,43,Food,Business,,,,,
2023-09-18,2023,9,Bank of Marin,BoM master,Apple,Apple,-9.99,65,Entertainment,Personal,65,Entertainment,Personal,,,,,
2023-09-05,2023,9,Bank of Marin,BoM master,Apple,Apple,-9.99,65,Entertainment,Personal,65,Entertainment,Personal,,,,,
2023-08-08,2023,8,Capital One CC,CC uploads,Spotify USA,Spotify USA,-9.99,61,Subscriptions,Personal,61,Subscriptions,Personal,,,,,
2023-07-08,2023,7,Capital One CC,CC uploads,Spotify USA,Spotify USA,-9.99,61,Subscriptions,Personal,61,Subscriptions,Personal,,,,,
2023-06-08,2023,6,Capital One CC,CC uploads,Spotify USA,Spotify USA,-9.99,61,Subscriptions,Personal,61,Subscriptions,Personal,,,,,
2023-05-08,2023,5,Capital One CC,CC uploads,Spotify USA,Spotify USA,-9.99,61,Subscriptions,Personal,61,Subscriptions,Personal,,,,,
2023-04-08,2023,4,Capital One CC,CC uploads,Spotify USA,Spotify USA,-9.99,61,Subscriptions,Personal,61,Subscriptions,Personal,,,,,
2023-03-08,2023,3,Capital One CC,CC uploads,Spotify USA,Spotify USA,-9.99,61,Subscriptions,Personal,61,Subscriptions,Personal,,,,,
2023-02-08,2023,2,Capital One CC,CC uploads,Spotify USA,Spotify USA,-9.99,61,Subscriptions,Personal,61,Subscriptions,Personal,,,,,
2023-01-08,2023,1,Capital One CC,CC uploads,Spotify USA,Spotify USA,-9.99,61,Subscriptions,Personal,61,Subscriptions,Personal,,,,,
2026-07-06,2026,7,Capital One CC,CC uploads,DD *DOORDASHDASHPASS,DD *DOORDASHDASHPASS,-9.99,43,Food,Business,43,Food,Business,,,,,
2026-06-06,2026,6,Capital One CC,CC uploads,DD *DOORDASHDASHPASS,DD *DOORDASHDASHPASS,-9.99,43,Food,Business,43,Food,Business,,,,,
2026-05-20,2026,5,Capital One CC,CC uploads,APPLE.COM/BILL,APPLE.COM/BILL,-9.99,65,Entertainment,Personal,65,Entertainment,Personal,,,,,
2026-05-06,2026,5,Capital One CC,CC uploads,DD *DOORDASHDASHPASS,DD *DOORDASHDASHPASS,-9.99,43,Food,Business,43,Food,Business,,,,,
2026-04-14,2026,4,Capital One CC,CC uploads,APPLE.COM/BILL,APPLE.COM/BILL,-9.99,65,Entertainment,Personal,65,Entertainment,Personal,,,,,
2026-04-06,2026,4,Capital One CC,CC uploads,DD *DOORDASHDASHPASS,DD *DOORDASHDASHPASS,-9.99,43,Food,Business,43,Food,Business,,,,,
2026-03-06,2026,3,Capital One CC,CC uploads,DD *DOORDASHDASHPASS,DD *DOORDASHDASHPASS,-9.99,43,Food,Business,43,Food,Business,,,,,
2026-02-21,2026,2,Capital One CC,CC uploads,APPLE.COM/BILL,APPLE.COM/BILL,-9.99,65,Entertainment,Personal,65,Entertainment,Personal,,,,,
2026-02-06,2026,2,Capital One CC,CC uploads,DD *DOORDASHDASHPASS,DD *DOORDASHDASHPASS,-9.99,43,Food,Business,43,Food,Business,,,,,
2026-01-06,2026,1,Capital One CC,CC uploads,DD *DOORDASHDASHPASS,DD *DOORDASHDASHPASS,-9.99,43,Food,Business,43,Food,Business,,,,,
2024-11-12,2024,11,Bank of Marin,2024.xlsx Marin clean,Venmo — RECIPIENT UNKNOWN,Transfer to Venmo,-10.0,22,Venmo,Business,22,Venmo,Business,,,,,
2025-11-12,2025,11,Capital One CC,2025 v3.xlsx,Google ADS1554255633,Google ADS1554255633,-10.0,23,Ads & Subscriptions,Business,23,Ads & Subscriptions,Business,,,,,
2025-10-31,2025,10,Capital One CC,2025 v3.xlsx,Google ADS7630547821,Google ADS7630547821,-10.0,23,Ads & Subscriptions,Business,23,Ads & Subscriptions,Business,,,,,
2023-11-01,2023,11,Capital One CC,CC uploads,KAISER CPP PHARM 256,KAISER CPP PHARM 256,-10.0,42,Misc,Business,42,Misc,Business,,,,,
2023-09-04,2023,9,Capital One CC,CC uploads,KAISER CPP PHARM 256,KAISER CPP PHARM 256,-10.0,42,Misc,Business,42,Misc,Business,,,,,
2023-08-24,2023,8,Capital One CC,CC uploads,Google ADS7942272052,Google ADS7942272052,-10.0,23,Ads & Subscriptions,Business,23,Ads & Subscriptions,Business,,,,,
2023-07-11,2023,7,Capital One CC,CC uploads,KAISER CPP PHARM 256,KAISER CPP PHARM 256,-10.0,42,Misc,Business,42,Misc,Business,,,,,
2023-06-10,2023,6,Capital One CC,CC uploads,SKIPLAGGED*I59K46,SKIPLAGGED*I59K46,-10.0,42,Misc,Business,42,Misc,Business,,,,,
2023-06-03,2023,6,Capital One CC,CC uploads,KAISER CPP PHARM 256,KAISER CPP PHARM 256,-10.0,42,Misc,Business,42,Misc,Business,,,,,
2025-12-17,2025,12,Capital One CC,2025 v3.xlsx,Receptionist,Receptionist,-10.16,43,Food,Business,43,Food,Business,,,,,
2025-11-21,2025,11,Capital One CC,2025 v3.xlsx,Amazon.com*B09S07SJ1,Amazon.com*B09S07SJ1,-10.28,62,Amazon,Personal,62,Amazon,Personal,,,,,
2026-06-28,2026,6,Capital One CC,CC uploads,DELI DEL SUR APTO HUAT,DELI DEL SUR APTO HUAT,-10.33,43,Food,Business,43,Food,Business,,,,,
2025-08-06,2025,8,Capital One CC,2025 v3.xlsx,LA BODEGUILLA,LA BODEGUILLA,-10.44,43,Food,Business,43,Food,Business,,,,,
2023-07-27,2023,7,Capital One CC,CC uploads,SQ *CARIBOU CROSSINGS,SQ *CARIBOU CROSSINGS,-10.45,15,Merchandise,Business,15,Merchandise,Business,,,,,
2024-01-13,2024,1,Capital One CC,2024.xlsx Capital 1 Clean,FARMACIA PUERTO JIMENE,FARMACIA PUERTO JIMENE,-10.5,53,Health,Personal,53,Health,Personal,,,,,
2025-05-16,2025,5,Capital One CC,2025 v3.xlsx,ENCINAL NURSERY,ENCINAL NURSERY,-10.56,11,Flowers,Business,11,Flowers,Business,,,,,
2025-08-04,2025,8,Capital One CC,2025 v3.xlsx,PASTELERIA OIARTZUN,PASTELERIA OIARTZUN,-10.6,43,Food,Business,43,Food,Business,,,,,
2023-05-25,2023,5,Bank of Marin,BoM master,Amazon,Amazon,-10.62,62,Amazon,Personal,62,Amazon,Personal,,,,,
2025-10-22,2025,10,Capital One CC,2025 v3.xlsx,Amazon.com*NU8981CF2,Amazon.com*NU8981CF2,-10.64,62,Amazon,Personal,62,Amazon,Personal,,,,,
2023-05-02,2023,5,Bank of Marin,BoM master,Amazon,Amazon,-10.66,62,Amazon,Personal,62,Amazon,Personal,,,,,
2023-05-08,2023,5,Bank of Marin,BoM master,Amazon,Amazon,-10.69,62,Amazon,Personal,62,Amazon,Personal,,,,,
2024-04-22,2024,4,Bank of Marin,2024.xlsx Marin clean,Signal Coffee,Signal Coffee,-10.75,43,Food,Business,43,Food,Business,,,,,
2025-11-03,2025,11,Capital One CC,2025 v3.xlsx,Google ADS7630547821,Google ADS7630547821,-10.77,23,Ads & Subscriptions,Business,23,Ads & Subscriptions,Business,,,,,
2024-12-16,2024,12,Bank of Marin,2024.xlsx Marin clean,Uber Trip,Uber Trip,-10.94,67,Travel,Personal,67,Travel,Personal,,,,,
2024-02-12,2024,2,Bank of Marin,2024.xlsx Marin clean,Signal Coffee Roas Alameda Ca,Signal Coffee Roas Alameda Ca,-10.97,43,Food,Business,43,Food,Business,,,,,
2025-12-31,2025,12,Capital One CC,2025 v3.xlsx,Ocean View Takeaways,Ocean View Takeaways,-10.98,43,Food,Business,43,Food,Business,,,,,
2026-01-05,2026,1,Capital One CC,CC uploads,VINCI'S PIZZA,VINCI'S PIZZA,-10.98,43,Food,Business,43,Food,Business,,,,,
2024-01-08,2024,1,Capital One CC,2024.xlsx Capital 1 Clean,Spotify USA,Spotify USA,-10.99,61,Subscriptions,Personal,61,Subscriptions,Personal,,,,,
2024-02-08,2024,2,Capital One CC,2024.xlsx Capital 1 Clean,Spotify USA,Spotify USA,-10.99,61,Subscriptions,Personal,61,Subscriptions,Personal,,,,,
2024-03-08,2024,3,Capital One CC,2024.xlsx Capital 1 Clean,Spotify USA,Spotify USA,-10.99,61,Subscriptions,Personal,61,Subscriptions,Personal,,,,,
2024-04-08,2024,4,Capital One CC,2024.xlsx Capital 1 Clean,Spotify USA,Spotify USA,-10.99,61,Subscriptions,Personal,61,Subscriptions,Personal,,,,,
2024-05-08,2024,5,Capital One CC,2024.xlsx Capital 1 Clean,Spotify USA,Spotify USA,-10.99,61,Subscriptions,Personal,61,Subscriptions,Personal,,,,,
2024-06-08,2024,6,Capital One CC,2024.xlsx Capital 1 Clean,Spotify USA,Spotify USA,-10.99,61,Subscriptions,Personal,61,Subscriptions,Personal,,,,,
2023-12-08,2023,12,Capital One CC,CC uploads,Spotify USA,Spotify USA,-10.99,61,Subscriptions,Personal,61,Subscriptions,Personal,,,,,
2023-11-08,2023,11,Capital One CC,CC uploads,Spotify USA,Spotify USA,-10.99,61,Subscriptions,Personal,61,Subscriptions,Personal,,,,,
2023-10-08,2023,10,Capital One CC,CC uploads,Spotify USA,Spotify USA,-10.99,61,Subscriptions,Personal,61,Subscriptions,Personal,,,,,
2023-09-08,2023,9,Capital One CC,CC uploads,Spotify USA,Spotify USA,-10.99,61,Subscriptions,Personal,61,Subscriptions,Personal,,,,,
2023-02-07,2023,2,Capital One CC,CC uploads,FLORAL SUPPLY SYND #1,FLORAL SUPPLY SYND #1,-11.0,11,Flowers,Business,11,Flowers,Business,,,,,
2024-03-27,2024,3,Capital One CC,2024.xlsx Capital 1 Clean,MICHAELS #9490,MICHAELS #9490,-11.04,15,Merchandise,Business,15,Merchandise,Business,,,,,
2025-10-18,2025,10,Capital One CC,2025 v3.xlsx,AMAZON MKTPL*NU5935LT0,AMAZON MKTPL*NU5935LT0,-11.06,62,Amazon,Personal,62,Amazon,Personal,,,,,
2023-06-02,2023,6,Bank of Marin,BoM master,Amazon,Amazon,-11.06,62,Amazon,Personal,62,Amazon,Personal,,,,,
2023-04-10,2023,4,Bank of Marin,BoM master,Amazon,Amazon,-11.06,62,Amazon,Personal,62,Amazon,Personal,,,,,
2023-01-31,2023,1,Bank of Marin,BoM master,Amazon,Amazon,-11.06,62,Amazon,Personal,62,Amazon,Personal,,,,,
2024-05-06,2024,5,Capital One CC,2024.xlsx Capital 1 Clean,SQ *SIGNAL COFFEE ROAS,SQ *SIGNAL COFFEE ROAS,-11.08,43,Food,Business,43,Food,Business,,,,,
2023-05-15,2023,5,Bank of Marin,BoM master,Amazon,Amazon,-11.12,62,Amazon,Personal,62,Amazon,Personal,,,,,
2025-02-13,2025,2,Bank of Marin,2025 v3.xlsx,Wescafe Alameda Ca,Wescafe Alameda Ca,-11.41,43,Food,Business,43,Food,Business,,,,,
2026-03-25,2026,3,Capital One CC,CC uploads,UBER   *TRIP,UBER   *TRIP,-11.42,42,Misc,Business,42,Misc,Business,,,,,
2026-01-08,2026,1,Capital One CC,CC uploads,Cotton On 9930 Queen S,Cotton On 9930 Queen S,-11.59,15,Merchandise,Business,15,Merchandise,Business,,,,,
2023-09-08,2023,9,Bank of Marin,BoM master,DoorDash,DoorDash,-11.69,43,Food,Business,43,Food,Business,,,,,
2025-12-15,2025,12,Capital One CC,2025 v3.xlsx,KAO DAO,KAO DAO,-11.79,43,Food,Business,43,Food,Business,,,,,
2023-08-22,2023,8,Capital One CC,CC uploads,CHIPOTLE ONLINE,CHIPOTLE ONLINE,-11.88,43,Food,Business,43,Food,Business,,,,,
2024-02-15,2024,2,Bank of Marin,2024.xlsx Marin clean,Uber Trip,Uber Trip,-11.93,67,Travel,Personal,67,Travel,Personal,,,,,
2026-06-28,2026,6,Capital One CC,CC uploads,UBER   *TRIP,UBER   *TRIP,-11.94,42,Misc,Business,42,Misc,Business,,,,,
2024-11-29,2024,11,Bank of Marin,2024.xlsx Marin clean,Apple,Apple,-11.99,14,Materials,Business,14,Materials,Business,,,,,
2024-07-08,2024,7,Capital One CC,2024.xlsx Capital 1 Clean,Spotify USA,Spotify USA,-11.99,61,Subscriptions,Personal,61,Subscriptions,Personal,,,,,
2024-08-08,2024,8,Capital One CC,2024.xlsx Capital 1 Clean,Spotify USA,Spotify USA,-11.99,61,Subscriptions,Personal,61,Subscriptions,Personal,,,,,
2024-09-08,2024,9,Capital One CC,2024.xlsx Capital 1 Clean,Spotify USA,Spotify USA,-11.99,61,Subscriptions,Personal,61,Subscriptions,Personal,,,,,
2024-10-06,2024,10,Capital One CC,2024.xlsx Capital 1 Clean,APPLE.COM/BILL,APPLE.COM/BILL,-11.99,65,Entertainment,Personal,65,Entertainment,Personal,,,,,
2024-10-08,2024,10,Capital One CC,2024.xlsx Capital 1 Clean,Spotify USA,Spotify USA,-11.99,61,Subscriptions,Personal,61,Subscriptions,Personal,,,,,
2024-11-08,2024,11,Capital One CC,2024.xlsx Capital 1 Clean,Spotify USA,Spotify USA,-11.99,61,Subscriptions,Personal,61,Subscriptions,Personal,,,,,
2024-12-08,2024,12,Capital One CC,2024.xlsx Capital 1 Clean,Spotify USA,Spotify USA,-11.99,61,Subscriptions,Personal,61,Subscriptions,Personal,,,,,
2025-01-09,2025,1,Capital One CC,2025 v3.xlsx,Spotify USA,Spotify USA,-11.99,61,Subscriptions,Personal,61,Subscriptions,Personal,,,,,
2025-02-10,2025,2,Capital One CC,2025 v3.xlsx,Spotify USA,Spotify USA,-11.99,61,Subscriptions,Personal,61,Subscriptions,Personal,,,,,
2025-03-10,2025,3,Capital One CC,2025 v3.xlsx,Spotify USA,Spotify USA,-11.99,61,Subscriptions,Personal,61,Subscriptions,Personal,,,,,
2025-04-09,2025,4,Capital One CC,2025 v3.xlsx,Spotify USA,Spotify USA,-11.99,61,Subscriptions,Personal,61,Subscriptions,Personal,,,,,
2025-05-09,2025,5,Capital One CC,2025 v3.xlsx,Spotify USA,Spotify USA,-11.99,61,Subscriptions,Personal,61,Subscriptions,Personal,,,,,
2025-06-09,2025,6,Capital One CC,2025 v3.xlsx,Spotify USA,Spotify USA,-11.99,61,Subscriptions,Personal,61,Subscriptions,Personal,,,,,
2025-07-09,2025,7,Capital One CC,2025 v3.xlsx,Spotify USA,Spotify USA,-11.99,61,Subscriptions,Personal,61,Subscriptions,Personal,,,,,
2025-08-09,2025,8,Capital One CC,2025 v3.xlsx,Spotify USA,Spotify USA,-11.99,61,Subscriptions,Personal,61,Subscriptions,Personal,,,,,
2025-09-09,2025,9,Capital One CC,2025 v3.xlsx,Spotify USA,Spotify USA,-11.99,61,Subscriptions,Personal,61,Subscriptions,Personal,,,,,
2025-10-09,2025,10,Capital One CC,2025 v3.xlsx,Spotify USA,Spotify USA,-11.99,61,Subscriptions,Personal,61,Subscriptions,Personal,,,,,
2025-11-10,2025,11,Capital One CC,2025 v3.xlsx,Spotify USA,Spotify USA,-11.99,61,Subscriptions,Personal,61,Subscriptions,Personal,,,,,
2025-12-09,2025,12,Capital One CC,2025 v3.xlsx,Spotify USA,Spotify USA,-11.99,61,Subscriptions,Personal,61,Subscriptions,Personal,,,,,
2026-02-08,2026,2,Capital One CC,CC uploads,Spotify USA,Spotify USA,-11.99,61,Subscriptions,Personal,61,Subscriptions,Personal,,,,,
2026-01-08,2026,1,Capital One CC,CC uploads,Spotify USA,Spotify USA,-11.99,61,Subscriptions,Personal,61,Subscriptions,Personal,,,,,
2024-12-02,2024,12,Bank of Marin,2024.xlsx Marin clean,Venmo — RECIPIENT UNKNOWN,Transfer to Venmo,-12.0,22,Venmo,Business,22,Venmo,Business,,,,,
2023-07-12,2023,7,Bank of Marin,BoM master,Amazon,Amazon,-12.06,62,Amazon,Personal,62,Amazon,Personal,,,,,
2024-02-20,2024,2,Bank of Marin,2024.xlsx Marin clean,Signal Coffee Roas Alameda Ca,Signal Coffee Roas Alameda Ca,-12.1,43,Food,Business,43,Food,Business,,,,,
2025-12-18,2025,12,Capital One CC,2025 v3.xlsx,THE MUDBRICK VINEYARD,THE MUDBRICK VINEYARD,-12.1,43,Food,Business,43,Food,Business,,,,,
2026-01-05,2026,1,Capital One CC,CC uploads,PAK N SAVE NAPIER,PAK N SAVE NAPIER,-12.11,15,Merchandise,Business,15,Merchandise,Business,,,,,
2023-12-12,2023,12,Bank of Marin,BoM master,Pegasus Books,Pegasus Books,-12.13,42,Misc,Business,42,Misc,Business,,,,,
2025-05-16,2025,5,Capital One CC,2025 v3.xlsx,AMAZON MKTPL*NW8OF4JR0,AMAZON MKTPL*NW8OF4JR0,-12.16,62,Amazon,Personal,62,Amazon,Personal,,,,,
2023-06-23,2023,6,Bank of Marin,BoM master,Amazon,Amazon,-12.16,62,Amazon,Personal,62,Amazon,Personal,,,,,
2023-02-21,2023,2,Bank of Marin,BoM master,Amazon,Amazon,-12.16,62,Amazon,Personal,62,Amazon,Personal,,,,,
2023-07-10,2023,7,Bank of Marin,BoM master,Amazon,Amazon,-12.17,62,Amazon,Personal,62,Amazon,Personal,,,,,
2023-06-26,2023,6,Bank of Marin,BoM master,Amazon,Amazon,-12.17,62,Amazon,Personal,62,Amazon,Personal,,,,,
2024-05-31,2024,5,Bank of Marin,2024.xlsx Marin clean,Signal Coffee,Signal Coffee,-12.18,43,Food,Business,43,Food,Business,,,,,
2024-05-01,2024,5,Capital One CC,2024.xlsx Capital 1 Clean,GOOGLE *ADS5237369439,GOOGLE *ADS5237369439,-12.24,23,Ads & Subscriptions,Business,23,Ads & Subscriptions,Business,,,,,
2023-09-23,2023,9,Capital One CC,CC uploads,CAFE DU SOLEIL,CAFE DU SOLEIL,-12.34,43,Food,Business,43,Food,Business,,,,,
2026-01-01,2026,1,Capital One CC,CC uploads,PAK N SAVE TAURIKO,PAK N SAVE TAURIKO,-12.41,15,Merchandise,Business,15,Merchandise,Business,,,,,
2024-10-24,2024,10,Capital One CC,2024.xlsx Capital 1 Clean,MT. EDEN FLORAL COMPAN,MT. EDEN FLORAL COMPAN,-12.5,15,Merchandise,Business,15,Merchandise,Business,,,,,
2025-10-06,2025,10,Bank of Marin,2025 v3.xlsx,Target,Target,-12.5,14,Materials,Business,14,Materials,Business,,,,,
2026-06-13,2026,6,Capital One CC,CC uploads,ALAMEDA THEATRE AND CI,ALAMEDA THEATRE AND CI,-12.5,65,Entertainment,Personal,65,Entertainment,Personal,,,,,
2024-03-23,2024,3,Capital One CC,2024.xlsx Capital 1 Clean,STARBUCKS STORE 63452,STARBUCKS STORE 63452,-12.6,43,Food,Business,43,Food,Business,,,,,
2026-01-06,2026,1,Capital One CC,CC uploads,VINCI'S PIZZA,VINCI'S PIZZA,-12.74,43,Food,Business,43,Food,Business,,,,,
2025-08-23,2025,8,Capital One CC,2025 v3.xlsx,Amazon.com*Z95GG67R3,Amazon.com*Z95GG67R3,-12.76,62,Amazon,Personal,62,Amazon,Personal,,,,,
2023-04-03,2023,4,Bank of Marin,BoM master,Macondocolombi Anfu,Macondocolombi Anfu,-12.87,42,Misc,Business,42,Misc,Business,,,,,
2023-03-17,2023,3,Capital One CC,CC uploads,DOORDASH*CANASTA KITCH,DOORDASH*CANASTA KITCH,-12.89,43,Food,Business,43,Food,Business,,,,,
2023-03-22,2023,3,Capital One CC,CC uploads,DOORDASH*CANASTA KITCH,DOORDASH*CANASTA KITCH,-12.9,43,Food,Business,43,Food,Business,,,,,
2025-05-27,2025,5,Capital One CC,2025 v3.xlsx,TST*EARTHBAR - BERKELE,TST*EARTHBAR - BERKELE,-12.95,43,Food,Business,43,Food,Business,,,,,
2026-04-28,2026,4,Capital One CC,CC uploads,SEEDLINGS FAIRE,SEEDLINGS FAIRE,-12.95,11,Flowers,Business,11,Flowers,Business,,,,,
2024-09-13,2024,9,Capital One CC,2024.xlsx Capital 1 Clean,APPLE.COM/BILL,APPLE.COM/BILL,-12.99,65,Entertainment,Personal,65,Entertainment,Personal,,,,,
2023-01-09,2023,1,Bank of Marin,BoM master,Kaiser Pharm,Kaiser Pharm,-13.05,42,Misc,Business,42,Misc,Business,,,,,
2025-11-19,2025,11,Capital One CC,2025 v3.xlsx,SQ *SIGNAL COFFEE ROAS,SQ *SIGNAL COFFEE ROAS,-13.14,43,Food,Business,43,Food,Business,,,,,
2024-01-13,2024,1,Capital One CC,2024.xlsx Capital 1 Clean,F Z PUERTO JIMENEZ N11,F Z PUERTO JIMENEZ N11,-13.16,53,Health,Personal,53,Health,Personal,,,,,
2023-06-26,2023,6,Bank of Marin,BoM master,Amazon,Amazon,-13.16,62,Amazon,Personal,62,Amazon,Personal,,,,,
2024-02-27,2024,2,Bank of Marin,2024.xlsx Marin clean,Cookiebar Scoo P Shop,Cookiebar Scoo P Shop,-13.2,43,Food,Business,43,Food,Business,,,,,
2024-07-11,2024,7,Capital One CC,2024.xlsx Capital 1 Clean,SQ *COOKIEBAR SCOOP SH,SQ *COOKIEBAR SCOOP SH,-13.2,43,Food,Business,43,Food,Business,,,,,
2026-01-03,2026,1,Capital One CC,CC uploads,Waiouru Takeaways and,Waiouru Takeaways and,-13.22,43,Food,Business,43,Food,Business,,,,,
2023-09-11,2023,9,Bank of Marin,BoM master,Amazon,Amazon,-13.27,62,Amazon,Personal,62,Amazon,Personal,,,,,
2025-04-19,2025,4,Capital One CC,2025 v3.xlsx,Amazon.com*C238A43A3,Amazon.com*C238A43A3,-13.28,62,Amazon,Personal,62,Amazon,Personal,,,,,
2025-04-19,2025,4,Capital One CC,2025 v3.xlsx,Amazon.com*N888L12E0,Amazon.com*N888L12E0,-13.28,62,Amazon,Personal,62,Amazon,Personal,,,,,
2023-07-19,2023,7,Bank of Marin,BoM master,Amazon,Amazon,-13.28,62,Amazon,Personal,62,Amazon,Personal,,,,,
2024-10-21,2024,10,Bank of Marin,2024.xlsx Marin clean,DoorDash,DoorDash,-13.29,43,Food,Business,43,Food,Business,,,,,
2024-11-01,2024,11,Bank of Marin,2024.xlsx Marin clean,DoorDash,DoorDash,-13.29,43,Food,Business,43,Food,Business,,,,,
2024-11-15,2024,11,Bank of Marin,2024.xlsx Marin clean,DoorDash,DoorDash,-13.29,43,Food,Business,43,Food,Business,,,,,
2025-02-03,2025,2,Capital One CC,2025 v3.xlsx,DD *DOORDASH MANGOMINT,DD *DOORDASH MANGOMINT,-13.29,43,Food,Business,43,Food,Business,,,,,
2025-02-13,2025,2,Capital One CC,2025 v3.xlsx,DD *DOORDASH MANGOMINT,DD *DOORDASH MANGOMINT,-13.29,43,Food,Business,43,Food,Business,,,,,
2024-09-11,2024,9,Capital One CC,2024.xlsx Capital 1 Clean,SQ *SIGNAL COFFEE ROAS,SQ *SIGNAL COFFEE ROAS,-13.3,43,Food,Business,43,Food,Business,,,,,
2026-06-02,2026,6,Capital One CC,CC uploads,SQ *MEDINA NEW GENERAT,SQ *MEDINA NEW GENERAT,-13.32,15,Merchandise,Business,15,Merchandise,Business,,,,,
2026-01-29,2026,1,Capital One CC,CC uploads,ERACTOLL 2157FQ,ERACTOLL 2157FQ,-13.45,31,Car (shop),Business,31,Car (shop),Business,,,,,
2023-12-14,2023,12,Bank of Marin,BoM master,Roses Sandwic,Roses Sandwic,-13.5,42,Misc,Business,42,Misc,Business,,,,,
2026-02-12,2026,2,Capital One CC,CC uploads,SQ *WESCAFE,SQ *WESCAFE,-13.51,43,Food,Business,43,Food,Business,,,,,
2024-11-07,2024,11,Capital One CC,2024.xlsx Capital 1 Clean,Grace Nursery,GRACE NURSERY INC,-13.58,11,Flowers,Business,11,Flowers,Business,,,,,
2023-11-13,2023,11,Bank of Marin,BoM master,Pagano S Hardware Mart,Pagano S Hardware Mart,-13.66,42,Misc,Business,42,Misc,Business,,,,,
2024-03-18,2024,3,Bank of Marin,2024.xlsx Marin clean,Cookiebar Scoo P Shop,Cookiebar Scoo P Shop,-13.8,43,Food,Business,43,Food,Business,,,,,
2025-01-04,2025,1,Capital One CC,2025 v3.xlsx,HOSTROCKET.COM,HOSTROCKET.COM,-13.82,41,Need to Stop,Business,41,Need to Stop,Business,,,,,
2025-05-08,2025,5,Bank of Marin,2025 v3.xlsx,Dim Sum Best O F Tast,Dim Sum Best O F Tast,-13.83,43,Food,Business,43,Food,Business,,,,,
2024-03-11,2024,3,Bank of Marin,2024.xlsx Marin clean,DoorDash,DoorDash,-13.84,43,Food,Business,43,Food,Business,,,,,
2024-04-01,2024,4,Bank of Marin,2024.xlsx Marin clean,DoorDash,DoorDash,-13.84,43,Food,Business,43,Food,Business,,,,,
2024-11-25,2024,11,Bank of Marin,2024.xlsx Marin clean,DoorDash,DoorDash,-13.84,43,Food,Business,43,Food,Business,,,,,
2023-03-29,2023,3,Capital One CC,CC uploads,DOORDASH*CANASTA KITCH,DOORDASH*CANASTA KITCH,-13.84,43,Food,Business,43,Food,Business,,,,,
2025-10-03,2025,10,Capital One CC,2025 v3.xlsx,Amazon.com*NV0CO0Q20,Amazon.com*NV0CO0Q20,-13.85,62,Amazon,Personal,62,Amazon,Personal,,,,,
2024-05-20,2024,5,Capital One CC,2024.xlsx Capital 1 Clean,CAFE Y BAKERY P8 ATO S,CAFE Y BAKERY P8 ATO S,-13.9,15,Merchandise,Business,15,Merchandise,Business,,,,,
2026-03-14,2026,3,Capital One CC,CC uploads,STARBUCKS STORE 63452,STARBUCKS STORE 63452,-13.9,43,Food,Business,43,Food,Business,,,,,
2025-08-06,2025,8,Bank of Marin,2025 v3.xlsx,DoorDash,DoorDash,-13.95,43,Food,Business,43,Food,Business,,,,,
2024-12-19,2024,12,Bank of Marin,2024.xlsx Marin clean,YouTube Premium,YouTube Premium,-13.99,65,Entertainment,Personal,65,Entertainment,Personal,,,,,
2024-10-02,2024,10,Capital One CC,2024.xlsx Capital 1 Clean,GOOGLE *YouTubePremium,GOOGLE *YouTubePremium,-13.99,65,Entertainment,Personal,65,Entertainment,Personal,,,,,
2024-11-02,2024,11,Capital One CC,2024.xlsx Capital 1 Clean,GOOGLE *YouTubePremium,GOOGLE *YouTubePremium,-13.99,65,Entertainment,Personal,65,Entertainment,Personal,,,,,
2025-03-26,2025,3,Capital One CC,2025 v3.xlsx,GOOGLE *YouTubePremium,GOOGLE *YouTubePremium,-13.99,61,Subscriptions,Personal,61,Subscriptions,Personal,,,,,
2023-10-16,2023,10,Bank of Marin,BoM master,Apple,Apple,-13.99,65,Entertainment,Personal,65,Entertainment,Personal,,,,,
2024-11-19,2024,11,Capital One CC,2024.xlsx Capital 1 Clean,FLORAL SUPPLY SYND #1,FLORAL SUPPLY SYND #1,-14.0,11,Flowers,Business,11,Flowers,Business,,,,,
2024-04-19,2024,4,Bank of Marin,2024.xlsx Marin clean,Signal Coffee,Signal Coffee,-14.01,43,Food,Business,43,Food,Business,,,,,
2025-07-17,2025,7,Bank of Marin,2025 v3.xlsx,Wescafe,Wescafe,-14.01,43,Food,Business,43,Food,Business,,,,,
2026-06-14,2026,6,Capital One CC,CC uploads,"SQ *GAUCHO'S TABLE, LL","SQ *GAUCHO'S TABLE, LL",-14.11,43,Food,Business,43,Food,Business,,,,,
2024-02-13,2024,2,Bank of Marin,2024.xlsx Marin clean,In N Out,In N Out,-14.12,43,Food,Business,43,Food,Business,,,,,
2026-03-23,2026,3,Bank of Marin,BoM master,Snack Raretea,Snack Raretea,-14.2,42,Misc,Business,42,Misc,Business,,,,,
2026-01-03,2026,1,Capital One CC,CC uploads,ARATAKI HONEY,ARATAKI HONEY,-14.29,15,Merchandise,Business,15,Merchandise,Business,,,,,
2026-03-04,2026,3,Capital One CC,CC uploads,TST*DIM SUM BEST OF TA,TST*DIM SUM BEST OF TA,-14.36,43,Food,Business,43,Food,Business,,,,,
2023-08-17,2023,8,Bank of Marin,BoM master,Amazon,Amazon,-14.39,62,Amazon,Personal,62,Amazon,Personal,,,,,
2023-07-11,2023,7,Bank of Marin,BoM master,Amazon,Amazon,-14.39,62,Amazon,Personal,62,Amazon,Personal,,,,,
2025-08-23,2025,8,Capital One CC,2025 v3.xlsx,DD *DOORDASH MANGOMINT,DD *DOORDASH MANGOMINT,-14.4,43,Food,Business,43,Food,Business,,,,,
2025-08-28,2025,8,Capital One CC,2025 v3.xlsx,DD *DOORDASH MANGOMINT,DD *DOORDASH MANGOMINT,-14.4,43,Food,Business,43,Food,Business,,,,,
2024-05-16,2024,5,Capital One CC,2024.xlsx Capital 1 Clean,PANADERIA MONAR,PANADERIA MONAR,-14.48,43,Food,Business,43,Food,Business,,,,,
2025-07-31,2025,7,Capital One CC,2025 v3.xlsx,GASTROBARES MERCADO LA,GASTROBARES MERCADO LA,-14.63,43,Food,Business,43,Food,Business,,,,,
2024-08-16,2024,8,Capital One CC,2024.xlsx Capital 1 Clean,Zettle_*ORIGIN COFFEE,Zettle_*ORIGIN COFFEE,-14.68,43,Food,Business,43,Food,Business,,,,,
2026-01-10,2026,1,Capital One CC,CC uploads,MCDONALDS MELB AIRPT,MCDONALDS MELB AIRPT,-14.69,43,Food,Business,43,Food,Business,,,,,
2024-02-27,2024,2,Bank of Marin,2024.xlsx Marin clean,US Postal Service,US Postal Service,-14.82,14,Materials,Business,14,Materials,Business,,,,,
2024-01-14,2024,1,Capital One CC,2024.xlsx Capital 1 Clean,GO MARKET CITICEN,GO MARKET CITICEN,-14.86,15,Merchandise,Business,15,Merchandise,Business,,,,,
2026-06-25,2026,6,Capital One CC,CC uploads,SP BREAK FREE SKATES,SP BREAK FREE SKATES,-14.96,15,Merchandise,Business,15,Merchandise,Business,,,,,
2024-11-29,2024,11,Bank of Marin,2024.xlsx Marin clean,Apple,Apple,-14.99,14,Materials,Business,14,Materials,Business,,,,,
2024-01-02,2024,1,Bank of Marin,2024.xlsx Marin clean,Kaiser Pharm,Kaiser Pharm,-15.0,53,Health,Personal,53,Health,Personal,,,,,
2024-03-13,2024,3,Bank of Marin,2024.xlsx Marin clean,Kaiser Pharm,Kaiser Pharm,-15.0,53,Health,Personal,53,Health,Personal,,,,,
2024-05-06,2024,5,Bank of Marin,2024.xlsx Marin clean,Kaiser Pharm,Kaiser Pharm,-15.0,53,Health,Personal,53,Health,Personal,,,,,
2025-01-27,2025,1,Bank of Marin,2025 v3.xlsx,Venmo — RECIPIENT UNKNOWN,Transfer to Venmo,-15.0,22,Venmo,Business,22,Venmo,Business,,,,,
2023-08-22,2023,8,Bank of Marin,BoM master,Kaiser Permanente,Kaiser Permanente,-15.0,42,Misc,Business,42,Misc,Business,,,,,
2023-04-12,2023,4,Capital One CC,CC uploads,KAISER CPP PHARM 256,KAISER CPP PHARM 256,-15.0,42,Misc,Business,42,Misc,Business,,,,,
2023-04-11,2023,4,Capital One CC,CC uploads,FLORAL SUPPLY SYND #1,FLORAL SUPPLY SYND #1,-15.0,11,Flowers,Business,11,Flowers,Business,,,,,
2026-06-02,2026,6,Capital One CC,CC uploads,SQ *BECKMANN'S OLD WOR,SQ *BECKMANN'S OLD WOR,-15.0,43,Food,Business,43,Food,Business,,,,,
2026-04-28,2026,4,Capital One CC,CC uploads,SQ *BECKMANN'S OLD WOR,SQ *BECKMANN'S OLD WOR,-15.0,43,Food,Business,43,Food,Business,,,,,
2025-12-31,2025,12,Capital One CC,2025 v3.xlsx,HOT BREAD SHOP CAFE,HOT BREAD SHOP CAFE,-15.05,43,Food,Business,43,Food,Business,,,,,
2026-01-13,2026,1,Capital One CC,CC uploads,TRADER JOE S #109,TRADER JOE S #109,-15.05,15,Merchandise,Business,15,Merchandise,Business,,,,,
2025-12-16,2025,12,Capital One CC,2025 v3.xlsx,COLOMBUS,COLOMBUS,-15.18,43,Food,Business,43,Food,Business,,,,,
2024-01-29,2024,1,Bank of Marin,2024.xlsx Marin clean,Alameda Pizza,Alameda Pizza,-15.29,43,Food,Business,43,Food,Business,,,,,
2025-12-19,2025,12,Capital One CC,2025 v3.xlsx,KAHAKAI POKE BOWL,KAHAKAI POKE BOWL,-15.43,43,Food,Business,43,Food,Business,,,,,
2024-10-30,2024,10,Bank of Marin,2024.xlsx Marin clean,Pagano S Hardware Towne,Pagano S Hardware Towne,-15.49,45,Furniture,Business,45,Furniture,Business,,,,,
2023-04-26,2023,4,Bank of Marin,BoM master,Amazon,Amazon,-15.49,62,Amazon,Personal,62,Amazon,Personal,,,,,
2024-06-13,2024,6,Capital One CC,2024.xlsx Capital 1 Clean,FLORAL SUPPLY SYND #1,FLORAL SUPPLY SYND #1,-15.5,11,Flowers,Business,11,Flowers,Business,,,,,
2025-05-26,2025,5,Capital One CC,2025 v3.xlsx,PEET'S #02502,PEET'S #02502,-15.5,43,Food,Business,43,Food,Business,,,,,
2024-01-29,2024,1,Bank of Marin,2024.xlsx Marin clean,DoorDash,DoorDash,-15.51,43,Food,Business,43,Food,Business,,,,,
2024-04-29,2024,4,Bank of Marin,2024.xlsx Marin clean,DoorDash,DoorDash,-15.51,43,Food,Business,43,Food,Business,,,,,
2024-07-05,2024,7,Bank of Marin,2024.xlsx Marin clean,DoorDash,DoorDash,-15.51,43,Food,Business,43,Food,Business,,,,,
2024-08-09,2024,8,Bank of Marin,2024.xlsx Marin clean,DoorDash,DoorDash,-15.51,43,Food,Business,43,Food,Business,,,,,
2024-09-09,2024,9,Bank of Marin,2024.xlsx Marin clean,DoorDash,DoorDash,-15.51,43,Food,Business,43,Food,Business,,,,,
2023-12-11,2023,12,Bank of Marin,BoM master,DoorDash,DoorDash,-15.51,43,Food,Business,43,Food,Business,,,,,
2023-11-13,2023,11,Bank of Marin,BoM master,DoorDash,DoorDash,-15.51,43,Food,Business,43,Food,Business,,,,,
2023-10-26,2023,10,Bank of Marin,BoM master,DoorDash,DoorDash,-15.51,43,Food,Business,43,Food,Business,,,,,
2026-06-09,2026,6,Bank of Marin,BoM master,Chestnut Market,Chestnut Market,-15.57,42,Misc,Business,42,Misc,Business,,,,,
2025-05-31,2025,5,Capital One CC,2025 v3.xlsx,SQ *WHISK CAKE CREATIO,SQ *WHISK CAKE CREATIO,-15.6,43,Food,Business,43,Food,Business,,,,,
2025-07-18,2025,7,Capital One CC,2025 v3.xlsx,Grace Nursery,GRACE NURSERY INC,-15.63,11,Flowers,Business,11,Flowers,Business,,,,,
2025-08-23,2025,8,Capital One CC,2025 v3.xlsx,TST*DIM SUM BEST OF TA,TST*DIM SUM BEST OF TA,-15.64,43,Food,Business,43,Food,Business,,,,,
2025-08-08,2025,8,Capital One CC,2025 v3.xlsx,INTERBIAK /-MENDEB,INTERBIAK /-MENDEB,-15.68,31,Car (shop),Business,31,Car (shop),Business,,,,,
2023-02-21,2023,2,Capital One CC,CC uploads,FLORAL SUPPLY SYND #1,FLORAL SUPPLY SYND #1,-15.8,11,Flowers,Business,11,Flowers,Business,,,,,
2025-02-18,2025,2,Bank of Marin,2025 v3.xlsx,Wescafe,Wescafe,-15.81,43,Food,Business,43,Food,Business,,,,,
2025-03-12,2025,3,Capital One CC,2025 v3.xlsx,SQ *WESCAFE,SQ *WESCAFE,-15.89,43,Food,Business,43,Food,Business,,,,,
2025-09-29,2025,9,Capital One CC,2025 v3.xlsx,DD *DOORDASH CHOLITALI,DD *DOORDASH CHOLITALI,-15.9,43,Food,Business,43,Food,Business,,,,,
2023-08-30,2023,8,Bank of Marin,BoM master,Apple,Apple,-15.99,65,Entertainment,Personal,65,Entertainment,Personal,,,,,
2025-06-02,2025,6,Capital One CC,2025 v3.xlsx,IN-N-OUT ALAMEDA,IN-N-OUT ALAMEDA,-16.0,43,Food,Business,43,Food,Business,,,,,
2024-05-15,2024,5,Bank of Marin,2024.xlsx Marin clean,Canasta Kitche,Canasta Kitche,-16.06,43,Food,Business,43,Food,Business,,,,,
2026-01-04,2026,1,Capital One CC,CC uploads,ROSEBOWL HOME COOKER,ROSEBOWL HOME COOKER,-16.07,43,Food,Business,43,Food,Business,,,,,
2024-11-26,2024,11,Bank of Marin,2024.xlsx Marin clean,Wescafe Gosq,Wescafe Gosq,-16.17,43,Food,Business,43,Food,Business,,,,,
2023-10-12,2023,10,Capital One CC,CC uploads,FLORAL SUPPLY SYND #1,FLORAL SUPPLY SYND #1,-16.2,11,Flowers,Business,11,Flowers,Business,,,,,
2025-07-28,2025,7,Bank of Marin,2025 v3.xlsx,DoorDash,DoorDash,-16.21,43,Food,Business,43,Food,Business,,,,,
2024-02-23,2024,2,Bank of Marin,2024.xlsx Marin clean,Roses Sandwic,Roses Sandwic,-16.36,42,Misc,Business,42,Misc,Business,,,,,
2025-05-24,2025,5,Capital One CC,2025 v3.xlsx,AMAZON MKTPL*NN37C3VG2,AMAZON MKTPL*NN37C3VG2,-16.46,62,Amazon,Personal,62,Amazon,Personal,,,,,
2023-03-27,2023,3,Bank of Marin,BoM master,Amazon,Amazon,-16.48,62,Amazon,Personal,62,Amazon,Personal,,,,,
2024-10-28,2024,10,Capital One CC,2024.xlsx Capital 1 Clean,STARBUCKS STORE 63452,STARBUCKS STORE 63452,-16.5,43,Food,Business,43,Food,Business,,,,,
2026-01-02,2026,1,Capital One CC,CC uploads,Caltex Tirau,Caltex Tirau,-16.55,31,Car (shop),Business,31,Car (shop),Business,,,,,
2026-06-20,2026,6,Capital One CC,CC uploads,SQ *ANGELA'S ORGANIC I,SQ *ANGELA'S ORGANIC I,-16.56,43,Food,Business,43,Food,Business,,,,,
2025-01-16,2025,1,Capital One CC,2025 v3.xlsx,ENCINAL NURSERY,ENCINAL NURSERY,-16.58,11,Flowers,Business,11,Flowers,Business,,,,,
2024-07-19,2024,7,Bank of Marin,2024.xlsx Marin clean,DoorDash,DoorDash,-16.61,43,Food,Business,43,Food,Business,,,,,
2024-12-13,2024,12,Bank of Marin,2024.xlsx Marin clean,DoorDash,DoorDash,-16.61,43,Food,Business,43,Food,Business,,,,,
2025-05-28,2025,5,Capital One CC,2025 v3.xlsx,MANGO AND * MANGO AND,MANGO AND * MANGO AND,-16.61,43,Food,Business,43,Food,Business,,,,,
2025-12-10,2025,12,Capital One CC,2025 v3.xlsx,MANGO AND * MANGO AND,MANGO AND * MANGO AND,-16.61,43,Food,Business,43,Food,Business,,,,,
2023-07-10,2023,7,Bank of Marin,BoM master,DoorDash,DoorDash,-16.61,43,Food,Business,43,Food,Business,,,,,
2026-04-02,2026,4,Bank of Marin,BoM master,Cke Blue Dot Cafe,Cke Blue Dot Cafe,-16.7,43,Food,Business,43,Food,Business,,,,,
2026-01-26,2026,1,Bank of Marin,BoM master,Snack Raretea,Snack Raretea,-16.7,42,Misc,Business,42,Misc,Business,,,,,
2025-07-21,2025,7,Bank of Marin,2025 v3.xlsx,DoorDash,DoorDash,-16.71,43,Food,Business,43,Food,Business,,,,,
2025-08-04,2025,8,Bank of Marin,2025 v3.xlsx,DoorDash,DoorDash,-16.71,43,Food,Business,43,Food,Business,,,,,
2023-10-17,2023,10,Bank of Marin,BoM master,Sherwin-Williams,Sherwin-Williams,-16.71,42,Misc,Business,42,Misc,Business,,,,,
2024-07-24,2024,7,Capital One CC,2024.xlsx Capital 1 Clean,GARDENCLEANERS,GARDENCLEANERS,-16.75,14,Materials,Business,14,Materials,Business,,,,,
2024-05-16,2024,5,Capital One CC,2024.xlsx Capital 1 Clean,CORCOVADO BM,CORCOVADO BM,-16.76,15,Merchandise,Business,15,Merchandise,Business,,,,,
2025-12-22,2025,12,Capital One CC,2025 v3.xlsx,Speedway Garage Palmy,Speedway Garage Palmy,-16.77,43,Food,Business,43,Food,Business,,,,,
2025-10-24,2025,10,Capital One CC,2025 v3.xlsx,AMAZON MKTPL*N49P12C50,AMAZON MKTPL*N49P12C50,-16.82,62,Amazon,Personal,62,Amazon,Personal,,,,,
2025-11-03,2025,11,Capital One CC,2025 v3.xlsx,AMAZON MKTPL*NK3Y326M1,AMAZON MKTPL*NK3Y326M1,-16.82,62,Amazon,Personal,62,Amazon,Personal,,,,,
2023-06-28,2023,6,Bank of Marin,BoM master,Amazon,Amazon,-16.82,62,Amazon,Personal,62,Amazon,Personal,,,,,
2024-05-15,2024,5,Bank of Marin,2024.xlsx Marin clean,Peet's Coffee,Peet's Coffee,-16.84,43,Food,Business,43,Food,Business,,,,,
2024-05-17,2024,5,Bank of Marin,2024.xlsx Marin clean,Peet's Coffee,Peet's Coffee,-16.84,43,Food,Business,43,Food,Business,,,,,
2025-09-19,2025,9,Capital One CC,2025 v3.xlsx,AMAZON MKTPL*EP8H81QA3,AMAZON MKTPL*EP8H81QA3,-16.98,62,Amazon,Personal,62,Amazon,Personal,,,,,
2026-06-02,2026,6,Bank of Marin,BoM master,Venmo — RECIPIENT UNKNOWN,Transfer to Venmo,-17.0,22,Venmo,Business,22,Venmo,Business,,,,,
2023-01-09,2023,1,Bank of Marin,BoM master,Neve Bros,Neve Bros,-17.0,11,Flowers,Business,11,Flowers,Business,,,,,
2025-10-07,2025,10,Capital One CC,2025 v3.xlsx,AMAZON MKTPL*NV7I709I1,AMAZON MKTPL*NV7I709I1,-17.08,62,Amazon,Personal,62,Amazon,Personal,,,,,
2023-02-24,2023,2,Bank of Marin,BoM master,Pagano S Hardware Mart,Pagano S Hardware Mart,-17.13,42,Misc,Business,42,Misc,Business,,,,,
2023-09-18,2023,9,Bank of Marin,BoM master,Amazon,Amazon,-17.24,62,Amazon,Personal,62,Amazon,Personal,,,,,
2024-01-08,2024,1,Capital One CC,2024.xlsx Capital 1 Clean,RESTAURANTE LOS DELFIN,RESTAURANTE LOS DELFIN,-17.34,43,Food,Business,43,Food,Business,,,,,
2023-11-30,2023,11,Bank of Marin,BoM master,Kaiser Rqbze,Kaiser Rqbze,-17.34,34,Insurance,Business,34,Insurance,Business,,,,,
2023-10-31,2023,10,Bank of Marin,BoM master,Kaiser Rkutpehbck,Kaiser Rkutpehbck,-17.34,34,Insurance,Business,34,Insurance,Business,,,,,
2023-10-02,2023,10,Bank of Marin,BoM master,Kaiser Tuwbf,Kaiser Tuwbf,-17.34,34,Insurance,Business,34,Insurance,Business,,,,,
2023-08-31,2023,8,Bank of Marin,BoM master,Kaiser R,Kaiser R,-17.34,34,Insurance,Business,34,Insurance,Business,,,,,
2023-07-31,2023,7,Bank of Marin,BoM master,Kaiser R,Kaiser R,-17.34,34,Insurance,Business,34,Insurance,Business,,,,,
2023-06-30,2023,6,Bank of Marin,BoM master,Kaiser Qyfdoj,Kaiser Qyfdoj,-17.34,34,Insurance,Business,34,Insurance,Business,,,,,
2023-05-31,2023,5,Bank of Marin,BoM master,Kaiser Qsyic M Oewknu,Kaiser Qsyic M Oewknu,-17.34,34,Insurance,Business,34,Insurance,Business,,,,,
2023-05-01,2023,5,Bank of Marin,BoM master,Kaiser,Kaiser,-17.34,34,Insurance,Business,34,Insurance,Business,,,,,
2023-03-31,2023,3,Bank of Marin,BoM master,Kaiser Qhu Ad W v,Kaiser Qhu Ad W v,-17.34,34,Insurance,Business,34,Insurance,Business,,,,,
2023-02-28,2023,2,Bank of Marin,BoM master,Ur Aza,Ur Aza,-17.34,34,Insurance,Business,34,Insurance,Business,,,,,
2023-01-31,2023,1,Bank of Marin,BoM master,Kaiser Q Sngemimoct,Kaiser Q Sngemimoct,-17.34,34,Insurance,Business,34,Insurance,Business,,,,,
2023-01-03,2023,1,Bank of Marin,BoM master,Kaiser Q Fixdx Oamc,Kaiser Q Fixdx Oamc,-17.34,34,Insurance,Business,34,Insurance,Business,,,,,
2026-01-09,2026,1,Capital One CC,CC uploads,BRUNETTI AIRPORTS PTY,BRUNETTI AIRPORTS PTY,-17.35,43,Food,Business,43,Food,Business,,,,,
2025-10-22,2025,10,Capital One CC,2025 v3.xlsx,DD *DOORDASH MANGOMINT,DD *DOORDASH MANGOMINT,-17.4,43,Food,Business,43,Food,Business,,,,,
2025-05-17,2025,5,Capital One CC,2025 v3.xlsx,DD *DOORDASH DIMSUMBES,DD *DOORDASH DIMSUMBES,-17.43,43,Food,Business,43,Food,Business,,,,,
2025-07-23,2025,7,Bank of Marin,2025 v3.xlsx,Wescafe,Wescafe,-17.5,43,Food,Business,43,Food,Business,,,,,
2024-05-08,2024,5,Capital One CC,2024.xlsx Capital 1 Clean,SQ *WESCAFE,SQ *WESCAFE,-17.52,43,Food,Business,43,Food,Business,,,,,
2024-10-28,2024,10,Bank of Marin,2024.xlsx Marin clean,Walgreens,Walgreens,-17.6,53,Health,Personal,53,Health,Personal,,,,,
2024-10-23,2024,10,Bank of Marin,2024.xlsx Marin clean,Wescafe Gosq,Wescafe Gosq,-17.67,43,Food,Business,43,Food,Business,,,,,
2024-04-11,2024,4,Capital One CC,2024.xlsx Capital 1 Clean,FLORAL SUPPLY SYND #1,FLORAL SUPPLY SYND #1,-17.75,11,Flowers,Business,11,Flowers,Business,,,,,
2024-01-08,2024,1,Capital One CC,2024.xlsx Capital 1 Clean,PANADERIA MONAR,PANADERIA MONAR,-17.76,43,Food,Business,43,Food,Business,,,,,
2023-06-16,2023,6,Bank of Marin,BoM master,Amazon,Amazon,-17.85,62,Amazon,Personal,62,Amazon,Personal,,,,,
2024-02-26,2024,2,Bank of Marin,2024.xlsx Marin clean,True Value,True Value,-17.89,45,Furniture,Business,45,Furniture,Business,,,,,
2026-03-27,2026,3,Capital One CC,CC uploads,IN-N-OUT ALAMEDA,IN-N-OUT ALAMEDA,-17.89,43,Food,Business,43,Food,Business,,,,,
2025-03-31,2025,3,Capital One CC,2025 v3.xlsx,AMAZON MKTPL*BX7GC9AC3,AMAZON MKTPL*BX7GC9AC3,-17.93,62,Amazon,Personal,62,Amazon,Personal,,,,,
2023-08-03,2023,8,Bank of Marin,BoM master,Amazon,Amazon,-17.95,62,Amazon,Personal,62,Amazon,Personal,,,,,
2024-01-27,2024,1,Capital One CC,2024.xlsx Capital 1 Clean,PEET'S #28302,PEET'S #28302,-17.98,43,Food,Business,43,Food,Business,,,,,
2024-01-23,2024,1,Capital One CC,2024.xlsx Capital 1 Clean,MT. EDEN FLORAL COMPAN,MT. EDEN FLORAL COMPAN,-18.0,15,Merchandise,Business,15,Merchandise,Business,,,,,
2026-01-09,2026,1,Capital One CC,CC uploads,WHSMITH MEL T2 DEP CTN,WHSMITH MEL T2 DEP CTN,-18.08,15,Merchandise,Business,15,Merchandise,Business,,,,,
2025-06-06,2025,6,Bank of Marin,2025 v3.xlsx,Wescafe,Wescafe,-18.11,43,Food,Business,43,Food,Business,,,,,
2025-12-15,2025,12,Capital One CC,2025 v3.xlsx,AMYS DRIVE THRU - SFO,AMYS DRIVE THRU - SFO,-18.12,43,Food,Business,43,Food,Business,,,,,
2025-08-09,2025,8,Capital One CC,2025 v3.xlsx,MALIA BIANCA SRLS,MALIA BIANCA SRLS,-18.14,43,Food,Business,43,Food,Business,,,,,
2025-03-17,2025,3,Capital One CC,2025 v3.xlsx,DD *DOORDASH MANGOMINT,DD *DOORDASH MANGOMINT,-18.27,43,Food,Business,43,Food,Business,,,,,
2026-01-02,2026,1,Capital One CC,CC uploads,Pak N Save Rotorua,Pak N Save Rotorua,-18.37,15,Merchandise,Business,15,Merchandise,Business,,,,,
2025-07-11,2025,7,Bank of Marin,2025 v3.xlsx,Wescafe,Wescafe,-18.47,43,Food,Business,43,Food,Business,,,,,
2025-11-11,2025,11,Capital One CC,2025 v3.xlsx,AMAZON MKTPL*BT8II1RY0,AMAZON MKTPL*BT8II1RY0,-18.48,62,Amazon,Personal,62,Amazon,Personal,,,,,
2025-07-18,2025,7,Capital One CC,2025 v3.xlsx,Rafa's Wholesale Flowers,RAFAS WHOLESALE FLOWER,-18.54,11,Flowers,Business,11,Flowers,Business,,,,,
2023-03-23,2023,3,Bank of Marin,BoM master,Amazon,Amazon,-18.55,62,Amazon,Personal,62,Amazon,Personal,,,,,
2025-05-12,2025,5,Bank of Marin,2025 v3.xlsx,Dim Sum Best O F Tast,Dim Sum Best O F Tast,-18.56,43,Food,Business,43,Food,Business,,,,,
2026-05-26,2026,5,Capital One CC,CC uploads,PEET'S #28302,PEET'S #28302,-18.57,43,Food,Business,43,Food,Business,,,,,
2024-05-18,2024,5,Capital One CC,2024.xlsx Capital 1 Clean,SODA MARBELLA,SODA MARBELLA,-18.59,43,Food,Business,43,Food,Business,,,,,
2023-01-03,2023,1,Bank of Marin,BoM master,Amazon,Amazon,-18.71,62,Amazon,Personal,62,Amazon,Personal,,,,,
2023-03-20,2023,3,Bank of Marin,BoM master,Oaklandish,Oaklandish,-18.74,14,Materials,Business,14,Materials,Business,,,,,
2025-03-01,2025,3,Capital One CC,2025 v3.xlsx,DD *DOORDASH DIMSUMBES,DD *DOORDASH DIMSUMBES,-18.81,43,Food,Business,43,Food,Business,,,,,
2025-03-15,2025,3,Capital One CC,2025 v3.xlsx,DD *DOORDASH DIMSUMBES,DD *DOORDASH DIMSUMBES,-18.81,43,Food,Business,43,Food,Business,,,,,
2024-02-26,2024,2,Bank of Marin,2024.xlsx Marin clean,Walgreens,Walgreens,-18.82,53,Health,Personal,53,Health,Personal,,,,,
2023-03-16,2023,3,Bank of Marin,BoM master,Amazon,Amazon,-18.82,62,Amazon,Personal,62,Amazon,Personal,,,,,
2024-10-02,2024,10,Bank of Marin,2024.xlsx Marin clean,DoorDash,DoorDash,-18.83,43,Food,Business,43,Food,Business,,,,,
2025-01-18,2025,1,Capital One CC,2025 v3.xlsx,DD *DOORDASH MANGOMINT,DD *DOORDASH MANGOMINT,-18.83,43,Food,Business,43,Food,Business,,,,,
2025-03-08,2025,3,Capital One CC,2025 v3.xlsx,DD *DOORDASH MANGOMINT,DD *DOORDASH MANGOMINT,-18.83,43,Food,Business,43,Food,Business,,,,,
2025-04-10,2025,4,Capital One CC,2025 v3.xlsx,DD *DOORDASH MANGOMINT,DD *DOORDASH MANGOMINT,-18.83,43,Food,Business,43,Food,Business,,,,,
2025-10-15,2025,10,Capital One CC,2025 v3.xlsx,Amazon.com*NM5261BU0,Amazon.com*NM5261BU0,-18.83,62,Amazon,Personal,62,Amazon,Personal,,,,,
2023-01-18,2023,1,Capital One CC,CC uploads,TST* PROPER FOOD - SAN,TST* PROPER FOOD - SAN,-18.87,43,Food,Business,43,Food,Business,,,,,
2026-03-24,2026,3,Capital One CC,CC uploads,DD *DOORDASH CHOLITALI,DD *DOORDASH CHOLITALI,-18.89,43,Food,Business,43,Food,Business,,,,,
2026-03-06,2026,3,Capital One CC,CC uploads,DD *DOORDASH CHOLITALI,DD *DOORDASH CHOLITALI,-18.89,43,Food,Business,43,Food,Business,,,,,
2024-02-15,2024,2,Bank of Marin,2024.xlsx Marin clean,Uber Trip,Uber Trip,-18.92,67,Travel,Personal,67,Travel,Personal,,,,,
2024-01-22,2024,1,Bank of Marin,2024.xlsx Marin clean,Uber Trip,Uber Trip,-18.93,67,Travel,Personal,67,Travel,Personal,,,,,
2024-10-03,2024,10,Bank of Marin,2024.xlsx Marin clean,Uber Trip,Uber Trip,-18.96,67,Travel,Personal,67,Travel,Personal,,,,,
2023-12-18,2023,12,Bank of Marin,BoM master,Uber Trip,Uber Trip,-18.98,42,Misc,Business,42,Misc,Business,,,,,
2024-02-29,2024,2,Bank of Marin,2024.xlsx Marin clean,Apple,Apple,-18.99,65,Entertainment,Personal,65,Entertainment,Personal,,,,,
2024-03-29,2024,3,Bank of Marin,2024.xlsx Marin clean,Apple,Apple,-18.99,65,Entertainment,Personal,65,Entertainment,Personal,,,,,
2024-05-03,2024,5,Bank of Marin,2024.xlsx Marin clean,Apple,Apple,-18.99,14,Materials,Business,14,Materials,Business,,,,,
2024-06-03,2024,6,Bank of Marin,2024.xlsx Marin clean,Apple,Apple,-18.99,14,Materials,Business,14,Materials,Business,,,,,
2024-07-01,2024,7,Bank of Marin,2024.xlsx Marin clean,Apple,Apple,-18.99,14,Materials,Business,14,Materials,Business,,,,,
2024-08-02,2024,8,Capital One CC,2024.xlsx Capital 1 Clean,APPLE.COM/BILL,APPLE.COM/BILL,-18.99,65,Entertainment,Personal,65,Entertainment,Personal,,,,,
2024-09-02,2024,9,Capital One CC,2024.xlsx Capital 1 Clean,APPLE.COM/BILL,APPLE.COM/BILL,-18.99,65,Entertainment,Personal,65,Entertainment,Personal,,,,,
2023-12-29,2023,12,Bank of Marin,BoM master,Apple,Apple,-18.99,65,Entertainment,Personal,65,Entertainment,Personal,,,,,
2023-12-06,2023,12,Bank of Marin,BoM master,Apple,Apple,-18.99,65,Entertainment,Personal,65,Entertainment,Personal,,,,,
2023-11-02,2023,11,Bank of Marin,BoM master,Apple,Apple,-18.99,65,Entertainment,Personal,65,Entertainment,Personal,,,,,
2023-10-06,2023,10,Bank of Marin,BoM master,Apple,Apple,-18.99,65,Entertainment,Personal,65,Entertainment,Personal,,,,,
2023-08-30,2023,8,Bank of Marin,BoM master,Apple,Apple,-18.99,65,Entertainment,Personal,65,Entertainment,Personal,,,,,
2026-07-12,2026,7,Capital One CC,CC uploads,Spotify USA,Spotify USA,-18.99,61,Subscriptions,Personal,61,Subscriptions,Personal,,,,,
2026-06-12,2026,6,Capital One CC,CC uploads,Spotify USA,Spotify USA,-18.99,61,Subscriptions,Personal,61,Subscriptions,Personal,,,,,
2026-05-12,2026,5,Capital One CC,CC uploads,Spotify P425D7CDB3,Spotify P425D7CDB3,-18.99,61,Subscriptions,Personal,61,Subscriptions,Personal,,,,,
2026-05-01,2026,5,Capital One CC,CC uploads,APPLE.COM/BILL,APPLE.COM/BILL,-18.99,65,Entertainment,Personal,65,Entertainment,Personal,,,,,
2026-04-04,2026,4,Capital One CC,CC uploads,APPLE.COM/BILL,APPLE.COM/BILL,-18.99,65,Entertainment,Personal,65,Entertainment,Personal,,,,,
2026-03-03,2026,3,Capital One CC,CC uploads,APPLE.COM/BILL,APPLE.COM/BILL,-18.99,65,Entertainment,Personal,65,Entertainment,Personal,,,,,
2026-01-21,2026,1,Capital One CC,CC uploads,APPLE.COM/BILL,APPLE.COM/BILL,-18.99,65,Entertainment,Personal,65,Entertainment,Personal,,,,,
2023-11-06,2023,11,Bank of Marin,BoM master,DoorDash,DoorDash,-19.05,43,Food,Business,43,Food,Business,,,,,
2023-01-06,2023,1,Bank of Marin,BoM master,Safeway,Safeway,-19.07,42,Misc,Business,42,Misc,Business,,,,,
2026-01-07,2026,1,Capital One CC,CC uploads,MAD SAMURAI,MAD SAMURAI,-19.07,43,Food,Business,43,Food,Business,,,,,
2024-02-26,2024,2,Capital One CC,2024.xlsx Capital 1 Clean,SQ *TAHINA,SQ *TAHINA,-19.1,43,Food,Business,43,Food,Business,,,,,
2023-06-20,2023,6,Bank of Marin,BoM master,Amazon,Amazon,-19.13,62,Amazon,Personal,62,Amazon,Personal,,,,,
2023-05-22,2023,5,Bank of Marin,BoM master,Macondocolombi Anfu,Macondocolombi Anfu,-19.14,42,Misc,Business,42,Misc,Business,,,,,
2024-02-15,2024,2,Capital One CC,2024.xlsx Capital 1 Clean,Grace Nursery,GRACE NURSERY INC,-19.27,11,Flowers,Business,11,Flowers,Business,,,,,
2023-05-26,2023,5,Bank of Marin,BoM master,Amazon,Amazon,-19.28,62,Amazon,Personal,62,Amazon,Personal,,,,,
2024-11-25,2024,11,Bank of Marin,2024.xlsx Marin clean,DoorDash,DoorDash,-19.38,43,Food,Business,43,Food,Business,,,,,
2026-03-11,2026,3,Capital One CC,CC uploads,DD *DOORDASH TAHINA,DD *DOORDASH TAHINA,-19.38,43,Food,Business,43,Food,Business,,,,,
2026-01-10,2026,1,Capital One CC,CC uploads,UBER *TRIP HELP.UBER.C,UBER *TRIP HELP.UBER.C,-19.39,42,Misc,Business,42,Misc,Business,,,,,
2024-01-05,2024,1,Capital One CC,2024.xlsx Capital 1 Clean,BAR MAKAI,BAR MAKAI,-19.53,43,Food,Business,43,Food,Business,,,,,
2023-07-03,2023,7,Bank of Marin,BoM master,Moonrise Herbs,Moonrise Herbs,-19.58,42,Misc,Business,42,Misc,Business,,,,,
2025-09-10,2025,9,Capital One CC,2025 v3.xlsx,AMAZON MKTPL*G64HL5123,AMAZON MKTPL*G64HL5123,-19.92,62,Amazon,Personal,62,Amazon,Personal,,,,,
2025-04-09,2025,4,Capital One CC,2025 v3.xlsx,AMAZON MKTPL*JT6444B53,AMAZON MKTPL*JT6444B53,-19.92,62,Amazon,Personal,62,Amazon,Personal,,,,,
2025-10-10,2025,10,Capital One CC,2025 v3.xlsx,AMAZON MKTPL*NV1L00YY2,AMAZON MKTPL*NV1L00YY2,-19.92,62,Amazon,Personal,62,Amazon,Personal,,,,,
2025-03-03,2025,3,Capital One CC,2025 v3.xlsx,AMAZON MKTPL*PA6CE8E13,AMAZON MKTPL*PA6CE8E13,-19.92,62,Amazon,Personal,62,Amazon,Personal,,,,,
2023-04-14,2023,4,Bank of Marin,BoM master,Amazon,Amazon,-19.92,62,Amazon,Personal,62,Amazon,Personal,,,,,
2023-04-07,2023,4,Bank of Marin,BoM master,Amazon,Amazon,-19.92,62,Amazon,Personal,62,Amazon,Personal,,,,,
2024-10-25,2024,10,Bank of Marin,2024.xlsx Marin clean,DoorDash,DoorDash,-19.94,43,Food,Business,43,Food,Business,,,,,
2026-07-19,2026,7,Capital One CC,CC uploads,UBER   *TRIP,UBER   *TRIP,-19.94,42,Misc,Business,42,Misc,Business,,,,,
2024-11-27,2024,11,Bank of Marin,2024.xlsx Marin clean,Apple,Apple,-19.99,14,Materials,Business,14,Materials,Business,,,,,
2024-12-26,2024,12,Bank of Marin,2024.xlsx Marin clean,Apple,Apple,-19.99,14,Materials,Business,14,Materials,Business,,,,,
2024-01-24,2024,1,Capital One CC,2024.xlsx Capital 1 Clean,FAIRE INSIDER,FAIRE INSIDER,-19.99,11,Flowers,Business,11,Flowers,Business,,,,,
2024-02-23,2024,2,Capital One CC,2024.xlsx Capital 1 Clean,FAIRE PAY_QDZV46GR8P,FAIRE PAY_QDZV46GR8P,-19.99,11,Flowers,Business,11,Flowers,Business,,,,,
2024-03-24,2024,3,Capital One CC,2024.xlsx Capital 1 Clean,FAIRE INSIDER,FAIRE INSIDER,-19.99,11,Flowers,Business,11,Flowers,Business,,,,,
2024-04-23,2024,4,Capital One CC,2024.xlsx Capital 1 Clean,FAIRE INSIDER,FAIRE INSIDER,-19.99,11,Flowers,Business,11,Flowers,Business,,,,,
2024-05-23,2024,5,Capital One CC,2024.xlsx Capital 1 Clean,FAIRE INSIDER,FAIRE INSIDER,-19.99,11,Flowers,Business,11,Flowers,Business,,,,,
2024-06-22,2024,6,Capital One CC,2024.xlsx Capital 1 Clean,FAIRE INSIDER,FAIRE INSIDER,-19.99,11,Flowers,Business,11,Flowers,Business,,,,,
2024-07-22,2024,7,Capital One CC,2024.xlsx Capital 1 Clean,FAIRE INSIDER,FAIRE INSIDER,-19.99,11,Flowers,Business,11,Flowers,Business,,,,,
2024-08-21,2024,8,Capital One CC,2024.xlsx Capital 1 Clean,FAIRE INSIDER,FAIRE INSIDER,-19.99,11,Flowers,Business,11,Flowers,Business,,,,,
2024-09-20,2024,9,Capital One CC,2024.xlsx Capital 1 Clean,FAIRE INSIDER,FAIRE INSIDER,-19.99,11,Flowers,Business,11,Flowers,Business,,,,,
2024-10-20,2024,10,Capital One CC,2024.xlsx Capital 1 Clean,FAIRE INSIDER,FAIRE INSIDER,-19.99,11,Flowers,Business,11,Flowers,Business,,,,,
2024-11-19,2024,11,Capital One CC,2024.xlsx Capital 1 Clean,FAIRE INSIDER,FAIRE INSIDER,-19.99,11,Flowers,Business,11,Flowers,Business,,,,,
2024-12-19,2024,12,Capital One CC,2024.xlsx Capital 1 Clean,FAIRE INSIDER,FAIRE INSIDER,-19.99,11,Flowers,Business,11,Flowers,Business,,,,,
2025-10-15,2025,10,Capital One CC,2025 v3.xlsx,Grace Nursery,GRACE NURSERY INC,-19.99,11,Flowers,Business,11,Flowers,Business,,,,,
2023-12-25,2023,12,Capital One CC,CC uploads,FAIRE INSIDER,FAIRE INSIDER,-19.99,11,Flowers,Business,11,Flowers,Business,,,,,
2023-11-25,2023,11,Capital One CC,CC uploads,FAIRE INSIDER,FAIRE INSIDER,-19.99,11,Flowers,Business,11,Flowers,Business,,,,,
2023-10-26,2023,10,Capital One CC,CC uploads,FAIRE INSIDER,FAIRE INSIDER,-19.99,11,Flowers,Business,11,Flowers,Business,,,,,
2023-09-26,2023,9,Capital One CC,CC uploads,FAIRE INSIDER,FAIRE INSIDER,-19.99,11,Flowers,Business,11,Flowers,Business,,,,,
2023-08-26,2023,8,Capital One CC,CC uploads,FAIRE INSIDER,FAIRE INSIDER,-19.99,11,Flowers,Business,11,Flowers,Business,,,,,
2023-07-27,2023,7,Capital One CC,CC uploads,FAIRE INSIDER,FAIRE INSIDER,-19.99,11,Flowers,Business,11,Flowers,Business,,,,,
2023-06-27,2023,6,Capital One CC,CC uploads,FAIRE INSIDER,FAIRE INSIDER,-19.99,11,Flowers,Business,11,Flowers,Business,,,,,
2023-05-28,2023,5,Capital One CC,CC uploads,FAIRE INSIDER,FAIRE INSIDER,-19.99,11,Flowers,Business,11,Flowers,Business,,,,,
2023-04-28,2023,4,Capital One CC,CC uploads,FAIRE INSIDER,FAIRE INSIDER,-19.99,11,Flowers,Business,11,Flowers,Business,,,,,
2023-03-29,2023,3,Capital One CC,CC uploads,FAIRE INSIDER,FAIRE INSIDER,-19.99,11,Flowers,Business,11,Flowers,Business,,,,,
2023-02-27,2023,2,Capital One CC,CC uploads,FAIRE INSIDER,FAIRE INSIDER,-19.99,11,Flowers,Business,11,Flowers,Business,,,,,
2023-01-28,2023,1,Capital One CC,CC uploads,FAIRE INSIDER,FAIRE INSIDER,-19.99,11,Flowers,Business,11,Flowers,Business,,,,,
2026-07-12,2026,7,Capital One CC,CC uploads,FAIRE INSIDER,FAIRE INSIDER,-19.99,11,Flowers,Business,11,Flowers,Business,,,,,
2026-06-12,2026,6,Capital One CC,CC uploads,FAIRE INSIDER,FAIRE INSIDER,-19.99,11,Flowers,Business,11,Flowers,Business,,,,,
2026-05-13,2026,5,Capital One CC,CC uploads,FAIRE INSIDER,FAIRE INSIDER,-19.99,11,Flowers,Business,11,Flowers,Business,,,,,
2026-04-13,2026,4,Capital One CC,CC uploads,FAIRE INSIDER,FAIRE INSIDER,-19.99,11,Flowers,Business,11,Flowers,Business,,,,,
2026-03-14,2026,3,Capital One CC,CC uploads,FAIRE INSIDER,FAIRE INSIDER,-19.99,11,Flowers,Business,11,Flowers,Business,,,,,
2026-02-12,2026,2,Capital One CC,CC uploads,FAIRE INSIDER,FAIRE INSIDER,-19.99,11,Flowers,Business,11,Flowers,Business,,,,,
2026-01-13,2026,1,Capital One CC,CC uploads,FAIRE INSIDER,FAIRE INSIDER,-19.99,11,Flowers,Business,11,Flowers,Business,,,,,
2024-07-17,2024,7,Bank of Marin,2024.xlsx Marin clean,Venmo — RECIPIENT UNKNOWN,Transfer to Venmo,-20.0,22,Venmo,Business,22,Venmo,Business,,,,,
2025-01-18,2025,1,Capital One CC,2025 v3.xlsx,SQ *PENNY A BUNCH,SQ *PENNY A BUNCH,-20.0,15,Merchandise,Business,15,Merchandise,Business,,,,,
2025-11-04,2025,11,Bank of Marin,2025 v3.xlsx,Venmo — RECIPIENT UNKNOWN,Transfer to Venmo,-20.0,22,Venmo,Business,22,Venmo,Business,,,,,
2026-07-20,2026,7,Bank of Marin,BoM master,Venmo — RECIPIENT UNKNOWN,Transfer to Venmo,-20.0,22,Venmo,Business,22,Venmo,Business,,,,,
2023-08-08,2023,8,Capital One CC,CC uploads,SQ *GREEN VALLEY GROWE,SQ *GREEN VALLEY GROWE,-20.0,15,Merchandise,Business,15,Merchandise,Business,,,,,
2023-04-25,2023,4,Capital One CC,CC uploads,SQ *GREEN VALLEY GROWE,SQ *GREEN VALLEY GROWE,-20.0,15,Merchandise,Business,15,Merchandise,Business,,,,,
2025-08-16,2025,8,Capital One CC,2025 v3.xlsx,ENI 38038,ENI 38038,-20.04,31,Car (shop),Business,31,Car (shop),Business,,,,,
2026-01-10,2026,1,Capital One CC,CC uploads,GLASSONS HIGHPOINT,GLASSONS HIGHPOINT,-20.11,15,Merchandise,Business,15,Merchandise,Business,,,,,
2025-07-14,2025,7,Capital One CC,2025 v3.xlsx,TST*DIM SUM BEST OF TA,TST*DIM SUM BEST OF TA,-20.17,43,Food,Business,43,Food,Business,,,,,
2025-12-29,2025,12,Capital One CC,2025 v3.xlsx,Thirsty Whale Bar&Rest,Thirsty Whale Bar&Rest,-20.18,43,Food,Business,43,Food,Business,,,,,
2026-06-12,2026,6,Capital One CC,CC uploads,DD *DOORDASH FIVEGUYSB,DD *DOORDASH FIVEGUYSB,-20.18,43,Food,Business,43,Food,Business,,,,,
2025-10-01,2025,10,Capital One CC,2025 v3.xlsx,Grace Nursery,GRACE NURSERY INC,-20.24,11,Flowers,Business,11,Flowers,Business,,,,,
2024-02-12,2024,2,Capital One CC,2024.xlsx Capital 1 Clean,SQ *WESCAFE,SQ *WESCAFE,-20.27,43,Food,Business,43,Food,Business,,,,,
2024-06-24,2024,6,Bank of Marin,2024.xlsx Marin clean,Hummus Heaven Gosq Alameda Ca,Hummus Heaven Gosq Alameda Ca,-20.5,35,SBA / Admin,Business,35,SBA / Admin,Business,,,,,
2023-02-01,2023,2,Capital One CC,CC uploads,SQ *DELANO NURSERY INC,SQ *DELANO NURSERY INC,-20.5,15,Merchandise,Business,15,Merchandise,Business,,,,,
2025-02-13,2025,2,Bank of Marin,2025 v3.xlsx,Wescafe,Wescafe,-20.7,43,Food,Business,43,Food,Business,,,,,
2025-11-22,2025,11,Capital One CC,2025 v3.xlsx,TST*DIM SUM BEST OF TA,TST*DIM SUM BEST OF TA,-20.72,43,Food,Business,43,Food,Business,,,,,
2024-08-05,2024,8,Bank of Marin,2024.xlsx Marin clean,Wescafe Gosq,Wescafe Gosq,-20.76,43,Food,Business,43,Food,Business,,,,,
2025-05-19,2025,5,Capital One CC,2025 v3.xlsx,DD *DOORDASH TAHINA,DD *DOORDASH TAHINA,-20.76,43,Food,Business,43,Food,Business,,,,,
2025-04-10,2025,4,Capital One CC,2025 v3.xlsx,SQ *WESCAFE,SQ *WESCAFE,-20.76,43,Food,Business,43,Food,Business,,,,,
2024-10-25,2024,10,Capital One CC,2024.xlsx Capital 1 Clean,TACO BELL 30745,TACO BELL 30745,-20.8,43,Food,Business,43,Food,Business,,,,,
2026-02-10,2026,2,Capital One CC,CC uploads,DD *DOORDASH CHOLITALI,DD *DOORDASH CHOLITALI,-20.81,43,Food,Business,43,Food,Business,,,,,
2025-10-01,2025,10,Capital One CC,2025 v3.xlsx,DD *DOORDASH TAHINA,DD *DOORDASH TAHINA,-20.88,43,Food,Business,43,Food,Business,,,,,
2025-11-13,2025,11,Capital One CC,2025 v3.xlsx,DD *DOORDASH TAHINA,DD *DOORDASH TAHINA,-20.88,43,Food,Business,43,Food,Business,,,,,
2025-12-17,2025,12,Capital One CC,2025 v3.xlsx,DD *DOORDASH TAHINA,DD *DOORDASH TAHINA,-20.88,43,Food,Business,43,Food,Business,,,,,
2025-12-24,2025,12,Capital One CC,2025 v3.xlsx,DD *DOORDASH TAHINA,DD *DOORDASH TAHINA,-20.88,43,Food,Business,43,Food,Business,,,,,
2026-05-02,2026,5,Capital One CC,CC uploads,DD *DOORDASH TAHINA,DD *DOORDASH TAHINA,-20.88,43,Food,Business,43,Food,Business,,,,,
2026-02-26,2026,2,Capital One CC,CC uploads,DD *DOORDASH TAHINA,DD *DOORDASH TAHINA,-20.88,43,Food,Business,43,Food,Business,,,,,
2026-02-21,2026,2,Capital One CC,CC uploads,DD *DOORDASH TAHINA,DD *DOORDASH TAHINA,-20.88,43,Food,Business,43,Food,Business,,,,,
2026-02-06,2026,2,Capital One CC,CC uploads,DD *DOORDASH TAHINA,DD *DOORDASH TAHINA,-20.88,43,Food,Business,43,Food,Business,,,,,
2026-01-24,2026,1,Capital One CC,CC uploads,DD *DOORDASH TAHINA,DD *DOORDASH TAHINA,-20.88,43,Food,Business,43,Food,Business,,,,,
2025-12-19,2025,12,Capital One CC,2025 v3.xlsx,Rice Rice Baby New Ply,Rice Rice Baby New Ply,-20.92,43,Food,Business,43,Food,Business,,,,,
2026-01-10,2026,1,Capital One CC,CC uploads,UBER *TRIP HELP.UBER.C,UBER *TRIP HELP.UBER.C,-20.92,42,Misc,Business,42,Misc,Business,,,,,
2024-08-19,2024,8,Bank of Marin,2024.xlsx Marin clean,Uber Pending Transaction,Uber Pending Transaction,-20.93,67,Travel,Personal,67,Travel,Personal,,,,,
2023-01-27,2023,1,Capital One CC,CC uploads,FORT LAUDERDALE AIRPOR,FORT LAUDERDALE AIRPOR,-20.94,43,Food,Business,43,Food,Business,,,,,
2026-06-30,2026,6,Capital One CC,CC uploads,APPLE.COM/BILL,APPLE.COM/BILL,-20.99,65,Entertainment,Personal,65,Entertainment,Personal,,,,,
2026-06-01,2026,6,Capital One CC,CC uploads,APPLE.COM/BILL,APPLE.COM/BILL,-20.99,65,Entertainment,Personal,65,Entertainment,Personal,,,,,
2025-09-10,2025,9,Capital One CC,2025 v3.xlsx,AMAZON MKTPL*A14FE48G3,AMAZON MKTPL*A14FE48G3,-21.02,62,Amazon,Personal,62,Amazon,Personal,,,,,
2024-11-21,2024,11,Bank of Marin,2024.xlsx Marin clean,Afe Fire Protectio,Afe Fire Protectio,-21.06,42,Misc,Business,42,Misc,Business,,,,,
2026-01-10,2026,1,Capital One CC,CC uploads,RIP CURL PROPRIETARY L,RIP CURL PROPRIETARY L,-21.27,15,Merchandise,Business,15,Merchandise,Business,,,,,
2025-01-27,2025,1,Capital One CC,2025 v3.xlsx,DD *DOORDASH MACONDOCO,DD *DOORDASH MACONDOCO,-21.32,43,Food,Business,43,Food,Business,,,,,
2024-08-19,2024,8,Bank of Marin,2024.xlsx Marin clean,Uber Pending Transaction,Uber Pending Transaction,-21.34,67,Travel,Personal,67,Travel,Personal,,,,,
2026-05-20,2026,5,Capital One CC,CC uploads,DD *DOORDASH TAHINA,DD *DOORDASH TAHINA,-21.38,43,Food,Business,43,Food,Business,,,,,
2026-05-01,2026,5,Capital One CC,CC uploads,DD *DOORDASH TAHINA,DD *DOORDASH TAHINA,-21.38,43,Food,Business,43,Food,Business,,,,,
2024-06-24,2024,6,Bank of Marin,2024.xlsx Marin clean,Santos Liquors,Santos Liquors,-21.43,43,Food,Business,43,Food,Business,,,,,
2025-12-18,2025,12,Capital One CC,2025 v3.xlsx,Charlie Farleys,Charlie Farleys,-21.61,43,Food,Business,43,Food,Business,,,,,
2026-02-14,2026,2,Capital One CC,CC uploads,TST*DIM SUM BEST OF TA,TST*DIM SUM BEST OF TA,-21.78,43,Food,Business,43,Food,Business,,,,,
2026-03-06,2026,3,Capital One CC,CC uploads,SQ *SIGNAL COFFEE ROAS,SQ *SIGNAL COFFEE ROAS,-21.85,43,Food,Business,43,Food,Business,,,,,
2026-01-08,2026,1,Capital One CC,CC uploads,ROYAL SAVE MART,ROYAL SAVE MART,-21.86,15,Merchandise,Business,15,Merchandise,Business,,,,,
2023-07-10,2023,7,Bank of Marin,BoM master,Chestnut Market,Chestnut Market,-21.87,42,Misc,Business,42,Misc,Business,,,,,
2026-04-17,2026,4,Capital One CC,CC uploads,DD *DOORDASH TAHINA,DD *DOORDASH TAHINA,-21.88,43,Food,Business,43,Food,Business,,,,,
2024-01-02,2024,1,Bank of Marin,2024.xlsx Marin clean,Uber Trip,Uber Trip,-21.91,67,Travel,Personal,67,Travel,Personal,,,,,
2024-01-14,2024,1,Capital One CC,2024.xlsx Capital 1 Clean,STARBUCKS CITYZEN,STARBUCKS CITYZEN,-21.95,43,Food,Business,43,Food,Business,,,,,
2023-01-09,2023,1,Bank of Marin,BoM master,Kaiser Pharm,Kaiser Pharm,-21.95,42,Misc,Business,42,Misc,Business,,,,,
2023-06-20,2023,6,Bank of Marin,BoM master,"AMANDA F LEONG, DDS","AMANDA F LEONG, DDS",-22.0,42,Misc,Business,42,Misc,Business,,,,,
2024-03-08,2024,3,Capital One CC,2024.xlsx Capital 1 Clean,SQ *WESCAFE,SQ *WESCAFE,-22.01,43,Food,Business,43,Food,Business,,,,,
2024-10-21,2024,10,Bank of Marin,2024.xlsx Marin clean,Wescafe Gosq,Wescafe Gosq,-22.15,43,Food,Business,43,Food,Business,,,,,
2025-08-16,2025,8,Capital One CC,2025 v3.xlsx,SQ *WESCAFE,SQ *WESCAFE,-22.15,43,Food,Business,43,Food,Business,,,,,
2026-07-25,2026,7,Capital One CC,CC uploads,DD *DOORDASH TAHINA,DD *DOORDASH TAHINA,-22.16,43,Food,Business,43,Food,Business,,,,,
2026-06-13,2026,6,Capital One CC,CC uploads,DD *DOORDASH TAHINA,DD *DOORDASH TAHINA,-22.17,43,Food,Business,43,Food,Business,,,,,
2023-08-15,2023,8,Bank of Marin,BoM master,DoorDash,DoorDash,-22.28,43,Food,Business,43,Food,Business,,,,,
2023-03-28,2023,3,Bank of Marin,BoM master,Amazon,Amazon,-22.3,62,Amazon,Personal,62,Amazon,Personal,,,,,
2026-07-01,2026,7,Capital One CC,CC uploads,STARBUCKS STORE 63452,STARBUCKS STORE 63452,-22.4,43,Food,Business,43,Food,Business,,,,,
2024-01-13,2024,1,Capital One CC,2024.xlsx Capital 1 Clean,FARMACIA PUERTO JIMENE,FARMACIA PUERTO JIMENE,-22.41,53,Health,Personal,53,Health,Personal,,,,,
2026-02-11,2026,2,Capital One CC,CC uploads,TST*DIM SUM BEST OF TA,TST*DIM SUM BEST OF TA,-22.41,43,Food,Business,43,Food,Business,,,,,
2026-06-02,2026,6,Capital One CC,CC uploads,SQ *J&J RAMOS FARMS,SQ *J&J RAMOS FARMS,-22.44,15,Merchandise,Business,15,Merchandise,Business,,,,,
2026-05-10,2026,5,Capital One CC,CC uploads,SOULSILK FAIRE,SOULSILK FAIRE,-22.5,11,Flowers,Business,11,Flowers,Business,,,,,
2025-08-06,2025,8,Capital One CC,2025 v3.xlsx,PARKIA ARENAL TNA,PARKIA ARENAL TNA,-22.56,31,Car (shop),Business,31,Car (shop),Business,,,,,
2026-02-24,2026,2,Capital One CC,CC uploads,DEEPSTASH,DEEPSTASH,-22.61,15,Merchandise,Business,15,Merchandise,Business,,,,,
2026-01-24,2026,1,Capital One CC,CC uploads,DEEPSTASH,DEEPSTASH,-22.61,15,Merchandise,Business,15,Merchandise,Business,,,,,
2024-07-25,2024,7,Bank of Marin,2024.xlsx Marin clean,DoorDash,DoorDash,-22.7,43,Food,Business,43,Food,Business,,,,,
2025-09-16,2025,9,Capital One CC,2025 v3.xlsx,HOUSE OF MOSS FAIRE,HOUSE OF MOSS FAIRE,-22.75,11,Flowers,Business,11,Flowers,Business,,,,,
2025-06-30,2025,6,Capital One CC,2025 v3.xlsx,DD *DOORDASHCHOLITALIN,DD *DOORDASHCHOLITALIN,-22.75,43,Food,Business,43,Food,Business,,,,,
2025-03-10,2025,3,Capital One CC,2025 v3.xlsx,AMAZON MKTPL*440XW5AZ3,AMAZON MKTPL*440XW5AZ3,-22.79,62,Amazon,Personal,62,Amazon,Personal,,,,,
2023-06-20,2023,6,Bank of Marin,BoM master,Amazon,Amazon,-22.8,62,Amazon,Personal,62,Amazon,Personal,,,,,
2026-02-05,2026,2,Bank of Marin,BoM master,CA Dept of Tax (CDTFA),CDTFA Tax Payment,-22.84,12,Tax,Business,12,Tax,Business,,,,,
2024-08-17,2024,8,Capital One CC,2024.xlsx Capital 1 Clean,EXCELSIOR,EXCELSIOR,-22.89,67,Travel,Personal,67,Travel,Personal,,,,,
2024-04-02,2024,4,Bank of Marin,2024.xlsx Marin clean,Uber Trip,Uber Trip,-22.93,67,Travel,Personal,67,Travel,Personal,,,,,
2026-03-07,2026,3,Capital One CC,CC uploads,PEET'S #28302,PEET'S #28302,-22.94,43,Food,Business,43,Food,Business,,,,,
2025-05-07,2025,5,Bank of Marin,2025 v3.xlsx,Venmo — RECIPIENT UNKNOWN,Transfer to Venmo,-23.0,22,Venmo,Business,22,Venmo,Business,,,,,
2025-05-12,2025,5,Bank of Marin,2025 v3.xlsx,Cke Blue Dot Cafe,Cke Blue Dot Cafe,-23.0,43,Food,Business,43,Food,Business,,,,,
2026-01-03,2026,1,Capital One CC,CC uploads,ARATAKI HONEY,ARATAKI HONEY,-23.12,15,Merchandise,Business,15,Merchandise,Business,,,,,
2025-10-27,2025,10,Capital One CC,2025 v3.xlsx,TRABOCCO K* TRABOCCO K,TRABOCCO K* TRABOCCO K,-23.25,43,Food,Business,43,Food,Business,,,,,
2025-02-27,2025,2,Capital One CC,2025 v3.xlsx,AMAZON MKTPL*NQ76M9NG3,AMAZON MKTPL*NQ76M9NG3,-23.25,62,Amazon,Personal,62,Amazon,Personal,,,,,
2023-04-07,2023,4,Bank of Marin,BoM master,La Penca Azul,La Penca Azul,-23.25,42,Misc,Business,42,Misc,Business,,,,,
2024-04-01,2024,4,Bank of Marin,2024.xlsx Marin clean,Signal Coffee,Signal Coffee,-23.26,43,Food,Business,43,Food,Business,,,,,
2025-04-25,2025,4,Bank of Marin,2025 v3.xlsx,DoorDash,DoorDash,-23.26,43,Food,Business,43,Food,Business,,,,,
2023-01-09,2023,1,Bank of Marin,BoM master,Reginato's Mini Ma,Reginato's Mini Ma,-23.34,31,Car (shop),Business,31,Car (shop),Business,,,,,
2025-07-10,2025,7,Bank of Marin,2025 v3.xlsx,Amazon,Amazon,-23.4,62,Amazon,Personal,62,Amazon,Personal,,,,,
2026-04-16,2026,4,Capital One CC,CC uploads,DD *DOORDASH CALAFIATA,DD *DOORDASH CALAFIATA,-23.47,43,Food,Business,43,Food,Business,,,,,
2025-07-21,2025,7,Capital One CC,2025 v3.xlsx,LA BAGEL DELIGHT - FRO,LA BAGEL DELIGHT - FRO,-23.5,43,Food,Business,43,Food,Business,,,,,
2026-04-06,2026,4,Capital One CC,CC uploads,REDO* RETURN MOLLY AND,REDO* RETURN MOLLY AND,-23.68,15,Merchandise,Business,15,Merchandise,Business,,,,,
2025-05-16,2025,5,Capital One CC,2025 v3.xlsx,AMAZON MKTPL*NW4UW93N0,AMAZON MKTPL*NW4UW93N0,-23.81,62,Amazon,Personal,62,Amazon,Personal,,,,,
2025-08-22,2025,8,Capital One CC,2025 v3.xlsx,AMAZON MKTPL*TY6YW54H3,AMAZON MKTPL*TY6YW54H3,-23.84,62,Amazon,Personal,62,Amazon,Personal,,,,,
2025-07-26,2025,7,Capital One CC,2025 v3.xlsx,LA BRISA,LA BRISA,-23.88,43,Food,Business,43,Food,Business,,,,,
2024-04-22,2024,4,Bank of Marin,2024.xlsx Marin clean,Uber Trip,Uber Trip,-23.93,67,Travel,Personal,67,Travel,Personal,,,,,
2024-10-04,2024,10,Bank of Marin,2024.xlsx Marin clean,Uber Trip,Uber Trip,-23.98,67,Travel,Personal,67,Travel,Personal,,,,,
2024-06-20,2024,6,Bank of Marin,2024.xlsx Marin clean,Venmo — RECIPIENT UNKNOWN,Transfer to Venmo,-24.0,22,Venmo,Business,22,Venmo,Business,,,,,
2024-03-06,2024,3,Capital One CC,2024.xlsx Capital 1 Clean,SQ *WHISK CAKE CREATIO,SQ *WHISK CAKE CREATIO,-24.0,15,Merchandise,Business,15,Merchandise,Business,,,,,
2023-06-13,2023,6,Bank of Marin,BoM master,Green Valley G Rowe San Franc Ca,Green Valley G Rowe San Franc Ca,-24.0,42,Misc,Business,42,Misc,Business,,,,,
2024-11-01,2024,11,Bank of Marin,2024.xlsx Marin clean,Uber Trip,Uber Trip,-24.11,67,Travel,Personal,67,Travel,Personal,,,,,
2025-07-18,2025,7,Capital One CC,2025 v3.xlsx,Scolaris Good Eats,Scolaris Good Eats,-24.19,43,Food,Business,43,Food,Business,,,,,
2025-10-28,2025,10,Capital One CC,2025 v3.xlsx,DD *DOORDASH CHOLITALI,DD *DOORDASH CHOLITALI,-24.21,43,Food,Business,43,Food,Business,,,,,
2024-03-27,2024,3,Capital One CC,2024.xlsx Capital 1 Clean,SQ *SIGNAL COFFEE ROAS,SQ *SIGNAL COFFEE ROAS,-24.22,43,Food,Business,43,Food,Business,,,,,
2025-07-19,2025,7,Capital One CC,2025 v3.xlsx,LGA BEECHERS 6331170,LGA BEECHERS 6331170,-24.22,43,Food,Business,43,Food,Business,,,,,
2025-11-17,2025,11,Capital One CC,2025 v3.xlsx,AMAZON MKTPL*B83SH6GO2,AMAZON MKTPL*B83SH6GO2,-24.35,62,Amazon,Personal,62,Amazon,Personal,,,,,
2023-09-05,2023,9,Bank of Marin,BoM master,Amazon,Amazon,-24.35,62,Amazon,Personal,62,Amazon,Personal,,,,,
2023-05-30,2023,5,Bank of Marin,BoM master,Amazon,Amazon,-24.35,62,Amazon,Personal,62,Amazon,Personal,,,,,
2024-05-12,2024,5,Capital One CC,2024.xlsx Capital 1 Clean,PEET'S #28302,PEET'S #28302,-24.39,43,Food,Business,43,Food,Business,,,,,
2024-08-19,2024,8,Bank of Marin,2024.xlsx Marin clean,Uber Trip,Uber Trip,-24.45,67,Travel,Personal,67,Travel,Personal,,,,,
2025-06-03,2025,6,Capital One CC,2025 v3.xlsx,SQ *FIREBRAND ARTISAN,SQ *FIREBRAND ARTISAN,-24.48,43,Food,Business,43,Food,Business,,,,,
2023-02-13,2023,2,Bank of Marin,BoM master,Amazon,Amazon,-24.48,62,Amazon,Personal,62,Amazon,Personal,,,,,
2026-07-21,2026,7,Capital One CC,CC uploads,DD *DOORDASH HABITBURG,DD *DOORDASH HABITBURG,-24.53,43,Food,Business,43,Food,Business,,,,,
2025-08-22,2025,8,Capital One CC,2025 v3.xlsx,AMAZON MKTPL*MU99F6IB3,AMAZON MKTPL*MU99F6IB3,-24.69,62,Amazon,Personal,62,Amazon,Personal,,,,,
2023-05-01,2023,5,Bank of Marin,BoM master,Amazon,Amazon,-24.72,62,Amazon,Personal,62,Amazon,Personal,,,,,
2024-05-11,2024,5,Capital One CC,2024.xlsx Capital 1 Clean,SQ *WESCAFE,SQ *WESCAFE,-24.75,43,Food,Business,43,Food,Business,,,,,
2024-04-24,2024,4,Bank of Marin,2024.xlsx Marin clean,Wescafe,Wescafe,-24.92,43,Food,Business,43,Food,Business,,,,,
2024-03-18,2024,3,Bank of Marin,2024.xlsx Marin clean,Venmo — RECIPIENT UNKNOWN,Transfer to Venmo,-25.0,22,Venmo,Business,22,Venmo,Business,,,,,
2024-03-18,2024,3,Bank of Marin,2024.xlsx Marin clean,Venmo — RECIPIENT UNKNOWN,Transfer to Venmo,-25.0,22,Venmo,Business,22,Venmo,Business,,,,,
2024-05-01,2024,5,Bank of Marin,2024.xlsx Marin clean,Venmo — RECIPIENT UNKNOWN,Transfer to Venmo,-25.0,22,Venmo,Business,22,Venmo,Business,,,,,
2024-05-20,2024,5,Bank of Marin,2024.xlsx Marin clean,Venmo — RECIPIENT UNKNOWN,Transfer to Venmo,-25.0,22,Venmo,Business,22,Venmo,Business,,,,,
2024-07-18,2024,7,Capital One CC,2024.xlsx Capital 1 Clean,"REVO*PMHBW,LLC","REVO*PMHBW,LLC",-25.0,14,Materials,Business,14,Materials,Business,,,,,
2025-10-08,2025,10,Capital One CC,2025 v3.xlsx,HOSTROCKET.COM,HOSTROCKET.COM,-25.0,41,Need to Stop,Business,41,Need to Stop,Business,,,,,
2026-07-20,2026,7,Bank of Marin,BoM master,Venmo — RECIPIENT UNKNOWN,Transfer to Venmo,-25.0,22,Venmo,Business,22,Venmo,Business,,,,,
2026-05-11,2026,5,Bank of Marin,BoM master,Venmo — RECIPIENT UNKNOWN,Transfer to Venmo,-25.0,22,Venmo,Business,22,Venmo,Business,,,,,
2023-10-19,2023,10,Bank of Marin,BoM master,Kaiser Permanente,Kaiser Permanente,-25.0,42,Misc,Business,42,Misc,Business,,,,,
2023-10-18,2023,10,Bank of Marin,BoM master,Beckmann S Old World,Beckmann S Old World,-25.0,42,Misc,Business,42,Misc,Business,,,,,
2023-12-24,2023,12,Capital One CC,CC uploads,PEETSCOFFEE/MIGHTYLEAF,PEETSCOFFEE/MIGHTYLEAF,-25.0,43,Food,Business,43,Food,Business,,,,,
2024-11-27,2024,11,Capital One CC,2024.xlsx Capital 1 Clean,ALAMEDA NATURAL GROCER,ALAMEDA NATURAL GROCER,-25.06,15,Merchandise,Business,15,Merchandise,Business,,,,,
2024-10-07,2024,10,Capital One CC,2024.xlsx Capital 1 Clean,SEPHORA WALNUT CREEK,SEPHORA WALNUT CREEK,-25.13,15,Merchandise,Business,15,Merchandise,Business,,,,,
2025-08-29,2025,8,Capital One CC,2025 v3.xlsx,SQ *WESCAFE,SQ *WESCAFE,-25.15,43,Food,Business,43,Food,Business,,,,,
2025-03-26,2025,3,Capital One CC,2025 v3.xlsx,HOUSE OF MOSS FAIRE,HOUSE OF MOSS FAIRE,-25.2,11,Flowers,Business,11,Flowers,Business,,,,,
2024-07-17,2024,7,Bank of Marin,2024.xlsx Marin clean,DoorDash,DoorDash,-25.25,43,Food,Business,43,Food,Business,,,,,
2024-10-29,2024,10,Capital One CC,2024.xlsx Capital 1 Clean,GARDENCLEANERS,GARDENCLEANERS,-25.25,14,Materials,Business,14,Materials,Business,,,,,
2023-12-10,2023,12,Capital One CC,CC uploads,SQ *THE ITALIAN HOMEMA,SQ *THE ITALIAN HOMEMA,-25.33,43,Food,Business,43,Food,Business,,,,,
2024-09-03,2024,9,Bank of Marin,2024.xlsx Marin clean,Chargespot Kwun Tong,Chargespot Kwun Tong,-25.41,14,Materials,Business,14,Materials,Business,,,,,
2023-09-06,2023,9,Bank of Marin,BoM master,Amazon,Amazon,-25.42,62,Amazon,Personal,62,Amazon,Personal,,,,,
2023-04-06,2023,4,Bank of Marin,BoM master,Chestnut Market,Chestnut Market,-25.46,42,Misc,Business,42,Misc,Business,,,,,
2024-02-05,2024,2,Bank of Marin,2024.xlsx Marin clean,DoorDash,DoorDash,-25.47,43,Food,Business,43,Food,Business,,,,,
2026-05-23,2026,5,Capital One CC,CC uploads,DD *DOORDASH SWEETGREE,DD *DOORDASH SWEETGREE,-25.59,43,Food,Business,43,Food,Business,,,,,
2024-08-05,2024,8,Capital One CC,2024.xlsx Capital 1 Clean,indianvisaonlineSBIePI,indianvisaonlineSBIePI,-25.63,14,Materials,Business,14,Materials,Business,,,,,
2024-08-15,2024,8,Capital One CC,2024.xlsx Capital 1 Clean,SOURCE ELECTRONICS,SOURCE ELECTRONICS,-25.74,15,Merchandise,Business,15,Merchandise,Business,,,,,
2023-07-03,2023,7,Bank of Marin,BoM master,Eureka Natural Foo,Eureka Natural Foo,-25.76,42,Misc,Business,42,Misc,Business,,,,,
2024-04-15,2024,4,Bank of Marin,2024.xlsx Marin clean,Macondocolombi Anfu,Macondocolombi Anfu,-25.96,42,Misc,Business,42,Misc,Business,,,,,
2024-08-04,2024,8,Capital One CC,2024.xlsx Capital 1 Clean,FATAPPLES EL CERRITO,FATAPPLES EL CERRITO,-26.05,43,Food,Business,43,Food,Business,,,,,
2026-05-13,2026,5,Capital One CC,CC uploads,DD *DOORDASH TAHINA,DD *DOORDASH TAHINA,-26.13,43,Food,Business,43,Food,Business,,,,,
2026-02-28,2026,2,Capital One CC,CC uploads,DD *DOORDASH SWEETGREE,DD *DOORDASH SWEETGREE,-26.21,43,Food,Business,43,Food,Business,,,,,
2024-07-28,2024,7,Capital One CC,2024.xlsx Capital 1 Clean,HOUSE OF MOSS FAIRE,HOUSE OF MOSS FAIRE,-26.25,11,Flowers,Business,11,Flowers,Business,,,,,
2026-02-14,2026,2,Capital One CC,CC uploads,SQ *SIGNAL COFFEE ROAS,SQ *SIGNAL COFFEE ROAS,-26.28,43,Food,Business,43,Food,Business,,,,,
2023-02-06,2023,2,Bank of Marin,BoM master,ARCO,ARCO,-26.36,31,Car (shop),Business,31,Car (shop),Business,,,,,
2024-01-03,2024,1,Bank of Marin,2024.xlsx Marin clean,Wescafe,Wescafe,-26.43,43,Food,Business,43,Food,Business,,,,,
2025-07-21,2025,7,Bank of Marin,2025 v3.xlsx,Amazon,Amazon,-26.5,62,Amazon,Personal,62,Amazon,Personal,,,,,
2023-09-21,2023,9,Capital One CC,CC uploads,"SQ *DELANO NURSERY, IN","SQ *DELANO NURSERY, IN",-26.52,15,Merchandise,Business,15,Merchandise,Business,,,,,
2026-04-30,2026,4,Capital One CC,CC uploads,PAGANO S HARDWARE TOWN,PAGANO S HARDWARE TOWN,-26.54,15,Merchandise,Business,15,Merchandise,Business,,,,,
2023-08-16,2023,8,Bank of Marin,BoM master,Amazon,Amazon,-26.57,62,Amazon,Personal,62,Amazon,Personal,,,,,
2024-10-07,2024,10,Bank of Marin,2024.xlsx Marin clean,DoorDash,DoorDash,-26.58,43,Food,Business,43,Food,Business,,,,,
2024-12-23,2024,12,Bank of Marin,2024.xlsx Marin clean,DoorDash,DoorDash,-26.58,43,Food,Business,43,Food,Business,,,,,
2023-04-17,2023,4,Bank of Marin,BoM master,Amazon,Amazon,-26.58,62,Amazon,Personal,62,Amazon,Personal,,,,,
2026-07-19,2026,7,Capital One CC,CC uploads,DD *DOORDASH MANGOMINT,DD *DOORDASH MANGOMINT,-26.58,43,Food,Business,43,Food,Business,,,,,
2025-09-13,2025,9,Capital One CC,2025 v3.xlsx,DD *DOORDASH TAHINA,DD *DOORDASH TAHINA,-26.6,43,Food,Business,43,Food,Business,,,,,
2024-03-06,2024,3,Capital One CC,2024.xlsx Capital 1 Clean,SANTOS LIQUORS,SANTOS LIQUORS,-26.68,15,Merchandise,Business,15,Merchandise,Business,,,,,
2025-08-23,2025,8,Capital One CC,2025 v3.xlsx,DD *DOORDASH FIVEGUYSB,DD *DOORDASH FIVEGUYSB,-26.69,43,Food,Business,43,Food,Business,,,,,
2023-06-21,2023,6,Bank of Marin,BoM master,Chestnut Market,Chestnut Market,-26.69,42,Misc,Business,42,Misc,Business,,,,,
2024-01-06,2024,1,Capital One CC,2024.xlsx Capital 1 Clean,BAR MAKAI,BAR MAKAI,-26.75,43,Food,Business,43,Food,Business,,,,,
2023-07-11,2023,7,Bank of Marin,BoM master,DoorDash,DoorDash,-26.82,43,Food,Business,43,Food,Business,,,,,
2026-02-23,2026,2,Capital One CC,CC uploads,RAMSHAW ACE HDWE,RAMSHAW ACE HDWE,-26.84,15,Merchandise,Business,15,Merchandise,Business,,,,,
2023-09-11,2023,9,Bank of Marin,BoM master,Amazon,Amazon,-26.9,62,Amazon,Personal,62,Amazon,Personal,,,,,
2024-04-02,2024,4,Bank of Marin,2024.xlsx Marin clean,Uber Trip,Uber Trip,-26.91,67,Travel,Personal,67,Travel,Personal,,,,,
2023-08-28,2023,8,Bank of Marin,BoM master,Omo Shoreline Car,Omo Shoreline Car,-26.99,44,Car,Business,44,Car,Business,,,,,
2024-08-06,2024,8,Capital One CC,2024.xlsx Capital 1 Clean,MT. EDEN FLORAL COMPAN,MT. EDEN FLORAL COMPAN,-27.0,15,Merchandise,Business,15,Merchandise,Business,,,,,
2026-06-12,2026,6,Capital One CC,CC uploads,PEET'S #08402,PEET'S #08402,-27.09,43,Food,Business,43,Food,Business,,,,,
2023-11-20,2023,11,Capital One CC,CC uploads,AMANDA F LEONG DDS PC,AMANDA F LEONG DDS PC,-27.2,42,Misc,Business,42,Misc,Business,,,,,
2026-01-10,2026,1,Capital One CC,CC uploads,BRUNETTI AIRPORTS PTY,BRUNETTI AIRPORTS PTY,-27.2,43,Food,Business,43,Food,Business,,,,,
2024-04-16,2024,4,Capital One CC,2024.xlsx Capital 1 Clean,SQ *WESCAFE,SQ *WESCAFE,-27.25,43,Food,Business,43,Food,Business,,,,,
2024-05-23,2024,5,Capital One CC,2024.xlsx Capital 1 Clean,PIZZA HUT 004269,PIZZA HUT 004269,-27.35,43,Food,Business,43,Food,Business,,,,,
2024-05-23,2024,5,Capital One CC,2024.xlsx Capital 1 Clean,PURCHASE ADJUSTMENT,PURCHASE ADJUSTMENT,-27.35,43,Food,Business,43,Food,Business,,,,,
2025-02-04,2025,2,Bank of Marin,2025 v3.xlsx,Wescafe Alameda Ca,Wescafe Alameda Ca,-27.44,43,Food,Business,43,Food,Business,,,,,
2026-05-11,2026,5,Bank of Marin,BoM master,Wescafe,Wescafe,-27.47,43,Food,Business,43,Food,Business,,,,,
2023-07-31,2023,7,Capital One CC,CC uploads,CNN ST1528,CNN ST1528,-27.62,15,Merchandise,Business,15,Merchandise,Business,,,,,
2024-11-01,2024,11,Bank of Marin,2024.xlsx Marin clean,Alpine Hearing Inc,Alpine Hearing Inc,-27.63,53,Health,Personal,53,Health,Personal,,,,,
2025-07-09,2025,7,Capital One CC,2025 v3.xlsx,AMAZON MKTPL*NL4QW2ZA1,AMAZON MKTPL*NL4QW2ZA1,-27.66,62,Amazon,Personal,62,Amazon,Personal,,,,,
2023-01-09,2023,1,Bank of Marin,BoM master,Amazon,Amazon,-27.68,62,Amazon,Personal,62,Amazon,Personal,,,,,
2023-04-14,2023,4,Capital One CC,CC uploads,LA PENCA A* LA PENCA A,LA PENCA A* LA PENCA A,-27.68,43,Food,Business,43,Food,Business,,,,,
2023-10-24,2023,10,Bank of Marin,BoM master,Deluxe Check,Deluxe Check,-27.75,35,SBA / Admin,Business,35,SBA / Admin,Business,,,,,
2026-01-08,2026,1,Capital One CC,CC uploads,BOARDERTOWN,BOARDERTOWN,-27.78,15,Merchandise,Business,15,Merchandise,Business,,,,,
2026-01-08,2026,1,Capital One CC,CC uploads,BAMBOO HOUSE,BAMBOO HOUSE,-27.79,43,Food,Business,43,Food,Business,,,,,
2023-10-18,2023,10,Bank of Marin,BoM master,DoorDash,DoorDash,-27.82,43,Food,Business,43,Food,Business,,,,,
2023-10-02,2023,10,Bank of Marin,BoM master,Chestnut Market,Chestnut Market,-27.84,42,Misc,Business,42,Misc,Business,,,,,
2023-04-13,2023,4,Bank of Marin,BoM master,Amazon,Amazon,-27.89,62,Amazon,Personal,62,Amazon,Personal,,,,,
2024-05-02,2024,5,Capital One CC,2024.xlsx Capital 1 Clean,SQ *WESCAFE,SQ *WESCAFE,-27.9,43,Food,Business,43,Food,Business,,,,,
2023-09-05,2023,9,Bank of Marin,BoM master,Wescafe Gosq,Wescafe Gosq,-28.07,43,Food,Business,43,Food,Business,,,,,
2023-10-10,2023,10,Bank of Marin,BoM master,Chestnut Market,Chestnut Market,-28.14,42,Misc,Business,42,Misc,Business,,,,,
2025-06-21,2025,6,Capital One CC,2025 v3.xlsx,TST*DIM SUM BEST OF TA,TST*DIM SUM BEST OF TA,-28.21,43,Food,Business,43,Food,Business,,,,,
2025-11-22,2025,11,Capital One CC,2025 v3.xlsx,AMAZON MKTPL*B08L13752,AMAZON MKTPL*B08L13752,-28.4,62,Amazon,Personal,62,Amazon,Personal,,,,,
2025-05-28,2025,5,Capital One CC,2025 v3.xlsx,Grace Nursery,GRACE NURSERY INC,-28.44,11,Flowers,Business,11,Flowers,Business,,,,,
2026-01-16,2026,1,Capital One CC,CC uploads,DD *DOORDASH CHOLITALI,DD *DOORDASH CHOLITALI,-28.47,43,Food,Business,43,Food,Business,,,,,
2024-12-05,2024,12,Capital One CC,2024.xlsx Capital 1 Clean,MT. EDEN FLORAL COMPAN,MT. EDEN FLORAL COMPAN,-28.56,15,Merchandise,Business,15,Merchandise,Business,,,,,
2023-02-06,2023,2,Bank of Marin,BoM master,ARCO,ARCO,-28.61,31,Car (shop),Business,31,Car (shop),Business,,,,,
2023-02-17,2023,2,Bank of Marin,BoM master,Omo Shoreline Car,Omo Shoreline Car,-28.65,44,Car,Business,44,Car,Business,,,,,
2023-04-19,2023,4,Bank of Marin,BoM master,Amazon,Amazon,-28.74,62,Amazon,Personal,62,Amazon,Personal,,,,,
2025-03-11,2025,3,Capital One CC,2025 v3.xlsx,AMAZON MKTPL*OZ2XB44Z3,AMAZON MKTPL*OZ2XB44Z3,-28.8,62,Amazon,Personal,62,Amazon,Personal,,,,,
2026-06-17,2026,6,Capital One CC,CC uploads,HOMESENSE #1156,HOMESENSE #1156,-28.84,15,Merchandise,Business,15,Merchandise,Business,,,,,
2025-03-04,2025,3,Capital One CC,2025 v3.xlsx,DD *DOORDASH TUCKERSIC,DD *DOORDASH TUCKERSIC,-28.93,43,Food,Business,43,Food,Business,,,,,
2025-11-29,2025,11,Capital One CC,2025 v3.xlsx,AMAZON MKTPL*BB96M6092,AMAZON MKTPL*BB96M6092,-28.97,62,Amazon,Personal,62,Amazon,Personal,,,,,
2026-07-24,2026,7,Capital One CC,CC uploads,DD *DOORDASH SWEETGREE,DD *DOORDASH SWEETGREE,-28.97,43,Food,Business,43,Food,Business,,,,,
2024-04-01,2024,4,Bank of Marin,2024.xlsx Marin clean,Uber Trip,Uber Trip,-28.98,67,Travel,Personal,67,Travel,Personal,,,,,
2026-01-08,2026,1,Capital One CC,CC uploads,GLASSONS,GLASSONS,-28.98,15,Merchandise,Business,15,Merchandise,Business,,,,,
2024-10-22,2024,10,Bank of Marin,2024.xlsx Marin clean,Shoreline Car Wash,Shoreline Car Wash,-28.99,31,Car (shop),Business,31,Car (shop),Business,,,,,
2024-10-04,2024,10,Capital One CC,2024.xlsx Capital 1 Clean,SHORELINE CAR WASH,SHORELINE CAR WASH,-28.99,31,Car (shop),Business,31,Car (shop),Business,,,,,
2024-03-14,2024,3,Capital One CC,2024.xlsx Capital 1 Clean,TARGET.COM  *,TARGET.COM  *,-29.0,15,Merchandise,Business,15,Merchandise,Business,,,,,
2023-11-21,2023,11,Capital One CC,CC uploads,FLORAL SUPPLY SYND #1,FLORAL SUPPLY SYND #1,-29.0,11,Flowers,Business,11,Flowers,Business,,,,,
2023-07-06,2023,7,Bank of Marin,BoM master,Amazon,Amazon,-29.08,62,Amazon,Personal,62,Amazon,Personal,,,,,
2025-09-12,2025,9,Capital One CC,2025 v3.xlsx,AMAZON MKTPL*QV9WK9T63,AMAZON MKTPL*QV9WK9T63,-29.2,62,Amazon,Personal,62,Amazon,Personal,,,,,
2026-07-03,2026,7,Capital One CC,CC uploads,DD *DOORDASH CHINAVILL,DD *DOORDASH CHINAVILL,-29.25,43,Food,Business,43,Food,Business,,,,,
2026-01-05,2026,1,Capital One CC,CC uploads,DD *DOORDASH CHINAVILL,DD *DOORDASH CHINAVILL,-29.25,43,Food,Business,43,Food,Business,,,,,
2025-10-18,2025,10,Capital One CC,2025 v3.xlsx,Amazon.com*NU6GA2LZ0,Amazon.com*NU6GA2LZ0,-29.26,62,Amazon,Personal,62,Amazon,Personal,,,,,
2023-02-21,2023,2,Bank of Marin,BoM master,Safeway Fuel,Safeway Fuel,-29.28,31,Car (shop),Business,31,Car (shop),Business,,,,,
2025-06-04,2025,6,Capital One CC,2025 v3.xlsx,SQ *WESCAFE,SQ *WESCAFE,-29.34,43,Food,Business,43,Food,Business,,,,,
2024-04-18,2024,4,Capital One CC,2024.xlsx Capital 1 Clean,FLORAL SUPPLY SYND #1,FLORAL SUPPLY SYND #1,-29.4,11,Flowers,Business,11,Flowers,Business,,,,,
2025-07-25,2025,7,Capital One CC,2025 v3.xlsx,PUERTO LATINO TURRONES,PUERTO LATINO TURRONES,-29.4,43,Food,Business,43,Food,Business,,,,,
2023-11-02,2023,11,Capital One CC,CC uploads,FLORAL SUPPLY SYND #1,FLORAL SUPPLY SYND #1,-29.4,11,Flowers,Business,11,Flowers,Business,,,,,
2023-07-14,2023,7,Bank of Marin,BoM master,Amazon,Amazon,-29.46,62,Amazon,Personal,62,Amazon,Personal,,,,,
2024-09-01,2024,9,Capital One CC,2024.xlsx Capital 1 Clean,MTR-AIRPORT STATI03000,MTR-AIRPORT STATI03000,-29.51,67,Travel,Personal,67,Travel,Personal,,,,,
2026-04-07,2026,4,Capital One CC,CC uploads,DD *DOORDASH SWEETGREE,DD *DOORDASH SWEETGREE,-29.53,43,Food,Business,43,Food,Business,,,,,
2025-10-27,2025,10,Capital One CC,2025 v3.xlsx,AMAZON MKTPL*N42OG6EF1,AMAZON MKTPL*N42OG6EF1,-29.59,62,Amazon,Personal,62,Amazon,Personal,,,,,
2024-03-25,2024,3,Bank of Marin,2024.xlsx Marin clean,Greens & Grain,Greens & Grain,-29.7,42,Misc,Business,42,Misc,Business,,,,,
2024-08-10,2024,8,Capital One CC,2024.xlsx Capital 1 Clean,TACO BELL 30745,TACO BELL 30745,-29.76,43,Food,Business,43,Food,Business,,,,,
2023-09-05,2023,9,Bank of Marin,BoM master,Chestnut Market,Chestnut Market,-29.77,42,Misc,Business,42,Misc,Business,,,,,
2026-06-16,2026,6,Capital One CC,CC uploads,Grace Nursery,GRACE NURSERY INC,-29.83,11,Flowers,Business,11,Flowers,Business,,,,,
2023-02-08,2023,2,Bank of Marin,BoM master,Amazon,Amazon,-29.88,62,Amazon,Personal,62,Amazon,Personal,,,,,
2024-09-16,2024,9,Bank of Marin,2024.xlsx Marin clean,Mango,Mango,-29.9,43,Food,Business,43,Food,Business,,,,,
2026-07-16,2026,7,Capital One CC,CC uploads,DD *DOORDASH SWEETGREE,DD *DOORDASH SWEETGREE,-29.97,43,Food,Business,43,Food,Business,,,,,
2025-01-24,2025,1,Capital One CC,2025 v3.xlsx,SP BEERPRESSUREGAME,SP BEERPRESSUREGAME,-29.98,15,Merchandise,Business,15,Merchandise,Business,,,,,
2025-10-22,2025,10,Capital One CC,2025 v3.xlsx,AMAZON MKTPL*NM8OQ1WC2,AMAZON MKTPL*NM8OQ1WC2,-29.99,62,Amazon,Personal,62,Amazon,Personal,,,,,
2023-08-30,2023,8,Bank of Marin,BoM master,Apple,Apple,-29.99,65,Entertainment,Personal,65,Entertainment,Personal,,,,,
2024-05-28,2024,5,Bank of Marin,2024.xlsx Marin clean,Penny a Bunch,Penny a Bunch,-30.0,42,Misc,Business,42,Misc,Business,,,,,
2024-01-03,2024,1,Capital One CC,2024.xlsx Capital 1 Clean,INTUIT *QBooks Online,INTUIT *QBooks Online,-30.0,15,Merchandise,Business,15,Merchandise,Business,,,,,
2024-02-03,2024,2,Capital One CC,2024.xlsx Capital 1 Clean,INTUIT *QBooks Online,INTUIT *QBooks Online,-30.0,15,Merchandise,Business,15,Merchandise,Business,,,,,
2024-02-27,2024,2,Capital One CC,2024.xlsx Capital 1 Clean,SQ *GREEN VALLEY GROWE,SQ *GREEN VALLEY GROWE,-30.0,15,Merchandise,Business,15,Merchandise,Business,,,,,
2024-03-03,2024,3,Capital One CC,2024.xlsx Capital 1 Clean,INTUIT *QBooks Online,INTUIT *QBooks Online,-30.0,15,Merchandise,Business,15,Merchandise,Business,,,,,
2024-04-03,2024,4,Capital One CC,2024.xlsx Capital 1 Clean,INTUIT *QBooks Online,INTUIT *QBooks Online,-30.0,15,Merchandise,Business,15,Merchandise,Business,,,,,
2024-05-03,2024,5,Capital One CC,2024.xlsx Capital 1 Clean,INTUIT *QBooks Online,INTUIT *QBooks Online,-30.0,15,Merchandise,Business,15,Merchandise,Business,,,,,
2024-05-19,2024,5,Capital One CC,2024.xlsx Capital 1 Clean,PTO JIMEN SOUVENIR SHO,PTO JIMEN SOUVENIR SHO,-30.0,15,Merchandise,Business,15,Merchandise,Business,,,,,
2024-09-06,2024,9,Capital One CC,2024.xlsx Capital 1 Clean,REI.COM  800-426-4840,REI.COM  800-426-4840,-30.0,15,Merchandise,Business,15,Merchandise,Business,,,,,
2026-07-20,2026,7,Bank of Marin,BoM master,Venmo — RECIPIENT UNKNOWN,Transfer to Venmo,-30.0,22,Venmo,Business,22,Venmo,Business,,,,,
2023-09-05,2023,9,Bank of Marin,BoM master,Intuit QuickBooks,Intuit QuickBooks,-30.0,42,Misc,Business,42,Misc,Business,,,,,
2023-08-04,2023,8,Bank of Marin,BoM master,Intuit QuickBooks,Intuit QuickBooks,-30.0,42,Misc,Business,42,Misc,Business,,,,,
2023-07-05,2023,7,Bank of Marin,BoM master,Intuit QuickBooks,Intuit QuickBooks,-30.0,42,Misc,Business,42,Misc,Business,,,,,
2023-06-05,2023,6,Bank of Marin,BoM master,Intuit QuickBooks,Intuit QuickBooks,-30.0,42,Misc,Business,42,Misc,Business,,,,,
2023-05-04,2023,5,Bank of Marin,BoM master,Intuit QuickBooks,Intuit QuickBooks,-30.0,42,Misc,Business,42,Misc,Business,,,,,
2023-04-10,2023,4,Bank of Marin,BoM master,7-Eleven,7-Eleven,-30.0,31,Car (shop),Business,31,Car (shop),Business,,,,,
2023-04-04,2023,4,Bank of Marin,BoM master,Intuit QuickBooks,Intuit QuickBooks,-30.0,42,Misc,Business,42,Misc,Business,,,,,
2023-03-06,2023,3,Bank of Marin,BoM master,Intuit QuickBooks,Intuit QuickBooks,-30.0,42,Misc,Business,42,Misc,Business,,,,,
2023-02-17,2023,2,Bank of Marin,BoM master,Intuit QuickBooks,Intuit QuickBooks,-30.0,42,Misc,Business,42,Misc,Business,,,,,
2023-01-04,2023,1,Bank of Marin,BoM master,Intuit QuickBooks,Intuit QuickBooks,-30.0,42,Misc,Business,42,Misc,Business,,,,,
2023-12-03,2023,12,Capital One CC,CC uploads,INTUIT *QBooks Online,INTUIT *QBooks Online,-30.0,15,Merchandise,Business,15,Merchandise,Business,,,,,
2023-11-03,2023,11,Capital One CC,CC uploads,INTUIT *QBooks Online,INTUIT *QBooks Online,-30.0,15,Merchandise,Business,15,Merchandise,Business,,,,,
2023-10-04,2023,10,Capital One CC,CC uploads,INTUIT *QBooks Online,INTUIT *QBooks Online,-30.0,15,Merchandise,Business,15,Merchandise,Business,,,,,
2023-08-18,2023,8,Capital One CC,CC uploads,SQ *GREEN VALLEY GROWE,SQ *GREEN VALLEY GROWE,-30.0,15,Merchandise,Business,15,Merchandise,Business,,,,,
2023-12-09,2023,12,Capital One CC,CC uploads,EXXON ALAMEDA FUEL MAR,EXXON ALAMEDA FUEL MAR,-30.09,31,Car (shop),Business,31,Car (shop),Business,,,,,
2023-03-28,2023,3,Capital One CC,CC uploads,FLORAL SUPPLY SYND #1,FLORAL SUPPLY SYND #1,-30.1,11,Flowers,Business,11,Flowers,Business,,,,,
2024-10-07,2024,10,Bank of Marin,2024.xlsx Marin clean,Shell,Shell,-30.14,31,Car (shop),Business,31,Car (shop),Business,,,,,
2023-08-14,2023,8,Bank of Marin,BoM master,Chestnut Market,Chestnut Market,-30.21,42,Misc,Business,42,Misc,Business,,,,,
2023-10-05,2023,10,Capital One CC,CC uploads,PIEDMONT ECOM 205,PIEDMONT ECOM 205,-30.25,65,Entertainment,Personal,65,Entertainment,Personal,,,,,
2024-07-29,2024,7,Bank of Marin,2024.xlsx Marin clean,DoorDash,DoorDash,-30.29,43,Food,Business,43,Food,Business,,,,,
2023-04-24,2023,4,Bank of Marin,BoM master,China Villa,China Villa,-30.47,42,Misc,Business,42,Misc,Business,,,,,
2025-12-24,2025,12,Capital One CC,2025 v3.xlsx,DD *DOORDASH SUSHIMORE,DD *DOORDASH SUSHIMORE,-30.51,43,Food,Business,43,Food,Business,,,,,
2025-02-11,2025,2,Bank of Marin,2025 v3.xlsx,DoorDash,DoorDash,-30.69,43,Food,Business,43,Food,Business,,,,,
2025-05-15,2025,5,Capital One CC,2025 v3.xlsx,AMAZON MKTPL*NZ1LR3ZW2,AMAZON MKTPL*NZ1LR3ZW2,-30.82,62,Amazon,Personal,62,Amazon,Personal,,,,,
2023-02-13,2023,2,Bank of Marin,BoM master,Wescafe Alameda Ca,Wescafe Alameda Ca,-30.84,43,Food,Business,43,Food,Business,,,,,
2024-02-15,2024,2,Capital One CC,2024.xlsx Capital 1 Clean,SAN FRANCISCO FLOWER M,SAN FRANCISCO FLOWER M,-31.0,15,Merchandise,Business,15,Merchandise,Business,,,,,
2024-03-07,2024,3,Capital One CC,2024.xlsx Capital 1 Clean,SAN FRANCISCO FLOWER M,SAN FRANCISCO FLOWER M,-31.0,15,Merchandise,Business,15,Merchandise,Business,,,,,
2025-12-27,2025,12,Capital One CC,2025 v3.xlsx,Marion's,Marion's,-31.0,43,Food,Business,43,Food,Business,,,,,
2023-11-02,2023,11,Capital One CC,CC uploads,SAN FRANCISCO FLOWER M,SAN FRANCISCO FLOWER M,-31.0,15,Merchandise,Business,15,Merchandise,Business,,,,,
2023-10-05,2023,10,Capital One CC,CC uploads,SAN FRANCISCO FLOWER M,SAN FRANCISCO FLOWER M,-31.0,15,Merchandise,Business,15,Merchandise,Business,,,,,
2024-10-16,2024,10,Capital One CC,2024.xlsx Capital 1 Clean,DD *DOORDASH LAPENCAAZ,DD *DOORDASH LAPENCAAZ,-31.1,43,Food,Business,43,Food,Business,,,,,
2024-01-27,2024,1,Capital One CC,2024.xlsx Capital 1 Clean,CHEVRON 0090290,CHEVRON 0090290,-31.16,31,Car (shop),Business,31,Car (shop),Business,,,,,
2024-05-01,2024,5,Capital One CC,2024.xlsx Capital 1 Clean,GARDENCLEANERS,GARDENCLEANERS,-31.25,14,Materials,Business,14,Materials,Business,,,,,
2023-04-21,2023,4,Capital One CC,CC uploads,COAST WHOLESALE FLORIS,COAST WHOLESALE FLORIS,-31.25,11,Flowers,Business,11,Flowers,Business,,,,,
2024-07-29,2024,7,Bank of Marin,2024.xlsx Marin clean,DoorDash,DoorDash,-31.39,43,Food,Business,43,Food,Business,,,,,
2024-03-20,2024,3,Bank of Marin,2024.xlsx Marin clean,In N Out,In N Out,-31.4,43,Food,Business,43,Food,Business,,,,,
2025-06-02,2025,6,Capital One CC,2025 v3.xlsx,Google ADS5237369439,Google ADS5237369439,-31.4,23,Ads & Subscriptions,Business,23,Ads & Subscriptions,Business,,,,,
2026-06-14,2026,6,Capital One CC,CC uploads,SNACK* WICKED STAR,SNACK* WICKED STAR,-31.44,43,Food,Business,43,Food,Business,,,,,
2023-12-06,2023,12,Bank of Marin,BoM master,Zut on Fourth,Zut on Fourth,-31.46,42,Misc,Business,42,Misc,Business,,,,,
2025-10-07,2025,10,Capital One CC,2025 v3.xlsx,DD *DOORDASH TAHINA,DD *DOORDASH TAHINA,-31.56,43,Food,Business,43,Food,Business,,,,,
2024-11-04,2024,11,Bank of Marin,2024.xlsx Marin clean,DoorDash,DoorDash,-31.64,43,Food,Business,43,Food,Business,,,,,
2023-07-24,2023,7,Bank of Marin,BoM master,Check #5046 — PAYEE UNKNOWN,Check #5046,-31.72,11,Flowers,Business,11,Flowers,Business,,,,,
2026-04-03,2026,4,Capital One CC,CC uploads,DD *DOORDASH TOOMIESTH,DD *DOORDASH TOOMIESTH,-31.77,43,Food,Business,43,Food,Business,,,,,
2026-01-05,2026,1,Capital One CC,CC uploads,Cotton On 9927,Cotton On 9927,-31.78,15,Merchandise,Business,15,Merchandise,Business,,,,,
2026-01-05,2026,1,Capital One CC,CC uploads,Chantal,Chantal,-31.89,15,Merchandise,Business,15,Merchandise,Business,,,,,
2025-12-01,2025,12,Capital One CC,2025 v3.xlsx,AMAZON MKTPL*B215L2W10,AMAZON MKTPL*B215L2W10,-31.96,62,Amazon,Personal,62,Amazon,Personal,,,,,
2024-01-30,2024,1,Bank of Marin,2024.xlsx Marin clean,Apple,Apple,-31.98,65,Entertainment,Personal,65,Entertainment,Personal,,,,,
2024-10-27,2024,10,Capital One CC,2024.xlsx Capital 1 Clean,APPLE.COM/BILL,APPLE.COM/BILL,-31.98,65,Entertainment,Personal,65,Entertainment,Personal,,,,,
2023-02-15,2023,2,Capital One CC,CC uploads,MT EDEN FLORAL COMPANY,MT EDEN FLORAL COMPANY,-32.0,11,Flowers,Business,11,Flowers,Business,,,,,
2025-01-07,2025,1,Bank of Marin,2025 v3.xlsx,DoorDash,DoorDash,-32.07,43,Food,Business,43,Food,Business,,,,,
2024-08-09,2024,8,Capital One CC,2024.xlsx Capital 1 Clean,SQ *WESCAFE,SQ *WESCAFE,-32.11,43,Food,Business,43,Food,Business,,,,,
2025-05-15,2025,5,Capital One CC,2025 v3.xlsx,AMAZON MKTPL*NW3XX54F1,AMAZON MKTPL*NW3XX54F1,-32.11,62,Amazon,Personal,62,Amazon,Personal,,,,,
2023-08-14,2023,8,Bank of Marin,BoM master,Alameda Cinema Gri,Alameda Cinema Gri,-32.15,42,Misc,Business,42,Misc,Business,,,,,
2025-02-14,2025,2,Bank of Marin,2025 v3.xlsx,Pizzeria Papp,Pizzeria Papp,-32.18,43,Food,Business,43,Food,Business,,,,,
2025-07-21,2025,7,Capital One CC,2025 v3.xlsx,TST* BAR LUNATICO,TST* BAR LUNATICO,-32.21,43,Food,Business,43,Food,Business,,,,,
2023-07-06,2023,7,Bank of Marin,BoM master,Aci Slsan,Aci Slsan,-32.33,33,Utilities,Business,33,Utilities,Business,,,,,
2023-06-05,2023,6,Bank of Marin,BoM master,Aci Slsan,Aci Slsan,-32.33,42,Misc,Business,42,Misc,Business,,,,,
2023-05-02,2023,5,Bank of Marin,BoM master,Aci Slsan,Aci Slsan,-32.33,33,Utilities,Business,33,Utilities,Business,,,,,
2023-04-05,2023,4,Bank of Marin,BoM master,Aci Slsan,Aci Slsan,-32.33,33,Utilities,Business,33,Utilities,Business,,,,,
2023-03-03,2023,3,Bank of Marin,BoM master,Aci Slsan,Aci Slsan,-32.33,33,Utilities,Business,33,Utilities,Business,,,,,
2023-02-03,2023,2,Bank of Marin,BoM master,Aci Slsan,Aci Slsan,-32.33,33,Utilities,Business,33,Utilities,Business,,,,,
2023-04-24,2023,4,Bank of Marin,BoM master,Amazon,Amazon,-32.49,62,Amazon,Personal,62,Amazon,Personal,,,,,
2024-05-19,2024,5,Capital One CC,2024.xlsx Capital 1 Clean,CORCOVADO BM,CORCOVADO BM,-32.52,15,Merchandise,Business,15,Merchandise,Business,,,,,
2026-06-25,2026,6,Capital One CC,CC uploads,FARM SIMILARES SUC 34,FARM SIMILARES SUC 34,-32.58,42,Misc,Business,42,Misc,Business,,,,,
2026-04-28,2026,4,Capital One CC,CC uploads,SQ *J&J RAMOS FARMS,SQ *J&J RAMOS FARMS,-32.64,15,Merchandise,Business,15,Merchandise,Business,,,,,
2024-08-14,2024,8,Capital One CC,2024.xlsx Capital 1 Clean,THE GIN COMPANY,THE GIN COMPANY,-32.72,15,Merchandise,Business,15,Merchandise,Business,,,,,
2025-04-09,2025,4,Capital One CC,2025 v3.xlsx,AMAZON MKTPL*IY1884TJ3,AMAZON MKTPL*IY1884TJ3,-32.77,62,Amazon,Personal,62,Amazon,Personal,,,,,
2025-05-17,2025,5,Capital One CC,2025 v3.xlsx,SAFEWAY FUEL2708,SAFEWAY FUEL2708,-32.83,31,Car (shop),Business,31,Car (shop),Business,,,,,
2025-10-16,2025,10,Capital One CC,2025 v3.xlsx,AMAZON MKTPL*NM8KS2ZN2,AMAZON MKTPL*NM8KS2ZN2,-32.89,62,Amazon,Personal,62,Amazon,Personal,,,,,
2023-12-21,2023,12,Bank of Marin,BoM master,Crunch Fitness,Crunch Fitness,-32.99,42,Misc,Business,42,Misc,Business,,,,,
2023-11-21,2023,11,Bank of Marin,BoM master,Crunch Fitness,Crunch Fitness,-32.99,42,Misc,Business,42,Misc,Business,,,,,
2023-10-23,2023,10,Bank of Marin,BoM master,Crunch Fitness,Crunch Fitness,-32.99,42,Misc,Business,42,Misc,Business,,,,,
2023-09-21,2023,9,Bank of Marin,BoM master,Crunch Fitness,Crunch Fitness,-32.99,42,Misc,Business,42,Misc,Business,,,,,
2023-08-21,2023,8,Bank of Marin,BoM master,Crunch Fitness,Crunch Fitness,-32.99,42,Misc,Business,42,Misc,Business,,,,,
2023-07-21,2023,7,Bank of Marin,BoM master,Crunch Fitness,Crunch Fitness,-32.99,42,Misc,Business,42,Misc,Business,,,,,
2023-06-21,2023,6,Bank of Marin,BoM master,Crunch Fitness,Crunch Fitness,-32.99,42,Misc,Business,42,Misc,Business,,,,,
2023-05-22,2023,5,Bank of Marin,BoM master,Crunch Fitness,Crunch Fitness,-32.99,42,Misc,Business,42,Misc,Business,,,,,
2023-04-21,2023,4,Bank of Marin,BoM master,Crunch Fitness,Crunch Fitness,-32.99,42,Misc,Business,42,Misc,Business,,,,,
2023-03-23,2023,3,Bank of Marin,BoM master,Crunch Alame Da,Crunch Alame Da,-32.99,65,Entertainment,Personal,65,Entertainment,Personal,,,,,
2024-04-18,2024,4,Capital One CC,2024.xlsx Capital 1 Clean,SQ *PENNY A BUNCH,SQ *PENNY A BUNCH,-33.0,15,Merchandise,Business,15,Merchandise,Business,,,,,
2023-12-15,2023,12,Bank of Marin,BoM master,Penny a Bunch Alameda Ca,Penny a Bunch Alameda Ca,-33.0,42,Misc,Business,42,Misc,Business,,,,,
2023-06-08,2023,6,Bank of Marin,BoM master,Penny a Bunch,Penny a Bunch,-33.0,42,Misc,Business,42,Misc,Business,,,,,
2025-04-12,2025,4,Capital One CC,2025 v3.xlsx,DD *DOORDASH YELLOWTAI,DD *DOORDASH YELLOWTAI,-33.11,43,Food,Business,43,Food,Business,,,,,
2025-05-12,2025,5,Bank of Marin,2025 v3.xlsx,Wescafe,Wescafe,-33.12,43,Food,Business,43,Food,Business,,,,,
2025-07-10,2025,7,Bank of Marin,2025 v3.xlsx,Amazon,Amazon,-33.18,62,Amazon,Personal,62,Amazon,Personal,,,,,
2024-10-03,2024,10,Capital One CC,2024.xlsx Capital 1 Clean,CHAK NURSERY INC,CHAK NURSERY INC,-33.2,15,Merchandise,Business,15,Merchandise,Business,,,,,
2026-03-08,2026,3,Capital One CC,CC uploads,DD *DOORDASH MANGOMINT,DD *DOORDASH MANGOMINT,-33.23,43,Food,Business,43,Food,Business,,,,,
2024-01-08,2024,1,Capital One CC,2024.xlsx Capital 1 Clean,RANCHO LA CUNA,RANCHO LA CUNA,-33.24,43,Food,Business,43,Food,Business,,,,,
2023-09-05,2023,9,Bank of Marin,BoM master,DoorDash,DoorDash,-33.26,43,Food,Business,43,Food,Business,,,,,
2023-05-26,2023,5,Bank of Marin,BoM master,Amazon,Amazon,-33.38,62,Amazon,Personal,62,Amazon,Personal,,,,,
2023-06-26,2023,6,Bank of Marin,BoM master,Check #5074 — PAYEE UNKNOWN,Check #5074,-33.56,11,Flowers,Business,11,Flowers,Business,,,,,
2023-02-13,2023,2,Capital One CC,CC uploads,DOORDASH*CHOLITA LINDA,DOORDASH*CHOLITA LINDA,-33.58,43,Food,Business,43,Food,Business,,,,,
2024-01-05,2024,1,Capital One CC,2024.xlsx Capital 1 Clean,SODA MARBELLA,SODA MARBELLA,-33.59,43,Food,Business,43,Food,Business,,,,,
2023-07-10,2023,7,Bank of Marin,BoM master,Amazon,Amazon,-33.65,62,Amazon,Personal,62,Amazon,Personal,,,,,
2026-05-18,2026,5,Bank of Marin,BoM master,Safeway,Safeway,-33.78,42,Misc,Business,42,Misc,Business,,,,,
2026-05-22,2026,5,Capital One CC,CC uploads,DD *DOORDASH CHOLITALI,DD *DOORDASH CHOLITALI,-33.78,43,Food,Business,43,Food,Business,,,,,
2026-01-27,2026,1,Capital One CC,CC uploads,DD *DOORDASH CHOLITALI,DD *DOORDASH CHOLITALI,-33.78,43,Food,Business,43,Food,Business,,,,,
2025-12-08,2025,12,Capital One CC,2025 v3.xlsx,DD *DOORDASH ALAMEDABA,DD *DOORDASH ALAMEDABA,-33.84,43,Food,Business,43,Food,Business,,,,,
2025-03-10,2025,3,Capital One CC,2025 v3.xlsx,DD *DOORDASH MACONDOCO,DD *DOORDASH MACONDOCO,-33.89,43,Food,Business,43,Food,Business,,,,,
2024-11-25,2024,11,Bank of Marin,2024.xlsx Marin clean,Greens Grains Clover,Greens Grains Clover,-33.92,43,Food,Business,43,Food,Business,,,,,
2024-01-04,2024,1,Bank of Marin,2024.xlsx Marin clean,Aci Slsan,Aci Slsan,-33.95,42,Misc,Business,42,Misc,Business,,,,,
2024-02-05,2024,2,Bank of Marin,2024.xlsx Marin clean,Aci Alameda,Aci Alameda,-33.95,33,Utilities,Business,33,Utilities,Business,,,,,
2024-03-05,2024,3,Bank of Marin,2024.xlsx Marin clean,Aci Alameda,Aci Alameda,-33.95,33,Utilities,Business,33,Utilities,Business,,,,,
2024-04-03,2024,4,Bank of Marin,2024.xlsx Marin clean,Aci Alameda,Aci Alameda,-33.95,33,Utilities,Business,33,Utilities,Business,,,,,
2024-05-02,2024,5,Bank of Marin,2024.xlsx Marin clean,Aci Alameda,Aci Alameda,-33.95,33,Utilities,Business,33,Utilities,Business,,,,,
2024-06-05,2024,6,Bank of Marin,2024.xlsx Marin clean,Aci Alameda,Aci Alameda,-33.95,33,Utilities,Business,33,Utilities,Business,,,,,
2024-06-26,2024,6,Bank of Marin,2024.xlsx Marin clean,Mango Mint,Mango Mint,-33.95,43,Food,Business,43,Food,Business,,,,,
2024-07-03,2024,7,Bank of Marin,2024.xlsx Marin clean,Aci Alameda,Aci Alameda,-33.95,33,Utilities,Business,33,Utilities,Business,,,,,
2023-12-05,2023,12,Bank of Marin,BoM master,Aci Slsan,Aci Slsan,-33.95,33,Utilities,Business,33,Utilities,Business,,,,,
2023-11-03,2023,11,Bank of Marin,BoM master,Aci Slsan,Aci Slsan,-33.95,33,Utilities,Business,33,Utilities,Business,,,,,
2023-10-04,2023,10,Bank of Marin,BoM master,Aci Slsan,Aci Slsan,-33.95,33,Utilities,Business,33,Utilities,Business,,,,,
2023-09-06,2023,9,Bank of Marin,BoM master,Aci Slsan,Aci Slsan,-33.95,33,Utilities,Business,33,Utilities,Business,,,,,
2023-08-23,2023,8,Bank of Marin,BoM master,Check #5078 — PAYEE UNKNOWN,Check #5078,-33.95,11,Flowers,Business,11,Flowers,Business,,,,,
2023-08-03,2023,8,Bank of Marin,BoM master,Aci Slsan,Aci Slsan,-33.95,33,Utilities,Business,33,Utilities,Business,,,,,
2023-09-11,2023,9,Bank of Marin,BoM master,Chestnut Market,Chestnut Market,-33.97,42,Misc,Business,42,Misc,Business,,,,,
2024-11-18,2024,11,Bank of Marin,2024.xlsx Marin clean,DoorDash,DoorDash,-34.06,43,Food,Business,43,Food,Business,,,,,
2025-06-11,2025,6,Capital One CC,2025 v3.xlsx,SQ *WESCAFE,SQ *WESCAFE,-34.13,43,Food,Business,43,Food,Business,,,,,
2026-05-07,2026,5,Bank of Marin,BoM master,Wescafe,Wescafe,-34.17,43,Food,Business,43,Food,Business,,,,,
2024-01-14,2024,1,Capital One CC,2024.xlsx Capital 1 Clean,SANSA F A,SANSA F A,-34.32,67,Travel,Personal,67,Travel,Personal,,,,,
2024-06-10,2024,6,Bank of Marin,2024.xlsx Marin clean,Ilia Beauty,Ilia Beauty,-34.33,68,Household,Personal,68,Household,Personal,,,,,
2023-06-08,2023,6,Bank of Marin,BoM master,Amazon,Amazon,-34.33,62,Amazon,Personal,62,Amazon,Personal,,,,,
2026-05-07,2026,5,Capital One CC,CC uploads,DD *DOORDASH MANGOMINT,DD *DOORDASH MANGOMINT,-34.33,43,Food,Business,43,Food,Business,,,,,
2026-02-19,2026,2,Bank of Marin,BoM master,Whole Foods,Whole Foods,-34.39,42,Misc,Business,42,Misc,Business,,,,,
2024-08-05,2024,8,Bank of Marin,2024.xlsx Marin clean,Aci Alameda,Aci Alameda,-34.4,33,Utilities,Business,33,Utilities,Business,,,,,
2024-09-05,2024,9,Bank of Marin,2024.xlsx Marin clean,Aci Alameda,Aci Alameda,-34.4,33,Utilities,Business,33,Utilities,Business,,,,,
2024-10-07,2024,10,Bank of Marin,2024.xlsx Marin clean,Aci Alameda,Aci Alameda,-34.4,42,Misc,Business,42,Misc,Business,,,,,
2024-11-05,2024,11,Bank of Marin,2024.xlsx Marin clean,Aci Alameda,Aci Alameda,-34.4,33,Utilities,Business,33,Utilities,Business,,,,,
2024-12-04,2024,12,Bank of Marin,2024.xlsx Marin clean,Aci Alameda,Aci Alameda,-34.4,33,Utilities,Business,33,Utilities,Business,,,,,
2024-05-10,2024,5,Capital One CC,2024.xlsx Capital 1 Clean,SQ *MANGO & MINT,SQ *MANGO & MINT,-34.4,43,Food,Business,43,Food,Business,,,,,
2025-01-06,2025,1,Bank of Marin,2025 v3.xlsx,Aci Alameda,Aci Alameda,-34.4,33,Utilities,Business,33,Utilities,Business,,,,,
2025-02-06,2025,2,Bank of Marin,2025 v3.xlsx,Aci Alameda,Aci Alameda,-34.4,33,Utilities,Business,33,Utilities,Business,,,,,
2025-03-04,2025,3,Bank of Marin,2025 v3.xlsx,Aci Alameda,Aci Alameda,-34.4,33,Utilities,Business,33,Utilities,Business,,,,,
2025-04-03,2025,4,Bank of Marin,2025 v3.xlsx,Aci Alameda,Aci Alameda,-34.4,33,Utilities,Business,33,Utilities,Business,,,,,
2025-05-05,2025,5,Bank of Marin,2025 v3.xlsx,Aci Alameda,Aci Alameda,-34.4,33,Utilities,Business,33,Utilities,Business,,,,,
2025-06-04,2025,6,Bank of Marin,2025 v3.xlsx,Aci Alameda,Aci Alameda,-34.4,33,Utilities,Business,33,Utilities,Business,,,,,
2025-07-02,2025,7,Bank of Marin,2025 v3.xlsx,Aci Alameda,Aci Alameda,-34.4,33,Utilities,Business,33,Utilities,Business,,,,,
2025-08-05,2025,8,Bank of Marin,2025 v3.xlsx,Aci Alameda,Aci Alameda,-34.71,33,Utilities,Business,33,Utilities,Business,,,,,
2025-09-03,2025,9,Bank of Marin,2025 v3.xlsx,Aci Alameda,Aci Alameda,-34.71,33,Utilities,Business,33,Utilities,Business,,,,,
2025-10-02,2025,10,Bank of Marin,2025 v3.xlsx,Aci Alameda,Aci Alameda,-34.71,33,Utilities,Business,33,Utilities,Business,,,,,
2025-11-05,2025,11,Bank of Marin,2025 v3.xlsx,Aci Alameda,Aci Alameda,-34.71,33,Utilities,Business,33,Utilities,Business,,,,,
2025-12-04,2025,12,Bank of Marin,2025 v3.xlsx,Aci Alameda,Aci Alameda,-34.71,33,Utilities,Business,33,Utilities,Business,,,,,
2026-07-03,2026,7,Bank of Marin,BoM master,Aci Alameda,Aci Alameda,-34.71,33,Utilities,Business,33,Utilities,Business,,,,,
2026-06-03,2026,6,Bank of Marin,BoM master,Aci Alameda,Aci Alameda,-34.71,33,Utilities,Business,33,Utilities,Business,,,,,
2026-05-04,2026,5,Bank of Marin,BoM master,Aci Alameda,Aci Alameda,-34.71,42,Misc,Business,42,Misc,Business,,,,,
2026-04-03,2026,4,Bank of Marin,BoM master,Aci Alameda,Aci Alameda,-34.71,33,Utilities,Business,33,Utilities,Business,,,,,
2026-03-04,2026,3,Bank of Marin,BoM master,Aci Alameda,Aci Alameda,-34.71,33,Utilities,Business,33,Utilities,Business,,,,,
2026-02-04,2026,2,Bank of Marin,BoM master,Aci Alameda,Aci Alameda,-34.71,33,Utilities,Business,33,Utilities,Business,,,,,
2025-11-14,2025,11,Capital One CC,2025 v3.xlsx,AMAZON MKTPL*B800P0VT1,AMAZON MKTPL*B800P0VT1,-34.83,62,Amazon,Personal,62,Amazon,Personal,,,,,
2025-04-05,2025,4,Capital One CC,2025 v3.xlsx,AMAZON MKTPL*MZ92397I3,AMAZON MKTPL*MZ92397I3,-34.88,62,Amazon,Personal,62,Amazon,Personal,,,,,
2026-05-21,2026,5,Capital One CC,CC uploads,DD *DOORDASH LAPENCAAZ,DD *DOORDASH LAPENCAAZ,-34.89,43,Food,Business,43,Food,Business,,,,,
2024-01-22,2024,1,Bank of Marin,2024.xlsx Marin clean,Crunch Fitness,Crunch Fitness,-34.99,53,Health,Personal,53,Health,Personal,,,,,
2024-02-21,2024,2,Bank of Marin,2024.xlsx Marin clean,Crunch Fitness,Crunch Fitness,-34.99,53,Health,Personal,53,Health,Personal,,,,,
2024-03-21,2024,3,Bank of Marin,2024.xlsx Marin clean,Crunch Fitness,Crunch Fitness,-34.99,53,Health,Personal,53,Health,Personal,,,,,
2024-04-22,2024,4,Bank of Marin,2024.xlsx Marin clean,Crunch Fitness,Crunch Fitness,-34.99,53,Health,Personal,53,Health,Personal,,,,,
2024-05-21,2024,5,Bank of Marin,2024.xlsx Marin clean,Crunch Fitness,Crunch Fitness,-34.99,53,Health,Personal,53,Health,Personal,,,,,
2024-06-21,2024,6,Bank of Marin,2024.xlsx Marin clean,Crunch Fitness,Crunch Fitness,-34.99,53,Health,Personal,53,Health,Personal,,,,,
2024-07-22,2024,7,Bank of Marin,2024.xlsx Marin clean,Crunch Fitness,Crunch Fitness,-34.99,53,Health,Personal,53,Health,Personal,,,,,
2024-08-21,2024,8,Bank of Marin,2024.xlsx Marin clean,Crunch Fitness,Crunch Fitness,-34.99,53,Health,Personal,53,Health,Personal,,,,,
2024-09-23,2024,9,Bank of Marin,2024.xlsx Marin clean,Crunch Fitness,Crunch Fitness,-34.99,53,Health,Personal,53,Health,Personal,,,,,
2024-10-21,2024,10,Bank of Marin,2024.xlsx Marin clean,Crunch Fitness,Crunch Fitness,-34.99,53,Health,Personal,53,Health,Personal,,,,,
2024-11-21,2024,11,Bank of Marin,2024.xlsx Marin clean,Crunch Fitness,Crunch Fitness,-34.99,53,Health,Personal,53,Health,Personal,,,,,
2024-12-23,2024,12,Bank of Marin,2024.xlsx Marin clean,Crunch Fitness,Crunch Fitness,-34.99,53,Health,Personal,53,Health,Personal,,,,,
2026-03-26,2026,3,Capital One CC,CC uploads,20052 CRUNCH ALAMEDA,20052 CRUNCH ALAMEDA,-34.99,65,Entertainment,Personal,65,Entertainment,Personal,,,,,
2024-11-15,2024,11,Bank of Marin,2024.xlsx Marin clean,Venmo — RECIPIENT UNKNOWN,Transfer to Venmo,-35.0,22,Venmo,Business,22,Venmo,Business,,,,,
2024-04-30,2024,4,Capital One CC,2024.xlsx Capital 1 Clean,"SQ *STITCHES, LLC","SQ *STITCHES, LLC",-35.0,14,Materials,Business,14,Materials,Business,,,,,
2025-07-07,2025,7,Bank of Marin,2025 v3.xlsx,Venmo — RECIPIENT UNKNOWN,Transfer to Venmo,-35.0,22,Venmo,Business,22,Venmo,Business,,,,,
2025-10-31,2025,10,Bank of Marin,2025 v3.xlsx,Venmo — RECIPIENT UNKNOWN,Transfer to Venmo,-35.0,22,Venmo,Business,22,Venmo,Business,,,,,
2023-01-19,2023,1,Capital One CC,CC uploads,JETBLUE   2794412952057,JETBLUE   2794412952057,-35.0,67,Travel,Personal,67,Travel,Personal,,,,,
2023-02-11,2023,2,Capital One CC,CC uploads,SQ *WESCAFE,SQ *WESCAFE,-35.02,43,Food,Business,43,Food,Business,,,,,
2025-01-18,2025,1,Capital One CC,2025 v3.xlsx,AMAZON MKTPL*Z54GA99N0,AMAZON MKTPL*Z54GA99N0,-35.08,62,Amazon,Personal,62,Amazon,Personal,,,,,
2023-03-10,2023,3,Capital One CC,CC uploads,CAVANA ROOFTOP BAR,CAVANA ROOFTOP BAR,-35.08,43,Food,Business,43,Food,Business,,,,,
2023-10-02,2023,10,Bank of Marin,BoM master,Check #5086 — PAYEE UNKNOWN,Check #5086,-35.15,11,Flowers,Business,11,Flowers,Business,,,,,
2026-07-19,2026,7,Capital One CC,CC uploads,UBER   *TRIP,UBER   *TRIP,-35.3,42,Misc,Business,42,Misc,Business,,,,,
2024-05-23,2024,5,Bank of Marin,2024.xlsx Marin clean,DoorDash,DoorDash,-35.34,43,Food,Business,43,Food,Business,,,,,
2024-05-28,2024,5,Bank of Marin,2024.xlsx Marin clean,DoorDash,DoorDash,-35.34,43,Food,Business,43,Food,Business,,,,,
2025-06-26,2025,6,Capital One CC,2025 v3.xlsx,DD *DOORDASHTAHINA,DD *DOORDASHTAHINA,-35.43,43,Food,Business,43,Food,Business,,,,,
2023-08-16,2023,8,Bank of Marin,BoM master,Amazon,Amazon,-35.44,62,Amazon,Personal,62,Amazon,Personal,,,,,
2025-08-08,2025,8,Capital One CC,2025 v3.xlsx,SETTE CHIESE BISTROT,SETTE CHIESE BISTROT,-35.53,43,Food,Business,43,Food,Business,,,,,
2023-09-15,2023,9,Bank of Marin,BoM master,Amazon,Amazon,-35.76,62,Amazon,Personal,62,Amazon,Personal,,,,,
2026-03-09,2026,3,Capital One CC,CC uploads,TST*LITTLE SAINT,TST*LITTLE SAINT,-35.89,43,Food,Business,43,Food,Business,,,,,
2025-09-16,2025,9,Bank of Marin,2025 v3.xlsx,Alameda Muni,Alameda Muni,-35.91,33,Utilities,Business,33,Utilities,Business,,,,,
2025-02-10,2025,2,Bank of Marin,2025 v3.xlsx,Wescafe Alameda Ca,Wescafe Alameda Ca,-35.92,43,Food,Business,43,Food,Business,,,,,
2024-01-26,2024,1,Capital One CC,2024.xlsx Capital 1 Clean,nondor,nondor,-35.98,15,Merchandise,Business,15,Merchandise,Business,,,,,
2024-08-05,2024,8,Capital One CC,2024.xlsx Capital 1 Clean,SHORELINE CAR WASH,SHORELINE CAR WASH,-35.99,31,Car (shop),Business,31,Car (shop),Business,,,,,
2023-09-27,2023,9,Bank of Marin,BoM master,Omo Shoreline Car,Omo Shoreline Car,-35.99,44,Car,Business,44,Car,Business,,,,,
2023-04-03,2023,4,Bank of Marin,BoM master,Omo Shoreline Car,Omo Shoreline Car,-35.99,44,Car,Business,44,Car,Business,,,,,
2023-08-17,2023,8,Bank of Marin,BoM master,"AMANDA F LEONG, DDS","AMANDA F LEONG, DDS",-36.0,42,Misc,Business,42,Misc,Business,,,,,
2026-03-29,2026,3,Capital One CC,CC uploads,METROPOLIS PARKING,METROPOLIS PARKING,-36.0,31,Car (shop),Business,31,Car (shop),Business,,,,,
2023-03-27,2023,3,Bank of Marin,BoM master,El Jardin,El Jardin,-36.36,42,Misc,Business,42,Misc,Business,,,,,
2026-03-23,2026,3,Capital One CC,CC uploads,DD *DOORDASH TOOMIESTH,DD *DOORDASH TOOMIESTH,-36.4,43,Food,Business,43,Food,Business,,,,,
2024-01-13,2024,1,Capital One CC,2024.xlsx Capital 1 Clean,CORCOVADO BM,CORCOVADO BM,-36.43,15,Merchandise,Business,15,Merchandise,Business,,,,,
2025-03-03,2025,3,Capital One CC,2025 v3.xlsx,AMAZON MKTPL*069BA0PN3,AMAZON MKTPL*069BA0PN3,-36.53,62,Amazon,Personal,62,Amazon,Personal,,,,,
2025-01-10,2025,1,Capital One CC,2025 v3.xlsx,AMAZON MKTPL*ZP6C38WH1,AMAZON MKTPL*ZP6C38WH1,-36.53,62,Amazon,Personal,62,Amazon,Personal,,,,,
2023-06-20,2023,6,Bank of Marin,BoM master,Amazon,Amazon,-36.54,62,Amazon,Personal,62,Amazon,Personal,,,,,
2025-12-17,2025,12,Capital One CC,2025 v3.xlsx,AMAZON MKTPL*R04NP1743,AMAZON MKTPL*R04NP1743,-36.56,62,Amazon,Personal,62,Amazon,Personal,,,,,
2025-02-22,2025,2,Capital One CC,2025 v3.xlsx,ZTL*PALAPABEACHCAFE,ZTL*PALAPABEACHCAFE,-36.61,43,Food,Business,43,Food,Business,,,,,
2025-05-01,2025,5,Capital One CC,2025 v3.xlsx,AMAZON MKTPL*BP4JX9PN3,AMAZON MKTPL*BP4JX9PN3,-36.76,62,Amazon,Personal,62,Amazon,Personal,,,,,
2025-09-02,2025,9,Bank of Marin,2025 v3.xlsx,DoorDash,DoorDash,-36.82,43,Food,Business,43,Food,Business,,,,,
2024-03-11,2024,3,Bank of Marin,2024.xlsx Marin clean,Cash Back,Cash Back,-36.99,44,Car,Business,44,Car,Business,,,,,
2026-05-29,2026,5,Capital One CC,CC uploads,DD *DOORDASH FIVEGUYSB,DD *DOORDASH FIVEGUYSB,-37.01,43,Food,Business,43,Food,Business,,,,,
2024-03-20,2024,3,Bank of Marin,2024.xlsx Marin clean,Pagano S Hardware Towne,Pagano S Hardware Towne,-37.07,45,Furniture,Business,45,Furniture,Business,,,,,
2025-08-08,2025,8,Bank of Marin,2025 v3.xlsx,DoorDash,DoorDash,-37.07,43,Food,Business,43,Food,Business,,,,,
2025-01-15,2025,1,Capital One CC,2025 v3.xlsx,Rafa's Wholesale Flowers,RAFAS WHOLESALE FLOWER,-37.08,11,Flowers,Business,11,Flowers,Business,,,,,
2025-01-22,2025,1,Capital One CC,2025 v3.xlsx,Rafa's Wholesale Flowers,RAFAS WHOLESALE FLOWER,-37.08,11,Flowers,Business,11,Flowers,Business,,,,,
2024-01-06,2024,1,Capital One CC,2024.xlsx Capital 1 Clean,SODA MARBELLA,SODA MARBELLA,-37.25,43,Food,Business,43,Food,Business,,,,,
2025-11-14,2025,11,Capital One CC,2025 v3.xlsx,AMAZON MKTPL*B825B05V0,AMAZON MKTPL*B825B05V0,-37.56,62,Amazon,Personal,62,Amazon,Personal,,,,,
2023-08-08,2023,8,Capital One CC,CC uploads,"SQ *DELANO NURSERY, IN","SQ *DELANO NURSERY, IN",-37.6,15,Merchandise,Business,15,Merchandise,Business,,,,,
2023-05-12,2023,5,Bank of Marin,BoM master,Amazon,Amazon,-37.62,62,Amazon,Personal,62,Amazon,Personal,,,,,
2024-03-08,2024,3,Bank of Marin,2024.xlsx Marin clean,DoorDash,DoorDash,-37.69,43,Food,Business,43,Food,Business,,,,,
2024-01-11,2024,1,Capital One CC,2024.xlsx Capital 1 Clean,RESTAURANTE DELFIN BLA,RESTAURANTE DELFIN BLA,-37.89,43,Food,Business,43,Food,Business,,,,,
2023-01-13,2023,1,Bank of Marin,BoM master,Alameda Fuel Mart,Alameda Fuel Mart,-37.91,31,Car (shop),Business,31,Car (shop),Business,,,,,
2023-08-31,2023,8,Capital One CC,CC uploads,Grace Nursery,GRACE NURSERY INC,-37.93,11,Flowers,Business,11,Flowers,Business,,,,,
2025-05-17,2025,5,Capital One CC,2025 v3.xlsx,SHORELINE CAR WASH,SHORELINE CAR WASH,-37.99,31,Car (shop),Business,31,Car (shop),Business,,,,,
2023-01-30,2023,1,Bank of Marin,BoM master,Omo Shoreline Car,Omo Shoreline Car,-37.99,44,Car,Business,44,Car,Business,,,,,
2026-02-27,2026,2,Capital One CC,CC uploads,SHORELINE CAR WASH,SHORELINE CAR WASH,-37.99,31,Car (shop),Business,31,Car (shop),Business,,,,,
2025-12-20,2025,12,Capital One CC,2025 v3.xlsx,DD *DOORDASH CHINAVILL,DD *DOORDASH CHINAVILL,-38.11,43,Food,Business,43,Food,Business,,,,,
2025-03-01,2025,3,Capital One CC,2025 v3.xlsx,AMAZON MKTPL*ZX2L76HF3,AMAZON MKTPL*ZX2L76HF3,-38.21,62,Amazon,Personal,62,Amazon,Personal,,,,,
2025-09-03,2025,9,Capital One CC,2025 v3.xlsx,AMAZON MKTPL*2N1502YX3,AMAZON MKTPL*2N1502YX3,-38.38,62,Amazon,Personal,62,Amazon,Personal,,,,,
2026-04-13,2026,4,Capital One CC,CC uploads,DD *DOORDASH TOOMIESTH,DD *DOORDASH TOOMIESTH,-38.58,43,Food,Business,43,Food,Business,,,,,
2026-01-21,2026,1,Capital One CC,CC uploads,DD *DOORDASH LAPENCAAZ,DD *DOORDASH LAPENCAAZ,-38.62,43,Food,Business,43,Food,Business,,,,,
2025-07-04,2025,7,Capital One CC,2025 v3.xlsx,AMAZON MKTPL*N364T7GM1,AMAZON MKTPL*N364T7GM1,-38.75,62,Amazon,Personal,62,Amazon,Personal,,,,,
2023-01-04,2023,1,Bank of Marin,BoM master,Amazon,Amazon,-38.87,62,Amazon,Personal,62,Amazon,Personal,,,,,
2024-01-04,2024,1,Capital One CC,2024.xlsx Capital 1 Clean,Grace Nursery,GRACE NURSERY INC,-38.95,11,Flowers,Business,11,Flowers,Business,,,,,
2025-08-22,2025,8,Capital One CC,2025 v3.xlsx,AMAZON MKTPL*6D79478Z3,AMAZON MKTPL*6D79478Z3,-38.98,62,Amazon,Personal,62,Amazon,Personal,,,,,
2024-07-03,2024,7,Bank of Marin,2024.xlsx Marin clean,Shoreline Car Wash,Shoreline Car Wash,-38.99,31,Car (shop),Business,31,Car (shop),Business,,,,,
2026-05-18,2026,5,Bank of Marin,BoM master,Shoreline Car Wash,Shoreline Car Wash,-38.99,42,Misc,Business,42,Misc,Business,,,,,
2023-06-05,2023,6,Bank of Marin,BoM master,Check #5042 — PAYEE UNKNOWN,Check #5042,-39.0,11,Flowers,Business,11,Flowers,Business,,,,,
2023-02-09,2023,2,Capital One CC,CC uploads,FLORAL SUPPLY SYND #1,FLORAL SUPPLY SYND #1,-39.0,11,Flowers,Business,11,Flowers,Business,,,,,
2023-03-06,2023,3,Capital One CC,CC uploads,DOORDASH*YELLOWTAIL JA,DOORDASH*YELLOWTAIL JA,-39.04,43,Food,Business,43,Food,Business,,,,,
2024-10-30,2024,10,Capital One CC,2024.xlsx Capital 1 Clean,BAR SHIRU,BAR SHIRU,-39.08,43,Food,Business,43,Food,Business,,,,,
2025-06-07,2025,6,Capital One CC,2025 v3.xlsx,DD *DOORDASHTAHINA,DD *DOORDASHTAHINA,-39.11,43,Food,Business,43,Food,Business,,,,,
2025-07-28,2025,7,Bank of Marin,2025 v3.xlsx,Urban Outfitters,Urban Outfitters,-39.32,66,Clothing,Personal,66,Clothing,Personal,,,,,
2026-01-10,2026,1,Capital One CC,CC uploads,NovotelIbisMEL AIR OPI,NovotelIbisMEL AIR OPI,-39.44,42,Misc,Business,42,Misc,Business,,,,,
2023-02-21,2023,2,Capital One CC,CC uploads,FLORAL SUPPLY SYND #1,FLORAL SUPPLY SYND #1,-39.45,11,Flowers,Business,11,Flowers,Business,,,,,
2024-09-01,2024,9,Capital One CC,2024.xlsx Capital 1 Clean,S F EXPRESS HONG KONG,S F EXPRESS HONG KONG,-39.52,67,Travel,Personal,67,Travel,Personal,,,,,
2024-04-04,2024,4,Bank of Marin,2024.xlsx Marin clean,DoorDash,DoorDash,-39.7,43,Food,Business,43,Food,Business,,,,,
2024-11-29,2024,11,Capital One CC,2024.xlsx Capital 1 Clean,FLORAL SUPPLY SYND #1,FLORAL SUPPLY SYND #1,-39.75,11,Flowers,Business,11,Flowers,Business,,,,,
2024-05-13,2024,5,Capital One CC,2024.xlsx Capital 1 Clean,SQ *WESCAFE,SQ *WESCAFE,-39.8,43,Food,Business,43,Food,Business,,,,,
2023-02-03,2023,2,Bank of Marin,BoM master,Walgreens,Walgreens,-39.8,42,Misc,Business,42,Misc,Business,,,,,
2023-05-26,2023,5,Bank of Marin,BoM master,Amazon,Amazon,-39.84,62,Amazon,Personal,62,Amazon,Personal,,,,,
2023-09-05,2023,9,Bank of Marin,BoM master,Amazon,Amazon,-39.86,62,Amazon,Personal,62,Amazon,Personal,,,,,
2026-06-08,2026,6,Capital One CC,CC uploads,DD *DOORDASH CHOLITALI,DD *DOORDASH CHOLITALI,-39.87,43,Food,Business,43,Food,Business,,,,,
2024-07-23,2024,7,Bank of Marin,2024.xlsx Marin clean,Alameda Muni,Alameda Muni,-39.94,33,Utilities,Business,33,Utilities,Business,,,,,
2025-12-23,2025,12,Capital One CC,2025 v3.xlsx,AMAZON MKTPL*6J87K80H3,AMAZON MKTPL*6J87K80H3,-39.95,62,Amazon,Personal,62,Amazon,Personal,,,,,
2025-10-03,2025,10,Capital One CC,2025 v3.xlsx,AMAZON MKTPL*NV1PF8L21,AMAZON MKTPL*NV1PF8L21,-39.99,62,Amazon,Personal,62,Amazon,Personal,,,,,
2024-02-29,2024,2,Bank of Marin,2024.xlsx Marin clean,Service Charge,Service Charge,-40.0,42,Misc,Business,42,Misc,Business,,,,,
2024-07-01,2024,7,Bank of Marin,2024.xlsx Marin clean,Venmo — RECIPIENT UNKNOWN,Transfer to Venmo,-40.0,22,Venmo,Business,22,Venmo,Business,,,,,
2024-12-02,2024,12,Bank of Marin,2024.xlsx Marin clean,ARCO,ARCO,-40.0,31,Car (shop),Business,31,Car (shop),Business,,,,,
2024-04-09,2024,4,Capital One CC,2024.xlsx Capital 1 Clean,OAKDALE SADDLE RODEO,OAKDALE SADDLE RODEO,-40.0,65,Entertainment,Personal,65,Entertainment,Personal,,,,,
2024-05-08,2024,5,Capital One CC,2024.xlsx Capital 1 Clean,SQ *SIGNAL COFFEE ROAS,SQ *SIGNAL COFFEE ROAS,-40.0,43,Food,Business,43,Food,Business,,,,,
2024-10-14,2024,10,Capital One CC,2024.xlsx Capital 1 Clean,FASTRAK CSC,FASTRAK CSC,-40.0,31,Car (shop),Business,31,Car (shop),Business,,,,,
2024-10-18,2024,10,Capital One CC,2024.xlsx Capital 1 Clean,FASTRAK CSC,FASTRAK CSC,-40.0,31,Car (shop),Business,31,Car (shop),Business,,,,,
2024-10-29,2024,10,Capital One CC,2024.xlsx Capital 1 Clean,FASTRAK CSC,FASTRAK CSC,-40.0,31,Car (shop),Business,31,Car (shop),Business,,,,,
2024-10-01,2024,10,Capital One CC,2024.xlsx Capital 1 Clean,SQ *GREEN VALLEY GROWE,SQ *GREEN VALLEY GROWE,-40.0,15,Merchandise,Business,15,Merchandise,Business,,,,,
2024-11-20,2024,11,Capital One CC,2024.xlsx Capital 1 Clean,FASTRAK CSC,FASTRAK CSC,-40.0,31,Car (shop),Business,31,Car (shop),Business,,,,,
2024-12-10,2024,12,Capital One CC,2024.xlsx Capital 1 Clean,FASTRAK CSC,FASTRAK CSC,-40.0,31,Car (shop),Business,31,Car (shop),Business,,,,,
2024-12-03,2024,12,Capital One CC,2024.xlsx Capital 1 Clean,SQ *GREEN VALLEY GROWE,SQ *GREEN VALLEY GROWE,-40.0,15,Merchandise,Business,15,Merchandise,Business,,,,,
2025-03-05,2025,3,Bank of Marin,2025 v3.xlsx,Venmo — RECIPIENT UNKNOWN,Transfer to Venmo,-40.0,22,Venmo,Business,22,Venmo,Business,,,,,
2025-07-19,2025,7,Capital One CC,2025 v3.xlsx,AMERICAN  0010273816838,AMERICAN  0010273816838,-40.0,67,Travel,Personal,67,Travel,Personal,,,,,
2024-08-12,2024,8,Capital One CC,2024.xlsx Capital 1 Clean,Caffe Concerto,Caffe Concerto,-40.04,43,Food,Business,43,Food,Business,,,,,
2024-08-15,2024,8,Capital One CC,2024.xlsx Capital 1 Clean,Calzeat Retail Ltd,Calzeat Retail Ltd,-40.04,15,Merchandise,Business,15,Merchandise,Business,,,,,
2024-01-09,2024,1,Capital One CC,2024.xlsx Capital 1 Clean,RESTAURANTE LOS DELFIN,RESTAURANTE LOS DELFIN,-40.07,43,Food,Business,43,Food,Business,,,,,
2023-11-14,2023,11,Bank of Marin,BoM master,Check #5158 — PAYEE UNKNOWN,Check #5158,-40.11,11,Flowers,Business,11,Flowers,Business,,,,,
2026-03-13,2026,3,Capital One CC,CC uploads,MARINA VILLAGE VETERIN,MARINA VILLAGE VETERIN,-40.2,23,Ads & Subscriptions,Business,23,Ads & Subscriptions,Business,,,,,
2024-06-05,2024,6,Capital One CC,2024.xlsx Capital 1 Clean,GOOGLE*ADS5237369439,GOOGLE*ADS5237369439,-40.47,23,Ads & Subscriptions,Business,23,Ads & Subscriptions,Business,,,,,
2025-10-08,2025,10,Capital One CC,2025 v3.xlsx,Grace Nursery,GRACE NURSERY INC,-40.49,11,Flowers,Business,11,Flowers,Business,,,,,
2024-07-14,2024,7,Capital One CC,2024.xlsx Capital 1 Clean,CAT CLUB SF,CAT CLUB SF,-40.55,43,Food,Business,43,Food,Business,,,,,
2025-06-18,2025,6,Capital One CC,2025 v3.xlsx,Grace Nursery,GRACE NURSERY INC,-40.64,11,Flowers,Business,11,Flowers,Business,,,,,
2023-11-15,2023,11,Capital One CC,CC uploads,Etsy.com*kealohajewelr,Etsy.com*kealohajewelr,-40.7,15,Merchandise,Business,15,Merchandise,Business,,,,,
2025-08-20,2025,8,Bank of Marin,2025 v3.xlsx,Ur Webster,Ur Webster,-40.99,31,Car (shop),Business,31,Car (shop),Business,,,,,
2025-12-06,2025,12,Capital One CC,2025 v3.xlsx,PALOMINO WHOLESALE FLO,PALOMINO WHOLESALE FLO,-41.0,11,Flowers,Business,11,Flowers,Business,,,,,
2026-01-05,2026,1,Capital One CC,CC uploads,TOAD HALL ACCOMMODAT,TOAD HALL ACCOMMODAT,-41.07,42,Misc,Business,42,Misc,Business,,,,,
2025-11-26,2025,11,Capital One CC,2025 v3.xlsx,DD *DOORDASH TAHINA,DD *DOORDASH TAHINA,-41.21,43,Food,Business,43,Food,Business,,,,,
2023-11-07,2023,11,Capital One CC,CC uploads,MT. EDEN FLORAL COMPAN,MT. EDEN FLORAL COMPAN,-41.3,15,Merchandise,Business,15,Merchandise,Business,,,,,
2024-05-14,2024,5,Capital One CC,2024.xlsx Capital 1 Clean,UVITA DISCOUNTS LIQUOR,UVITA DISCOUNTS LIQUOR,-41.35,15,Merchandise,Business,15,Merchandise,Business,,,,,
2024-04-17,2024,4,Capital One CC,2024.xlsx Capital 1 Clean,"SQ *STITCHES, LLC","SQ *STITCHES, LLC",-41.4,14,Materials,Business,14,Materials,Business,,,,,
2025-02-18,2025,2,Capital One CC,2025 v3.xlsx,"BENTO YA, INC","BENTO YA, INC",-41.5,43,Food,Business,43,Food,Business,,,,,
2023-02-15,2023,2,Bank of Marin,BoM master,Left Field Dog,Left Field Dog,-41.5,42,Misc,Business,42,Misc,Business,,,,,
2023-08-03,2023,8,Bank of Marin,BoM master,Amazon,Amazon,-41.51,62,Amazon,Personal,62,Amazon,Personal,,,,,
2023-03-17,2023,3,Bank of Marin,BoM master,Amazon,Amazon,-41.52,62,Amazon,Personal,62,Amazon,Personal,,,,,
2023-12-12,2023,12,Bank of Marin,BoM master,Market Hall Ba Kery Oakland Ca,Market Hall Ba Kery Oakland Ca,-41.7,42,Misc,Business,42,Misc,Business,,,,,
2026-06-12,2026,6,Capital One CC,CC uploads,TRADER JOE S #109,TRADER JOE S #109,-41.77,15,Merchandise,Business,15,Merchandise,Business,,,,,
2024-03-28,2024,3,Capital One CC,2024.xlsx Capital 1 Clean,Mayesh Wholesale Flowers,Mayesh San Francisco,-41.82,11,Flowers,Business,11,Flowers,Business,,,,,
2026-06-17,2026,6,Capital One CC,CC uploads,SHORELINE CAR WASH,SHORELINE CAR WASH,-41.99,31,Car (shop),Business,31,Car (shop),Business,,,,,
2026-03-26,2026,3,Bank of Marin,BoM master,Venmo — RECIPIENT UNKNOWN,Transfer to Venmo,-42.0,22,Venmo,Business,22,Venmo,Business,,,,,
2025-05-19,2025,5,Capital One CC,2025 v3.xlsx,AMAZON MKTPL*NW91H2DB1,AMAZON MKTPL*NW91H2DB1,-42.05,62,Amazon,Personal,62,Amazon,Personal,,,,,
2023-11-13,2023,11,Bank of Marin,BoM master,Pagano S Hardware Mart,Pagano S Hardware Mart,-42.06,42,Misc,Business,42,Misc,Business,,,,,
2025-08-11,2025,8,Bank of Marin,2025 v3.xlsx,Amazon,Amazon,-42.07,62,Amazon,Personal,62,Amazon,Personal,,,,,
2026-03-31,2026,3,Capital One CC,CC uploads,Grace Nursery,GRACE NURSERY INC,-42.17,11,Flowers,Business,11,Flowers,Business,,,,,
2024-01-19,2024,1,Capital One CC,2024.xlsx Capital 1 Clean,"SQ *DELANO NURSERY, IN","SQ *DELANO NURSERY, IN",-42.23,15,Merchandise,Business,15,Merchandise,Business,,,,,
2023-07-13,2023,7,Capital One CC,CC uploads,FLORAL SUPPLY SYND #1,FLORAL SUPPLY SYND #1,-42.25,11,Flowers,Business,11,Flowers,Business,,,,,
2023-07-05,2023,7,Bank of Marin,BoM master,Renatas Creperie,Renatas Creperie,-42.41,43,Food,Business,43,Food,Business,,,,,
2023-05-30,2023,5,Bank of Marin,BoM master,Amazon,Amazon,-42.45,62,Amazon,Personal,62,Amazon,Personal,,,,,
2024-11-15,2024,11,Bank of Marin,2024.xlsx Marin clean,Pacific Coast Ever San Franc Ca,Pacific Coast Ever San Franc Ca,-42.5,42,Misc,Business,42,Misc,Business,,,,,
2024-08-14,2024,8,Capital One CC,2024.xlsx Capital 1 Clean,The Auld Smiddy Inn,The Auld Smiddy Inn,-42.5,43,Food,Business,43,Food,Business,,,,,
2024-11-19,2024,11,Capital One CC,2024.xlsx Capital 1 Clean,SQ *PACIFIC COAST EVER,SQ *PACIFIC COAST EVER,-42.5,15,Merchandise,Business,15,Merchandise,Business,,,,,
2024-05-31,2024,5,Bank of Marin,2024.xlsx Marin clean,Etsy,Etsy,-42.6,42,Misc,Business,42,Misc,Business,,,,,
2024-05-28,2024,5,Bank of Marin,2024.xlsx Marin clean,Starbucks,Starbucks,-42.7,43,Food,Business,43,Food,Business,,,,,
2025-09-18,2025,9,Capital One CC,2025 v3.xlsx,DD *DOORDASH TAHINA,DD *DOORDASH TAHINA,-42.7,43,Food,Business,43,Food,Business,,,,,
2026-06-24,2026,6,Capital One CC,CC uploads,RESTAURANTS TRASTDA,RESTAURANTS TRASTDA,-42.76,43,Food,Business,43,Food,Business,,,,,
2024-04-30,2024,4,Capital One CC,2024.xlsx Capital 1 Clean,MT. EDEN FLORAL COMPAN,MT. EDEN FLORAL COMPAN,-42.8,15,Merchandise,Business,15,Merchandise,Business,,,,,
2025-10-27,2025,10,Capital One CC,2025 v3.xlsx,DD *DOORDASH CHINAVILL,DD *DOORDASH CHINAVILL,-42.9,43,Food,Business,43,Food,Business,,,,,
2025-06-06,2025,6,Capital One CC,2025 v3.xlsx,DD *DOORDASHTAHINA,DD *DOORDASHTAHINA,-42.93,43,Food,Business,43,Food,Business,,,,,
2025-06-16,2025,6,Capital One CC,2025 v3.xlsx,SQ *NIDO'S BACKYARD,SQ *NIDO'S BACKYARD,-42.98,43,Food,Business,43,Food,Business,,,,,
2024-01-11,2024,1,Capital One CC,2024.xlsx Capital 1 Clean,PTO JIMEN SOUVENIR SHO,PTO JIMEN SOUVENIR SHO,-43.0,15,Merchandise,Business,15,Merchandise,Business,,,,,
2023-02-27,2023,2,Bank of Marin,BoM master,Yoshis Oakland,Yoshis Oakland,-43.0,42,Misc,Business,42,Misc,Business,,,,,
2024-08-02,2024,8,Capital One CC,2024.xlsx Capital 1 Clean,SQ *BAY AREA JAZZ & AR,SQ *BAY AREA JAZZ & AR,-43.1,43,Food,Business,43,Food,Business,,,,,
2024-06-24,2024,6,Bank of Marin,2024.xlsx Marin clean,Target,Target,-43.16,14,Materials,Business,14,Materials,Business,,,,,
2023-05-03,2023,5,Bank of Marin,BoM master,Amazon,Amazon,-43.19,62,Amazon,Personal,62,Amazon,Personal,,,,,
2025-11-17,2025,11,Capital One CC,2025 v3.xlsx,TST* PIZZERIA PAPPO,TST* PIZZERIA PAPPO,-43.2,43,Food,Business,43,Food,Business,,,,,
2023-07-03,2023,7,Bank of Marin,BoM master,Northtown Books,Northtown Books,-43.35,42,Misc,Business,42,Misc,Business,,,,,
2026-05-15,2026,5,Capital One CC,CC uploads,STARBUCKS STORE 63452,STARBUCKS STORE 63452,-43.4,43,Food,Business,43,Food,Business,,,,,
2024-02-26,2024,2,Bank of Marin,2024.xlsx Marin clean,Alameda Cinema Gri,Alameda Cinema Gri,-43.44,65,Entertainment,Personal,65,Entertainment,Personal,,,,,
2024-01-24,2024,1,Bank of Marin,2024.xlsx Marin clean,Check #5110 — PAYEE UNKNOWN,Check #5110,-43.45,11,Flowers,Business,11,Flowers,Business,,,,,
2024-08-17,2024,8,Capital One CC,2024.xlsx Capital 1 Clean,EURO SUN,EURO SUN,-43.58,43,Food,Business,43,Food,Business,,,,,
2024-07-22,2024,7,Bank of Marin,2024.xlsx Marin clean,Kakui Inc,Kakui Inc,-43.63,42,Misc,Business,42,Misc,Business,,,,,
2024-06-17,2024,6,Bank of Marin,2024.xlsx Marin clean,Farmstead Cheeses,Farmstead Cheeses,-43.8,42,Misc,Business,42,Misc,Business,,,,,
2023-04-03,2023,4,Bank of Marin,BoM master,Reginato's Mini Ma,Reginato's Mini Ma,-43.95,31,Car (shop),Business,31,Car (shop),Business,,,,,
2024-09-23,2024,9,Bank of Marin,2024.xlsx Marin clean,Shoreline Car Wash,Shoreline Car Wash,-43.99,31,Car (shop),Business,31,Car (shop),Business,,,,,
2024-05-20,2024,5,Capital One CC,2024.xlsx Capital 1 Clean,FARMACIA PUERTO JIMENE,FARMACIA PUERTO JIMENE,-44.03,53,Health,Personal,53,Health,Personal,,,,,
2026-03-18,2026,3,Bank of Marin,BoM master,Floral Supply Synd,Floral Supply Synd,-44.2,11,Flowers,Business,11,Flowers,Business,,,,,
2023-04-18,2023,4,Bank of Marin,BoM master,Amazon,Amazon,-44.29,62,Amazon,Personal,62,Amazon,Personal,,,,,
2025-05-09,2025,5,Capital One CC,2025 v3.xlsx,DD *DOORDASH TAHINA,DD *DOORDASH TAHINA,-44.4,43,Food,Business,43,Food,Business,,,,,
2025-07-09,2025,7,Bank of Marin,2025 v3.xlsx,Amazon,Amazon,-44.42,62,Amazon,Personal,62,Amazon,Personal,,,,,
2025-05-19,2025,5,Capital One CC,2025 v3.xlsx,AMAZON MKTPL*NW55772B1,AMAZON MKTPL*NW55772B1,-44.48,62,Amazon,Personal,62,Amazon,Personal,,,,,
2025-05-03,2025,5,Capital One CC,2025 v3.xlsx,AMAZON MKTPL*NB75A34G1,AMAZON MKTPL*NB75A34G1,-44.55,62,Amazon,Personal,62,Amazon,Personal,,,,,
2024-06-12,2024,6,Bank of Marin,2024.xlsx Marin clean,DoorDash,DoorDash,-44.7,43,Food,Business,43,Food,Business,,,,,
2025-02-12,2025,2,Capital One CC,2025 v3.xlsx,DD *DOORDASH TAHINA,DD *DOORDASH TAHINA,-44.7,43,Food,Business,43,Food,Business,,,,,
2024-06-25,2024,6,Bank of Marin,2024.xlsx Marin clean,Pagano S Hardware Towne,Pagano S Hardware Towne,-44.84,45,Furniture,Business,45,Furniture,Business,,,,,
2026-03-25,2026,3,Bank of Marin,BoM master,Shoreline Car Wash,Shoreline Car Wash,-44.99,42,Misc,Business,42,Misc,Business,,,,,
2024-01-30,2024,1,Capital One CC,2024.xlsx Capital 1 Clean,SQ *GREEN VALLEY GROWE,SQ *GREEN VALLEY GROWE,-45.0,15,Merchandise,Business,15,Merchandise,Business,,,,,
2024-01-29,2024,1,Capital One CC,2024.xlsx Capital 1 Clean,FD *CA DMV 639,FD *CA DMV 639,-45.0,14,Materials,Business,14,Materials,Business,,,,,
2024-02-20,2024,2,Capital One CC,2024.xlsx Capital 1 Clean,SQ *GREEN VALLEY GROWE,SQ *GREEN VALLEY GROWE,-45.0,15,Merchandise,Business,15,Merchandise,Business,,,,,
2024-12-10,2024,12,Capital One CC,2024.xlsx Capital 1 Clean,SQ *GREEN VALLEY GROWE,SQ *GREEN VALLEY GROWE,-45.0,15,Merchandise,Business,15,Merchandise,Business,,,,,
2025-03-14,2025,3,Bank of Marin,2025 v3.xlsx,Check #5181 — PAYEE UNKNOWN,Check #5181,-45.0,11,Flowers,Business,11,Flowers,Business,,,,,
2025-12-02,2025,12,Capital One CC,2025 v3.xlsx,NURIA FAIRE,NURIA FAIRE,-45.0,11,Flowers,Business,11,Flowers,Business,,,,,
2025-11-18,2025,11,Bank of Marin,2025 v3.xlsx,Lassen Ranch Flowe,Lassen Ranch Flowe,-45.0,14,Materials,Business,14,Materials,Business,,,,,
2026-02-17,2026,2,Bank of Marin,BoM master,Floral Supply Synd,Floral Supply Synd,-45.0,11,Flowers,Business,11,Flowers,Business,,,,,
2023-11-10,2023,11,Bank of Marin,BoM master,"Stitches, Llc Alameda Ca","Stitches, Llc Alameda Ca",-45.0,42,Misc,Business,42,Misc,Business,,,,,
2023-12-12,2023,12,Capital One CC,CC uploads,SQ *GREEN VALLEY GROWE,SQ *GREEN VALLEY GROWE,-45.0,15,Merchandise,Business,15,Merchandise,Business,,,,,
2023-10-19,2023,10,Capital One CC,CC uploads,FLORAL SUPPLY SYND #1,FLORAL SUPPLY SYND #1,-45.0,11,Flowers,Business,11,Flowers,Business,,,,,
2023-02-07,2023,2,Capital One CC,CC uploads,SQ *GREEN VALLEY GROWE,SQ *GREEN VALLEY GROWE,-45.0,15,Merchandise,Business,15,Merchandise,Business,,,,,
2024-09-26,2024,9,Capital One CC,2024.xlsx Capital 1 Clean,Grace Nursery,GRACE NURSERY INC,-45.1,11,Flowers,Business,11,Flowers,Business,,,,,
2024-09-10,2024,9,Bank of Marin,2024.xlsx Marin clean,DoorDash,DoorDash,-45.2,43,Food,Business,43,Food,Business,,,,,
2024-07-09,2024,7,Capital One CC,2024.xlsx Capital 1 Clean,DD *DOORDASH TAHINA,DD *DOORDASH TAHINA,-45.23,43,Food,Business,43,Food,Business,,,,,
2023-09-11,2023,9,Bank of Marin,BoM master,Amazon,Amazon,-45.37,62,Amazon,Personal,62,Amazon,Personal,,,,,
2025-03-24,2025,3,Capital One CC,2025 v3.xlsx,AMAZON MKTPL*7F8FX8B03,AMAZON MKTPL*7F8FX8B03,-45.4,62,Amazon,Personal,62,Amazon,Personal,,,,,
2024-05-30,2024,5,Bank of Marin,2024.xlsx Marin clean,Tahina Gosq,Tahina Gosq,-45.41,42,Misc,Business,42,Misc,Business,,,,,
2024-02-14,2024,2,Bank of Marin,2024.xlsx Marin clean,DoorDash,DoorDash,-45.46,43,Food,Business,43,Food,Business,,,,,
2024-12-04,2024,12,Capital One CC,2024.xlsx Capital 1 Clean,CEP*BERKELEY CITY CLU,CEP*BERKELEY CITY CLU,-45.48,65,Entertainment,Personal,65,Entertainment,Personal,,,,,
2024-07-22,2024,7,Bank of Marin,2024.xlsx Marin clean,Typology Saint Oue,Typology Saint Oue,-45.55,42,Misc,Business,42,Misc,Business,,,,,
2024-06-20,2024,6,Capital One CC,2024.xlsx Capital 1 Clean,SQ *TAHINA,SQ *TAHINA,-45.58,43,Food,Business,43,Food,Business,,,,,
2026-05-11,2026,5,Bank of Marin,BoM master,Wescafe,Wescafe,-45.64,43,Food,Business,43,Food,Business,,,,,
2024-10-22,2024,10,Bank of Marin,2024.xlsx Marin clean,DoorDash,DoorDash,-45.7,43,Food,Business,43,Food,Business,,,,,
2025-07-29,2025,7,Capital One CC,2025 v3.xlsx,EL TRAPELLA,EL TRAPELLA,-45.83,43,Food,Business,43,Food,Business,,,,,
2025-01-28,2025,1,Capital One CC,2025 v3.xlsx,AMAZON MKTPL*Z76ON2JK2,AMAZON MKTPL*Z76ON2JK2,-45.88,62,Amazon,Personal,62,Amazon,Personal,,,,,
2023-01-03,2023,1,Capital One CC,CC uploads,PACIFIC COAST EVERGREE,PACIFIC COAST EVERGREE,-46.0,15,Merchandise,Business,15,Merchandise,Business,,,,,
2024-09-01,2024,9,Capital One CC,2024.xlsx Capital 1 Clean,BBMSL*001CompanyLimite,BBMSL*001CompanyLimite,-46.07,43,Food,Business,43,Food,Business,,,,,
2023-10-11,2023,10,Capital One CC,CC uploads,SP RUBBERSTAMPS.COM,SP RUBBERSTAMPS.COM,-46.18,15,Merchandise,Business,15,Merchandise,Business,,,,,
2023-09-07,2023,9,Bank of Marin,BoM master,DoorDash,DoorDash,-46.27,43,Food,Business,43,Food,Business,,,,,
2025-03-19,2025,3,Capital One CC,2025 v3.xlsx,Rafa's Wholesale Flowers,RAFAS WHOLESALE FLOWER,-46.35,11,Flowers,Business,11,Flowers,Business,,,,,
2025-09-05,2025,9,Capital One CC,2025 v3.xlsx,Rafa's Wholesale Flowers,RAFAS WHOLESALE FLOWER,-46.35,11,Flowers,Business,11,Flowers,Business,,,,,
2025-04-07,2025,4,Capital One CC,2025 v3.xlsx,AMAZON MKTPL*RI73O45L3,AMAZON MKTPL*RI73O45L3,-46.5,62,Amazon,Personal,62,Amazon,Personal,,,,,
2023-06-24,2023,6,Capital One CC,CC uploads,CHESTNUT MARKET,CHESTNUT MARKET,-46.56,15,Merchandise,Business,15,Merchandise,Business,,,,,
2025-04-30,2025,4,Bank of Marin,2025 v3.xlsx,Mt Eden Floral Co Mpany,Mt Eden Floral Co Mpany,-46.65,11,Flowers,Business,11,Flowers,Business,,,,,
2024-05-15,2024,5,Capital One CC,2024.xlsx Capital 1 Clean,BOTANIKA RESORT,BOTANIKA RESORT,-46.74,67,Travel,Personal,67,Travel,Personal,,,,,
2024-06-03,2024,6,Bank of Marin,2024.xlsx Marin clean,Encinal Market,Encinal Market,-46.83,63,Groceries,Personal,63,Groceries,Personal,,,,,
2024-12-02,2024,12,Bank of Marin,2024.xlsx Marin clean,Shoreline Car Wash,Shoreline Car Wash,-46.99,31,Car (shop),Business,31,Car (shop),Business,,,,,
2024-08-22,2024,8,Capital One CC,2024.xlsx Capital 1 Clean,LOCCITANE EN PROVENCE,LOCCITANE EN PROVENCE,-47.0,15,Merchandise,Business,15,Merchandise,Business,,,,,
2025-01-23,2025,1,Capital One CC,2025 v3.xlsx,CHEVRON 0090290,CHEVRON 0090290,-47.29,31,Car (shop),Business,31,Car (shop),Business,,,,,
2024-01-05,2024,1,Capital One CC,2024.xlsx Capital 1 Clean,BAR MAKAI,BAR MAKAI,-47.35,43,Food,Business,43,Food,Business,,,,,
2024-02-15,2024,2,Bank of Marin,2024.xlsx Marin clean,DoorDash,DoorDash,-47.46,43,Food,Business,43,Food,Business,,,,,
2024-09-09,2024,9,Bank of Marin,2024.xlsx Marin clean,Check #5186 — PAYEE UNKNOWN,Check #5186,-47.48,11,Flowers,Business,11,Flowers,Business,,,,,
2024-12-03,2024,12,Bank of Marin,2024.xlsx Marin clean,DoorDash,DoorDash,-47.51,43,Food,Business,43,Food,Business,,,,,
2025-01-27,2025,1,Capital One CC,2025 v3.xlsx,AMAZON MKTPL*ZC60S7UR2,AMAZON MKTPL*ZC60S7UR2,-47.56,62,Amazon,Personal,62,Amazon,Personal,,,,,
2025-07-14,2025,7,Bank of Marin,2025 v3.xlsx,Amazon,Amazon,-47.59,62,Amazon,Personal,62,Amazon,Personal,,,,,
2024-05-28,2024,5,Bank of Marin,2024.xlsx Marin clean,Target,Target,-47.62,14,Materials,Business,14,Materials,Business,,,,,
2023-01-05,2023,1,Capital One CC,CC uploads,DOORDASH*TOOMIES THAI,DOORDASH*TOOMIES THAI,-47.74,43,Food,Business,43,Food,Business,,,,,
2023-11-13,2023,11,Bank of Marin,BoM master,Chestnut Market,Chestnut Market,-47.81,42,Misc,Business,42,Misc,Business,,,,,
2026-02-17,2026,2,Capital One CC,CC uploads,DD *DOORDASH CHINAVILL,DD *DOORDASH CHINAVILL,-47.91,43,Food,Business,43,Food,Business,,,,,
2025-09-29,2025,9,Capital One CC,2025 v3.xlsx,AMAZON MKTPL*FY61I32Z3,AMAZON MKTPL*FY61I32Z3,-47.93,62,Amazon,Personal,62,Amazon,Personal,,,,,
2024-01-29,2024,1,Bank of Marin,2024.xlsx Marin clean,Cash Back,Cash Back,-47.99,4,Other Income,Revenue,4,Other Income,Revenue,,,,,
2024-02-27,2024,2,Bank of Marin,2024.xlsx Marin clean,Check #5124 — PAYEE UNKNOWN,Check #5124,-48.0,11,Flowers,Business,11,Flowers,Business,,,,,
2025-01-25,2025,1,Capital One CC,2025 v3.xlsx,DD *DOORDASH TAHINA,DD *DOORDASH TAHINA,-48.17,43,Food,Business,43,Food,Business,,,,,
2024-06-17,2024,6,Bank of Marin,2024.xlsx Marin clean,Tahina Gosq,Tahina Gosq,-48.3,42,Misc,Business,42,Misc,Business,,,,,
2024-06-24,2024,6,Bank of Marin,2024.xlsx Marin clean,Yellowtail Japanes,Yellowtail Japanes,-48.37,43,Food,Business,43,Food,Business,,,,,
2023-09-24,2023,9,Capital One CC,CC uploads,PANERA BREAD #601372 O,PANERA BREAD #601372 O,-48.41,43,Food,Business,43,Food,Business,,,,,
2023-09-12,2023,9,Bank of Marin,BoM master,The Star on P Ark,The Star on P Ark,-48.51,42,Misc,Business,42,Misc,Business,,,,,
2024-12-12,2024,12,Capital One CC,2024.xlsx Capital 1 Clean,AEROMEXICO COM,AEROMEXICO COM,-48.6,67,Travel,Personal,67,Travel,Personal,,,,,
2024-12-12,2024,12,Capital One CC,2024.xlsx Capital 1 Clean,PURCHASE ADJUSTMENT,PURCHASE ADJUSTMENT,-48.6,67,Travel,Personal,67,Travel,Personal,,,,,
2024-07-22,2024,7,Bank of Marin,2024.xlsx Marin clean,DoorDash,DoorDash,-48.65,43,Food,Business,43,Food,Business,,,,,
2023-05-23,2023,5,Bank of Marin,BoM master,Encinal Nursery,Encinal Nursery,-48.67,11,Flowers,Business,11,Flowers,Business,,,,,
2024-08-13,2024,8,Capital One CC,2024.xlsx Capital 1 Clean,THE LOCH NESS IN,THE LOCH NESS IN,-48.92,43,Food,Business,43,Food,Business,,,,,
2024-04-10,2024,4,Capital One CC,2024.xlsx Capital 1 Clean,PTICKET.COM-ALAMEDA,PTICKET.COM-ALAMEDA,-48.95,42,Misc,Business,42,Misc,Business,,,,,
2023-08-25,2023,8,Bank of Marin,BoM master,DoorDash,DoorDash,-48.97,43,Food,Business,43,Food,Business,,,,,
2025-11-21,2025,11,Capital One CC,2025 v3.xlsx,AMAZON MKTPL*B03VG2XW2,AMAZON MKTPL*B03VG2XW2,-48.99,62,Amazon,Personal,62,Amazon,Personal,,,,,
2023-08-25,2023,8,Bank of Marin,BoM master,Chestnut Market,Chestnut Market,-49.01,42,Misc,Business,42,Misc,Business,,,,,
2025-11-21,2025,11,Capital One CC,2025 v3.xlsx,AMAZON MKTPL*B03AG7QB2,AMAZON MKTPL*B03AG7QB2,-49.02,62,Amazon,Personal,62,Amazon,Personal,,,,,
2025-03-29,2025,3,Capital One CC,2025 v3.xlsx,AMAZON MKTPL*A97MW54D3,AMAZON MKTPL*A97MW54D3,-49.08,62,Amazon,Personal,62,Amazon,Personal,,,,,
2024-04-18,2024,4,Capital One CC,2024.xlsx Capital 1 Clean,Grace Nursery,GRACE NURSERY INC,-49.2,11,Flowers,Business,11,Flowers,Business,,,,,
2025-04-25,2025,4,Bank of Marin,2025 v3.xlsx,Mt Eden Floral Co Mpany,Mt Eden Floral Co Mpany,-49.35,11,Flowers,Business,11,Flowers,Business,,,,,
2024-10-04,2024,10,Capital One CC,2024.xlsx Capital 1 Clean,CHEVRON 0090290,CHEVRON 0090290,-49.49,31,Car (shop),Business,31,Car (shop),Business,,,,,
2024-01-15,2024,1,Capital One CC,2024.xlsx Capital 1 Clean,AC MARRIOTT FRONT DESK,AC MARRIOTT FRONT DESK,-49.73,67,Travel,Personal,67,Travel,Personal,,,,,
2024-03-25,2024,3,Bank of Marin,2024.xlsx Marin clean,Feel Good Baker,Feel Good Baker,-49.78,42,Misc,Business,42,Misc,Business,,,,,
2024-05-02,2024,5,Capital One CC,2024.xlsx Capital 1 Clean,"SQ *ODELAY, A GREEN SA","SQ *ODELAY, A GREEN SA",-49.84,14,Materials,Business,14,Materials,Business,,,,,
2026-02-19,2026,2,Capital One CC,CC uploads,PTICKETALAMEDA,PTICKETALAMEDA,-49.95,42,Misc,Business,42,Misc,Business,,,,,
2024-05-20,2024,5,Bank of Marin,2024.xlsx Marin clean,Crunch Fitness,Crunch Fitness,-49.99,53,Health,Personal,53,Health,Personal,,,,,
2023-08-03,2023,8,Bank of Marin,BoM master,Cash Back,Cash Back,-49.99,44,Car,Business,44,Car,Business,,,,,
2023-05-22,2023,5,Bank of Marin,BoM master,Crunch Fitness,Crunch Fitness,-49.99,42,Misc,Business,42,Misc,Business,,,,,
2024-04-01,2024,4,Bank of Marin,2024.xlsx Marin clean,Venmo — RECIPIENT UNKNOWN,Transfer to Venmo,-50.0,22,Venmo,Business,22,Venmo,Business,,,,,
2024-04-10,2024,4,Bank of Marin,2024.xlsx Marin clean,Venmo — RECIPIENT UNKNOWN,Transfer to Venmo,-50.0,22,Venmo,Business,22,Venmo,Business,,,,,
2024-04-10,2024,4,Bank of Marin,2024.xlsx Marin clean,Venmo — RECIPIENT UNKNOWN,Transfer to Venmo,-50.0,22,Venmo,Business,22,Venmo,Business,,,,,
2024-04-29,2024,4,Bank of Marin,2024.xlsx Marin clean,Venmo — RECIPIENT UNKNOWN,Transfer to Venmo,-50.0,22,Venmo,Business,22,Venmo,Business,,,,,
2024-05-06,2024,5,Bank of Marin,2024.xlsx Marin clean,Venmo — RECIPIENT UNKNOWN,Transfer to Venmo,-50.0,22,Venmo,Business,22,Venmo,Business,,,,,
2024-05-20,2024,5,Bank of Marin,2024.xlsx Marin clean,Venmo — RECIPIENT UNKNOWN,Transfer to Venmo,-50.0,22,Venmo,Business,22,Venmo,Business,,,,,
2024-07-25,2024,7,Bank of Marin,2024.xlsx Marin clean,Venmo — RECIPIENT UNKNOWN,Transfer to Venmo,-50.0,22,Venmo,Business,22,Venmo,Business,,,,,
2024-09-09,2024,9,Bank of Marin,2024.xlsx Marin clean,Brava Theater Cent Er,Brava Theater Cent Er,-50.0,65,Entertainment,Personal,65,Entertainment,Personal,,,,,
2024-09-16,2024,9,Bank of Marin,2024.xlsx Marin clean,Venmo — RECIPIENT UNKNOWN,Transfer to Venmo,-50.0,22,Venmo,Business,22,Venmo,Business,,,,,
2024-06-13,2024,6,Capital One CC,2024.xlsx Capital 1 Clean,FLORAL SUPPLY SYND #1,FLORAL SUPPLY SYND #1,-50.0,11,Flowers,Business,11,Flowers,Business,,,,,
2024-06-11,2024,6,Capital One CC,2024.xlsx Capital 1 Clean,SQ *GREEN VALLEY GROWE,SQ *GREEN VALLEY GROWE,-50.0,15,Merchandise,Business,15,Merchandise,Business,,,,,
2024-08-06,2024,8,Capital One CC,2024.xlsx Capital 1 Clean,SAFEWAY #2708,SAFEWAY #2708,-50.0,15,Merchandise,Business,15,Merchandise,Business,,,,,
2024-10-11,2024,10,Capital One CC,2024.xlsx Capital 1 Clean,AMANDA F LEONG DDS PC,AMANDA F LEONG DDS PC,-50.0,53,Health,Personal,53,Health,Personal,,,,,
2024-11-05,2024,11,Capital One CC,2024.xlsx Capital 1 Clean,SQ *GREEN VALLEY GROWE,SQ *GREEN VALLEY GROWE,-50.0,15,Merchandise,Business,15,Merchandise,Business,,,,,
2025-07-16,2025,7,Bank of Marin,2025 v3.xlsx,Venmo — RECIPIENT UNKNOWN,Transfer to Venmo,-50.0,22,Venmo,Business,22,Venmo,Business,,,,,
2025-11-12,2025,11,Capital One CC,2025 v3.xlsx,Google ADS1554255633,Google ADS1554255633,-50.0,23,Ads & Subscriptions,Business,23,Ads & Subscriptions,Business,,,,,
2025-11-03,2025,11,Capital One CC,2025 v3.xlsx,Google ADS7630547821,Google ADS7630547821,-50.0,23,Ads & Subscriptions,Business,23,Ads & Subscriptions,Business,,,,,
2025-02-17,2025,2,Capital One CC,2025 v3.xlsx,HOLLYWOOD PARK MANAGEM,HOLLYWOOD PARK MANAGEM,-50.0,31,Car (shop),Business,31,Car (shop),Business,,,,,
2026-07-17,2026,7,Bank of Marin,BoM master,Venmo — RECIPIENT UNKNOWN,Transfer to Venmo,-50.0,22,Venmo,Business,22,Venmo,Business,,,,,
2026-07-02,2026,7,Bank of Marin,BoM master,Venmo — RECIPIENT UNKNOWN,Transfer to Venmo,-50.0,22,Venmo,Business,22,Venmo,Business,,,,,
2026-05-06,2026,5,Bank of Marin,BoM master,Figone Nursery Half,Figone Nursery Half,-50.0,42,Misc,Business,42,Misc,Business,,,,,
2026-04-20,2026,4,Bank of Marin,BoM master,Venmo — RECIPIENT UNKNOWN,Transfer to Venmo,-50.0,22,Venmo,Business,22,Venmo,Business,,,,,
2026-04-13,2026,4,Bank of Marin,BoM master,Venmo — RECIPIENT UNKNOWN,Transfer to Venmo,-50.0,22,Venmo,Business,22,Venmo,Business,,,,,
2026-04-13,2026,4,Bank of Marin,BoM master,Venmo — RECIPIENT UNKNOWN,Transfer to Venmo,-50.0,22,Venmo,Business,22,Venmo,Business,,,,,
2026-04-08,2026,4,Bank of Marin,BoM master,Venmo — RECIPIENT UNKNOWN,Transfer to Venmo,-50.0,22,Venmo,Business,22,Venmo,Business,,,,,
2026-04-08,2026,4,Bank of Marin,BoM master,Venmo — RECIPIENT UNKNOWN,Transfer to Venmo,-50.0,22,Venmo,Business,22,Venmo,Business,,,,,
2026-04-06,2026,4,Bank of Marin,BoM master,Venmo — RECIPIENT UNKNOWN,Transfer to Venmo,-50.0,22,Venmo,Business,22,Venmo,Business,,,,,
2026-04-06,2026,4,Bank of Marin,BoM master,Venmo — RECIPIENT UNKNOWN,Transfer to Venmo,-50.0,22,Venmo,Business,22,Venmo,Business,,,,,
2026-02-17,2026,2,Bank of Marin,BoM master,Venmo — RECIPIENT UNKNOWN,Transfer to Venmo,-50.0,22,Venmo,Business,22,Venmo,Business,,,,,
2026-02-02,2026,2,Bank of Marin,BoM master,Venmo — RECIPIENT UNKNOWN,Transfer to Venmo,-50.0,22,Venmo,Business,22,Venmo,Business,,,,,
2026-01-12,2026,1,Bank of Marin,BoM master,Venmo — RECIPIENT UNKNOWN,Transfer to Venmo,-50.0,22,Venmo,Business,22,Venmo,Business,,,,,
2023-11-30,2023,11,Capital One CC,CC uploads,Torchio Nursery,TORCHIO NURSERY COMPAN,-50.0,11,Flowers,Business,11,Flowers,Business,,,,,
2023-01-20,2023,1,Capital One CC,CC uploads,JETBLUE   2794412976097,JETBLUE   2794412976097,-50.0,67,Travel,Personal,67,Travel,Personal,,,,,
2023-06-26,2023,6,Bank of Marin,BoM master,See's Candies,See's Candies,-50.02,14,Materials,Business,14,Materials,Business,,,,,
2023-09-01,2023,9,Capital One CC,CC uploads,Google ADS5237369439,Google ADS5237369439,-50.04,23,Ads & Subscriptions,Business,23,Ads & Subscriptions,Business,,,,,
2024-08-14,2024,8,Capital One CC,2024.xlsx Capital 1 Clean,Scran,Scran,-50.14,43,Food,Business,43,Food,Business,,,,,
2025-08-12,2025,8,Capital One CC,2025 v3.xlsx,DUE NOVE NOVE,DUE NOVE NOVE,-50.23,43,Food,Business,43,Food,Business,,,,,
2023-09-01,2023,9,Capital One CC,CC uploads,Google ADS7942272052,Google ADS7942272052,-50.35,23,Ads & Subscriptions,Business,23,Ads & Subscriptions,Business,,,,,
2025-05-23,2025,5,Capital One CC,2025 v3.xlsx,DD *DOORDASH YELLOWTAI,DD *DOORDASH YELLOWTAI,-50.51,43,Food,Business,43,Food,Business,,,,,
2025-04-19,2025,4,Capital One CC,2025 v3.xlsx,DD *DOORDASH CHOLITALI,DD *DOORDASH CHOLITALI,-50.64,43,Food,Business,43,Food,Business,,,,,
2023-01-29,2023,1,Capital One CC,CC uploads,LA PENCA A* LA PENCA A,LA PENCA A* LA PENCA A,-50.92,43,Food,Business,43,Food,Business,,,,,
2024-08-05,2024,8,Bank of Marin,2024.xlsx Marin clean,Olaplex Httpsolap Ca,Olaplex Httpsolap Ca,-50.95,42,Misc,Business,42,Misc,Business,,,,,
2025-08-19,2025,8,Bank of Marin,2025 v3.xlsx,Check #5243 — PAYEE UNKNOWN,Check #5243,-50.95,11,Flowers,Business,11,Flowers,Business,,,,,
2023-10-05,2023,10,Capital One CC,CC uploads,FLORAL SUPPLY SYND #1,FLORAL SUPPLY SYND #1,-51.0,11,Flowers,Business,11,Flowers,Business,,,,,
2024-11-04,2024,11,Bank of Marin,2024.xlsx Marin clean,DoorDash,DoorDash,-51.1,43,Food,Business,43,Food,Business,,,,,
2025-02-03,2025,2,Capital One CC,2025 v3.xlsx,Amazon.com*ZC2CL0841,Amazon.com*ZC2CL0841,-51.19,62,Amazon,Personal,62,Amazon,Personal,,,,,
2026-03-07,2026,3,Capital One CC,CC uploads,DD *DOORDASH SWEETGREE,DD *DOORDASH SWEETGREE,-51.27,43,Food,Business,43,Food,Business,,,,,
2024-12-07,2024,12,Capital One CC,2024.xlsx Capital 1 Clean,TST*PARCHE - OAKLAND,TST*PARCHE - OAKLAND,-51.3,43,Food,Business,43,Food,Business,,,,,
2026-06-05,2026,6,Capital One CC,CC uploads,DOORDASH*06/04-2 ORDER,DOORDASH*06/04-2 ORDER,-51.39,43,Food,Business,43,Food,Business,,,,,
2026-05-13,2026,5,Bank of Marin,BoM master,Hitech Nails,Hitech Nails,-51.5,42,Misc,Business,42,Misc,Business,,,,,
2026-04-28,2026,4,Capital One CC,CC uploads,HITECH NAILS,HITECH NAILS,-51.5,14,Materials,Business,14,Materials,Business,,,,,
2023-09-11,2023,9,Bank of Marin,BoM master,DoorDash,DoorDash,-51.52,43,Food,Business,43,Food,Business,,,,,
2023-07-24,2023,7,Bank of Marin,BoM master,Rail Dining,Rail Dining,-51.6,43,Food,Business,43,Food,Business,,,,,
2025-02-03,2025,2,Capital One CC,2025 v3.xlsx,DD *DOORDASH TAHINA,DD *DOORDASH TAHINA,-51.67,43,Food,Business,43,Food,Business,,,,,
2024-12-12,2024,12,Capital One CC,2024.xlsx Capital 1 Clean,AEROMEXICO COM,AEROMEXICO COM,-51.7,67,Travel,Personal,67,Travel,Personal,,,,,
2024-12-12,2024,12,Capital One CC,2024.xlsx Capital 1 Clean,PURCHASE ADJUSTMENT,PURCHASE ADJUSTMENT,-51.7,67,Travel,Personal,67,Travel,Personal,,,,,
2025-04-07,2025,4,Capital One CC,2025 v3.xlsx,SPHERE-CONCESSIONS,SPHERE-CONCESSIONS,-51.82,43,Food,Business,43,Food,Business,,,,,
2023-02-03,2023,2,Capital One CC,CC uploads,FLORAL SUPPLY SYND #1,FLORAL SUPPLY SYND #1,-51.9,11,Flowers,Business,11,Flowers,Business,,,,,
2025-03-12,2025,3,Capital One CC,2025 v3.xlsx,SAFEWAY FUEL2708,SAFEWAY FUEL2708,-52.01,31,Car (shop),Business,31,Car (shop),Business,,,,,
2023-12-18,2023,12,Bank of Marin,BoM master,DoorDash,DoorDash,-52.01,43,Food,Business,43,Food,Business,,,,,
2023-08-22,2023,8,Bank of Marin,BoM master,DoorDash,DoorDash,-52.02,43,Food,Business,43,Food,Business,,,,,
2023-07-03,2023,7,Bank of Marin,BoM master,Eco Groovy Deals,Eco Groovy Deals,-52.08,42,Misc,Business,42,Misc,Business,,,,,
2023-01-06,2023,1,Bank of Marin,BoM master,Alameda Fuel Mart,Alameda Fuel Mart,-52.08,31,Car (shop),Business,31,Car (shop),Business,,,,,
2025-06-03,2025,6,Bank of Marin,2025 v3.xlsx,Target,Target,-52.39,14,Materials,Business,14,Materials,Business,,,,,
2025-11-24,2025,11,Capital One CC,2025 v3.xlsx,HOUSE OF MOSS FAIRE,HOUSE OF MOSS FAIRE,-52.5,11,Flowers,Business,11,Flowers,Business,,,,,
2026-06-24,2026,6,Capital One CC,CC uploads,OAKWIND HOLLOW FAIRE,OAKWIND HOLLOW FAIRE,-52.5,11,Flowers,Business,11,Flowers,Business,,,,,
2023-09-14,2023,9,Bank of Marin,BoM master,DoorDash,DoorDash,-52.52,43,Food,Business,43,Food,Business,,,,,
2023-10-13,2023,10,Capital One CC,CC uploads,EXXON ALAMEDA FUEL MAR,EXXON ALAMEDA FUEL MAR,-52.55,31,Car (shop),Business,31,Car (shop),Business,,,,,
2023-03-15,2023,3,Bank of Marin,BoM master,Safeway Fuel,Safeway Fuel,-52.58,31,Car (shop),Business,31,Car (shop),Business,,,,,
2024-08-10,2024,8,Capital One CC,2024.xlsx Capital 1 Clean,SQ *MOSLEY'S CAFE,SQ *MOSLEY'S CAFE,-52.63,43,Food,Business,43,Food,Business,,,,,
2024-01-10,2024,1,Capital One CC,2024.xlsx Capital 1 Clean,RESTAURANTE LOS DELFIN,RESTAURANTE LOS DELFIN,-52.65,43,Food,Business,43,Food,Business,,,,,
2024-05-19,2024,5,Capital One CC,2024.xlsx Capital 1 Clean,SODA MARBELLA,SODA MARBELLA,-52.83,43,Food,Business,43,Food,Business,,,,,
2023-09-05,2023,9,Bank of Marin,BoM master,Anthropologie,Anthropologie,-52.85,66,Clothing,Personal,66,Clothing,Personal,,,,,
2023-01-04,2023,1,Bank of Marin,BoM master,Safeway Fuel,Safeway Fuel,-52.89,31,Car (shop),Business,31,Car (shop),Business,,,,,
2023-12-30,2023,12,Capital One CC,CC uploads,SQ *LEGION,SQ *LEGION,-52.97,43,Food,Business,43,Food,Business,,,,,
2025-02-19,2025,2,Bank of Marin,2025 v3.xlsx,AT&T,AT&T,-53.0,33,Utilities,Business,33,Utilities,Business,,,,,
2025-03-24,2025,3,Bank of Marin,2025 v3.xlsx,AT&T,AT&T,-53.0,33,Utilities,Business,33,Utilities,Business,,,,,
2025-04-21,2025,4,Bank of Marin,2025 v3.xlsx,AT&T,AT&T,-53.0,33,Utilities,Business,33,Utilities,Business,,,,,
2025-05-20,2025,5,Bank of Marin,2025 v3.xlsx,AT&T,AT&T,-53.0,33,Utilities,Business,33,Utilities,Business,,,,,
2025-06-20,2025,6,Bank of Marin,2025 v3.xlsx,AT&T,AT&T,-53.0,33,Utilities,Business,33,Utilities,Business,,,,,
2025-07-21,2025,7,Bank of Marin,2025 v3.xlsx,AT&T,AT&T,-53.0,33,Utilities,Business,33,Utilities,Business,,,,,
2025-08-19,2025,8,Bank of Marin,2025 v3.xlsx,AT&T,AT&T,-53.0,33,Utilities,Business,33,Utilities,Business,,,,,
2025-09-23,2025,9,Bank of Marin,2025 v3.xlsx,AT&T,AT&T,-53.0,33,Utilities,Business,33,Utilities,Business,,,,,
2025-10-21,2025,10,Bank of Marin,2025 v3.xlsx,AT&T,AT&T,-53.0,33,Utilities,Business,33,Utilities,Business,,,,,
2025-11-19,2025,11,Bank of Marin,2025 v3.xlsx,AT&T,AT&T,-53.0,33,Utilities,Business,33,Utilities,Business,,,,,
2025-12-22,2025,12,Bank of Marin,2025 v3.xlsx,AT&T,AT&T,-53.0,33,Utilities,Business,33,Utilities,Business,,,,,
2023-03-01,2023,3,Capital One CC,CC uploads,SHAREPIZZAKITCHEN.COM,SHAREPIZZAKITCHEN.COM,-53.0,43,Food,Business,43,Food,Business,,,,,
2025-09-16,2025,9,Capital One CC,2025 v3.xlsx,AMAZON MKTPL*GX1FY0DD3,AMAZON MKTPL*GX1FY0DD3,-53.15,62,Amazon,Personal,62,Amazon,Personal,,,,,
2025-01-20,2025,1,Capital One CC,2025 v3.xlsx,AMAZON MKTPL*ZG8XK64S0,AMAZON MKTPL*ZG8XK64S0,-53.36,62,Amazon,Personal,62,Amazon,Personal,,,,,
2024-08-19,2024,8,Bank of Marin,2024.xlsx Marin clean,Uber Pending Transaction,Uber Pending Transaction,-53.38,67,Travel,Personal,67,Travel,Personal,,,,,
2025-08-27,2025,8,Capital One CC,2025 v3.xlsx,DD *DOORDASH TROYGREEK,DD *DOORDASH TROYGREEK,-53.53,43,Food,Business,43,Food,Business,,,,,
2023-12-08,2023,12,Capital One CC,CC uploads,MT. EDEN FLORAL COMPAN,MT. EDEN FLORAL COMPAN,-53.55,15,Merchandise,Business,15,Merchandise,Business,,,,,
2024-12-02,2024,12,Bank of Marin,2024.xlsx Marin clean,Soul Connections,Soul Connections,-53.59,42,Misc,Business,42,Misc,Business,,,,,
2023-03-25,2023,3,Capital One CC,CC uploads,SUNFLOWER CAFFE,SUNFLOWER CAFFE,-53.59,43,Food,Business,43,Food,Business,,,,,
2025-06-09,2025,6,Capital One CC,2025 v3.xlsx,MAGNIFIQUE HEART FAIRE,MAGNIFIQUE HEART FAIRE,-53.68,11,Flowers,Business,11,Flowers,Business,,,,,
2023-07-13,2023,7,Bank of Marin,BoM master,Alameda Fuel Mart,Alameda Fuel Mart,-53.83,31,Car (shop),Business,31,Car (shop),Business,,,,,
2023-04-26,2023,4,Bank of Marin,BoM master,Safeway Fuel,Safeway Fuel,-54.0,31,Car (shop),Business,31,Car (shop),Business,,,,,
2023-05-30,2023,5,Capital One CC,CC uploads,FLORAL SUPPLY SYND #1,FLORAL SUPPLY SYND #1,-54.0,11,Flowers,Business,11,Flowers,Business,,,,,
2023-05-02,2023,5,Capital One CC,CC uploads,COAST WHOLESALE FLORIS,COAST WHOLESALE FLORIS,-54.0,11,Flowers,Business,11,Flowers,Business,,,,,
2023-03-30,2023,3,Capital One CC,CC uploads,COAST WHOLESALE FLORIS,COAST WHOLESALE FLORIS,-54.0,11,Flowers,Business,11,Flowers,Business,,,,,
2025-08-04,2025,8,Capital One CC,2025 v3.xlsx,FAIZA NATURALS FAIRE,FAIZA NATURALS FAIRE,-54.06,11,Flowers,Business,11,Flowers,Business,,,,,
2024-06-04,2024,6,Bank of Marin,2024.xlsx Marin clean,Safeway Fuel,Safeway Fuel,-54.07,31,Car (shop),Business,31,Car (shop),Business,,,,,
2025-05-29,2025,5,Capital One CC,2025 v3.xlsx,AMAZON MKTPL*NN4PH01T1,AMAZON MKTPL*NN4PH01T1,-54.23,62,Amazon,Personal,62,Amazon,Personal,,,,,
2023-05-01,2023,5,Bank of Marin,BoM master,Amazon,Amazon,-54.27,62,Amazon,Personal,62,Amazon,Personal,,,,,
2024-05-23,2024,5,Capital One CC,2024.xlsx Capital 1 Clean,FLORAL SUPPLY SYND #1,FLORAL SUPPLY SYND #1,-54.5,11,Flowers,Business,11,Flowers,Business,,,,,
2024-01-22,2024,1,Bank of Marin,2024.xlsx Marin clean,DoorDash,DoorDash,-54.53,43,Food,Business,43,Food,Business,,,,,
2023-01-09,2023,1,Bank of Marin,BoM master,Check #5002 — PAYEE UNKNOWN,Check #5002,-54.6,11,Flowers,Business,11,Flowers,Business,,,,,
2025-09-05,2025,9,Capital One CC,2025 v3.xlsx,SQ *SCOLARI'S RESTAURA,SQ *SCOLARI'S RESTAURA,-54.76,43,Food,Business,43,Food,Business,,,,,
2024-02-13,2024,2,Bank of Marin,2024.xlsx Marin clean,Safeway Fuel,Safeway Fuel,-54.78,31,Car (shop),Business,31,Car (shop),Business,,,,,
2026-04-04,2026,4,Capital One CC,CC uploads,TARGET.COM  *,TARGET.COM  *,-54.96,15,Merchandise,Business,15,Merchandise,Business,,,,,
2024-01-07,2024,1,Capital One CC,2024.xlsx Capital 1 Clean,RANI BAN CO FAIRE,RANI BAN CO FAIRE,-55.0,11,Flowers,Business,11,Flowers,Business,,,,,
2024-10-29,2024,10,Capital One CC,2024.xlsx Capital 1 Clean,SQ *PACIFIC COAST EVER,SQ *PACIFIC COAST EVER,-55.0,15,Merchandise,Business,15,Merchandise,Business,,,,,
2023-05-22,2023,5,Bank of Marin,BoM master,Tomos Mini Spa Na Ils,Tomos Mini Spa Na Ils,-55.0,42,Misc,Business,42,Misc,Business,,,,,
2023-04-24,2023,4,Bank of Marin,BoM master,Tomos Mini Spa Na Ils,Tomos Mini Spa Na Ils,-55.0,42,Misc,Business,42,Misc,Business,,,,,
2023-04-03,2023,4,Bank of Marin,BoM master,Tomos Mini Spa Na Ils,Tomos Mini Spa Na Ils,-55.0,42,Misc,Business,42,Misc,Business,,,,,
2023-03-06,2023,3,Bank of Marin,BoM master,Tomos Mini Spa Na Ils,Tomos Mini Spa Na Ils,-55.0,42,Misc,Business,42,Misc,Business,,,,,
2023-12-10,2023,12,Capital One CC,CC uploads,FASTRAK CSC,FASTRAK CSC,-55.0,31,Car (shop),Business,31,Car (shop),Business,,,,,
2023-11-29,2023,11,Capital One CC,CC uploads,FASTRAK CSC,FASTRAK CSC,-55.0,31,Car (shop),Business,31,Car (shop),Business,,,,,
2023-11-09,2023,11,Capital One CC,CC uploads,FASTRAK CSC,FASTRAK CSC,-55.0,31,Car (shop),Business,31,Car (shop),Business,,,,,
2023-10-22,2023,10,Capital One CC,CC uploads,FASTRAK CSC,FASTRAK CSC,-55.0,31,Car (shop),Business,31,Car (shop),Business,,,,,
2023-08-14,2023,8,Bank of Marin,BoM master,Wescafe Alameda Ca,Wescafe Alameda Ca,-55.15,43,Food,Business,43,Food,Business,,,,,
2025-09-05,2025,9,Capital One CC,2025 v3.xlsx,Miguel Flowers,SQ *MIGUEL FLOWERS,-55.22,11,Flowers,Business,11,Flowers,Business,,,,,
2025-07-28,2025,7,Bank of Marin,2025 v3.xlsx,Atwood Stadium Rac Es,Atwood Stadium Rac Es,-55.25,14,Materials,Business,14,Materials,Business,,,,,
2023-02-22,2023,2,Bank of Marin,BoM master,Amazon,Amazon,-55.25,62,Amazon,Personal,62,Amazon,Personal,,,,,
2025-01-16,2025,1,Capital One CC,2025 v3.xlsx,ENCINAL NURSERY,ENCINAL NURSERY,-55.33,11,Flowers,Business,11,Flowers,Business,,,,,
2025-02-24,2025,2,Capital One CC,2025 v3.xlsx,TRABOCCO K* TRABOCCO K,TRABOCCO K* TRABOCCO K,-55.33,43,Food,Business,43,Food,Business,,,,,
2023-04-21,2023,4,Bank of Marin,BoM master,Amazon,Amazon,-55.35,62,Amazon,Personal,62,Amazon,Personal,,,,,
2025-01-30,2025,1,Capital One CC,2025 v3.xlsx,AMAZON MKTPL*ZC34Z5N51,AMAZON MKTPL*ZC34Z5N51,-55.36,62,Amazon,Personal,62,Amazon,Personal,,,,,
2025-08-28,2025,8,Capital One CC,2025 v3.xlsx,AMAZON MKTPL*PS4C33HG3,AMAZON MKTPL*PS4C33HG3,-55.37,62,Amazon,Personal,62,Amazon,Personal,,,,,
2026-06-09,2026,6,Capital One CC,CC uploads,DD *DOORDASH SWEETGREE,DD *DOORDASH SWEETGREE,-55.41,43,Food,Business,43,Food,Business,,,,,
2023-05-08,2023,5,Bank of Marin,BoM master,Alameda Fuel Mart,Alameda Fuel Mart,-55.47,31,Car (shop),Business,31,Car (shop),Business,,,,,
2024-01-25,2024,1,Capital One CC,2024.xlsx Capital 1 Clean,SQ *PENNY A BUNCH,SQ *PENNY A BUNCH,-55.5,15,Merchandise,Business,15,Merchandise,Business,,,,,
2025-12-11,2025,12,Capital One CC,2025 v3.xlsx,DD *DOORDASH TOOMIESTH,DD *DOORDASH TOOMIESTH,-55.57,43,Food,Business,43,Food,Business,,,,,
2026-05-07,2026,5,Capital One CC,CC uploads,SLICE*SCOLARISGOODEATS,SLICE*SCOLARISGOODEATS,-55.65,43,Food,Business,43,Food,Business,,,,,
2023-12-04,2023,12,Bank of Marin,BoM master,Chestnut Market,Chestnut Market,-55.77,42,Misc,Business,42,Misc,Business,,,,,
2025-11-22,2025,11,Capital One CC,2025 v3.xlsx,AMAZON MKTPL*B08EY5Q42,AMAZON MKTPL*B08EY5Q42,-55.88,62,Amazon,Personal,62,Amazon,Personal,,,,,
2023-06-30,2023,6,Bank of Marin,BoM master,Alameda Fuel Mart,Alameda Fuel Mart,-55.97,31,Car (shop),Business,31,Car (shop),Business,,,,,
2025-12-03,2025,12,Capital One CC,2025 v3.xlsx,SANTA ROSA WHOLESALE F,SANTA ROSA WHOLESALE F,-56.11,11,Flowers,Business,11,Flowers,Business,,,,,
2025-07-11,2025,7,Bank of Marin,2025 v3.xlsx,Amazon,Amazon,-56.29,62,Amazon,Personal,62,Amazon,Personal,,,,,
2025-02-06,2025,2,Bank of Marin,2025 v3.xlsx,Alameda Muni,Alameda Muni,-56.31,33,Utilities,Business,33,Utilities,Business,,,,,
2024-01-23,2024,1,Capital One CC,2024.xlsx Capital 1 Clean,Rafa's Wholesale Flowers,RAFAS WHOLESALE FLOWER,-56.38,11,Flowers,Business,11,Flowers,Business,,,,,
2023-01-09,2023,1,Bank of Marin,BoM master,Alameda Fuel Mart,Alameda Fuel Mart,-56.38,31,Car (shop),Business,31,Car (shop),Business,,,,,
2023-09-21,2023,9,Capital One CC,CC uploads,Grace Nursery,GRACE NURSERY INC,-56.38,11,Flowers,Business,11,Flowers,Business,,,,,
2023-07-03,2023,7,Bank of Marin,BoM master,Shipwreck Arca Ta,Shipwreck Arca Ta,-56.42,42,Misc,Business,42,Misc,Business,,,,,
2024-02-16,2024,2,Bank of Marin,2024.xlsx Marin clean,DoorDash,DoorDash,-56.48,43,Food,Business,43,Food,Business,,,,,
2023-03-13,2023,3,Bank of Marin,BoM master,Amazon,Amazon,-56.48,62,Amazon,Personal,62,Amazon,Personal,,,,,
2023-02-06,2023,2,Bank of Marin,BoM master,Amazon,Amazon,-56.74,62,Amazon,Personal,62,Amazon,Personal,,,,,
2023-03-01,2023,3,Capital One CC,CC uploads,DOORDASH*TOOMIES THAI,DOORDASH*TOOMIES THAI,-56.76,43,Food,Business,43,Food,Business,,,,,
2023-02-17,2023,2,Capital One CC,CC uploads,DOORDASH*TOOMIES THAI,DOORDASH*TOOMIES THAI,-56.76,43,Food,Business,43,Food,Business,,,,,
2024-03-21,2024,3,Capital One CC,2024.xlsx Capital 1 Clean,Grace Nursery,GRACE NURSERY INC,-56.89,11,Flowers,Business,11,Flowers,Business,,,,,
2023-08-08,2023,8,Capital One CC,CC uploads,Grace Nursery,GRACE NURSERY INC,-56.89,11,Flowers,Business,11,Flowers,Business,,,,,
2023-06-22,2023,6,Capital One CC,CC uploads,Grace Nursery,GRACE NURSERY INC,-56.89,11,Flowers,Business,11,Flowers,Business,,,,,
2023-05-25,2023,5,Capital One CC,CC uploads,Grace Nursery,GRACE NURSERY INC,-56.89,11,Flowers,Business,11,Flowers,Business,,,,,
2023-04-13,2023,4,Capital One CC,CC uploads,Grace Nursery,GRACE NURSERY INC,-56.89,11,Flowers,Business,11,Flowers,Business,,,,,
2023-03-16,2023,3,Capital One CC,CC uploads,Grace Nursery,GRACE NURSERY INC,-56.89,11,Flowers,Business,11,Flowers,Business,,,,,
2025-05-10,2025,5,Capital One CC,2025 v3.xlsx,DD *DOORDASH CHOLITALI,DD *DOORDASH CHOLITALI,-56.98,43,Food,Business,43,Food,Business,,,,,
2024-01-07,2024,1,Capital One CC,2024.xlsx Capital 1 Clean,HOUSE OF MOSS FAIRE,HOUSE OF MOSS FAIRE,-57.0,11,Flowers,Business,11,Flowers,Business,,,,,
2024-10-23,2024,10,Capital One CC,2024.xlsx Capital 1 Clean,ARCO#83388DK-ARCO LQPS,ARCO#83388DK-ARCO LQPS,-57.09,31,Car (shop),Business,31,Car (shop),Business,,,,,
2026-02-11,2026,2,Capital One CC,CC uploads,TST* PIZZERIA PAPPO,TST* PIZZERIA PAPPO,-57.16,43,Food,Business,43,Food,Business,,,,,
2025-03-03,2025,3,Capital One CC,2025 v3.xlsx,TST*BAR CESAR,TST*BAR CESAR,-57.17,43,Food,Business,43,Food,Business,,,,,
2025-05-03,2025,5,Capital One CC,2025 v3.xlsx,AMAZON MKTPL*N20M85R80,AMAZON MKTPL*N20M85R80,-57.23,62,Amazon,Personal,62,Amazon,Personal,,,,,
2024-11-21,2024,11,Capital One CC,2024.xlsx Capital 1 Clean,MT. EDEN FLORAL COMPAN,MT. EDEN FLORAL COMPAN,-57.25,15,Merchandise,Business,15,Merchandise,Business,,,,,
2025-07-11,2025,7,Bank of Marin,2025 v3.xlsx,Alameda Muni,Alameda Muni,-57.39,33,Utilities,Business,33,Utilities,Business,,,,,
2024-06-13,2024,6,Capital One CC,2024.xlsx Capital 1 Clean,Rafa's Wholesale Flowers,RAFAS WHOLESALE FLOWER,-57.4,11,Flowers,Business,11,Flowers,Business,,,,,
2023-12-15,2023,12,Bank of Marin,BoM master,Grace Nursery,Grace Nursery Inc,-57.4,11,Flowers,Business,11,Flowers,Business,,,,,
2026-02-12,2026,2,Capital One CC,CC uploads,SQ *WESCAFE,SQ *WESCAFE,-57.48,43,Food,Business,43,Food,Business,,,,,
2023-02-06,2023,2,Bank of Marin,BoM master,Amazon,Amazon,-57.56,62,Amazon,Personal,62,Amazon,Personal,,,,,
2025-12-31,2025,12,Bank of Marin,2025 v3.xlsx,Safeway Fuel,Safeway Fuel,-57.59,31,Car (shop),Business,31,Car (shop),Business,,,,,
2024-05-16,2024,5,Capital One CC,2024.xlsx Capital 1 Clean,Mayesh Wholesale Flowers,Mayesh San Francisco,-57.63,11,Flowers,Business,11,Flowers,Business,,,,,
2025-10-31,2025,10,Bank of Marin,2025 v3.xlsx,Safeway Fuel,Safeway Fuel,-57.82,31,Car (shop),Business,31,Car (shop),Business,,,,,
2023-09-28,2023,9,Capital One CC,CC uploads,Grace Nursery,GRACE NURSERY INC,-57.91,11,Flowers,Business,11,Flowers,Business,,,,,
2026-02-17,2026,2,Bank of Marin,BoM master,Webster,Webster,-57.94,31,Car (shop),Business,31,Car (shop),Business,,,,,
2026-07-21,2026,7,Bank of Marin,BoM master,AT&T,AT&T,-58.0,33,Utilities,Business,33,Utilities,Business,,,,,
2026-06-18,2026,6,Bank of Marin,BoM master,AT&T,AT&T,-58.0,33,Utilities,Business,33,Utilities,Business,,,,,
2026-05-19,2026,5,Bank of Marin,BoM master,AT&T,AT&T,-58.0,33,Utilities,Business,33,Utilities,Business,,,,,
2026-04-20,2026,4,Bank of Marin,BoM master,AT&T,AT&T,-58.0,33,Utilities,Business,33,Utilities,Business,,,,,
2026-03-23,2026,3,Bank of Marin,BoM master,AT&T,AT&T,-58.0,33,Utilities,Business,33,Utilities,Business,,,,,
2026-02-19,2026,2,Bank of Marin,BoM master,AT&T,AT&T,-58.0,33,Utilities,Business,33,Utilities,Business,,,,,
2026-01-20,2026,1,Bank of Marin,BoM master,AT&T,AT&T,-58.0,33,Utilities,Business,33,Utilities,Business,,,,,
2023-12-08,2023,12,Capital One CC,CC uploads,CHAK NURSERY INC,CHAK NURSERY INC,-58.1,15,Merchandise,Business,15,Merchandise,Business,,,,,
2023-04-04,2023,4,Bank of Marin,BoM master,Safeway Fuel,Safeway Fuel,-58.21,31,Car (shop),Business,31,Car (shop),Business,,,,,
2024-12-26,2024,12,Bank of Marin,2024.xlsx Marin clean,Shell,Shell,-58.25,31,Car (shop),Business,31,Car (shop),Business,,,,,
2024-11-11,2024,11,Capital One CC,2024.xlsx Capital 1 Clean,SAFEWAY FUEL3281,SAFEWAY FUEL3281,-58.34,31,Car (shop),Business,31,Car (shop),Business,,,,,
2025-02-01,2025,2,Capital One CC,2025 v3.xlsx,Amazon.com*Z79KH62H2,Amazon.com*Z79KH62H2,-58.35,62,Amazon,Personal,62,Amazon,Personal,,,,,
2023-06-22,2023,6,Capital One CC,CC uploads,COAST WHOLESALE FLORIS,COAST WHOLESALE FLORIS,-58.35,11,Flowers,Business,11,Flowers,Business,,,,,
2025-01-13,2025,1,Capital One CC,2025 v3.xlsx,SAFEWAY FUEL2708,SAFEWAY FUEL2708,-58.44,31,Car (shop),Business,31,Car (shop),Business,,,,,
2023-04-21,2023,4,Bank of Marin,BoM master,A Market,A Market,-58.81,42,Misc,Business,42,Misc,Business,,,,,
2023-01-10,2023,1,Capital One CC,CC uploads,PTICKET.COM-ALAMEDA,PTICKET.COM-ALAMEDA,-58.95,42,Misc,Business,42,Misc,Business,,,,,
2025-11-26,2025,11,Capital One CC,2025 v3.xlsx,GREENS & GRAINS,GREENS & GRAINS,-59.32,43,Food,Business,43,Food,Business,,,,,
2023-09-07,2023,9,Bank of Marin,BoM master,Alameda Fuel Mart,Alameda Fuel Mart,-59.32,31,Car (shop),Business,31,Car (shop),Business,,,,,
2026-02-03,2026,2,Capital One CC,CC uploads,DD *DOORDASH THESTAR,DD *DOORDASH THESTAR,-59.46,43,Food,Business,43,Food,Business,,,,,
2026-01-04,2026,1,Capital One CC,CC uploads,DOORDASH*01/03-2 ORDER,DOORDASH*01/03-2 ORDER,-59.46,43,Food,Business,43,Food,Business,,,,,
2023-03-08,2023,3,Bank of Marin,BoM master,Safeway Fuel,Safeway Fuel,-59.48,31,Car (shop),Business,31,Car (shop),Business,,,,,
2025-03-28,2025,3,Capital One CC,2025 v3.xlsx,SAFEWAY FUEL2708,SAFEWAY FUEL2708,-59.53,31,Car (shop),Business,31,Car (shop),Business,,,,,
2026-01-07,2026,1,Capital One CC,CC uploads,MS* JOJOEAUCKLAND,MS* JOJOEAUCKLAND,-59.53,42,Misc,Business,42,Misc,Business,,,,,
2023-03-09,2023,3,Capital One CC,CC uploads,Mayesh Wholesale Flowers,Mayesh San Francisco,-59.67,11,Flowers,Business,11,Flowers,Business,,,,,
2025-10-24,2025,10,Capital One CC,2025 v3.xlsx,Grace Nursery,GRACE NURSERY INC,-59.71,11,Flowers,Business,11,Flowers,Business,,,,,
2025-09-27,2025,9,Capital One CC,2025 v3.xlsx,DD *DOORDASH INDIAPALA,DD *DOORDASH INDIAPALA,-59.74,43,Food,Business,43,Food,Business,,,,,
2023-06-26,2023,6,Bank of Marin,BoM master,Pagano S Hardware Towne,Pagano S Hardware Towne,-59.75,42,Misc,Business,42,Misc,Business,,,,,
2024-10-24,2024,10,Bank of Marin,2024.xlsx Marin clean,Pagano S Hardware Towne,Pagano S Hardware Towne,-59.77,45,Furniture,Business,45,Furniture,Business,,,,,
2025-11-18,2025,11,Capital One CC,2025 v3.xlsx,AMAZON MKTPL*B805R77X2,AMAZON MKTPL*B805R77X2,-59.96,62,Amazon,Personal,62,Amazon,Personal,,,,,
2025-12-01,2025,12,Capital One CC,2025 v3.xlsx,AMAZON MKTPL*BB8GW0512,AMAZON MKTPL*BB8GW0512,-59.96,62,Amazon,Personal,62,Amazon,Personal,,,,,
2024-03-04,2024,3,Bank of Marin,2024.xlsx Marin clean,Tomos Mini Spa Na Ils,Tomos Mini Spa Na Ils,-60.0,42,Misc,Business,42,Misc,Business,,,,,
2024-04-02,2024,4,Bank of Marin,2024.xlsx Marin clean,Venmo — RECIPIENT UNKNOWN,Transfer to Venmo,-60.0,22,Venmo,Business,22,Venmo,Business,,,,,
2024-06-24,2024,6,Bank of Marin,2024.xlsx Marin clean,Tomos Mini Spa Na Ils,Tomos Mini Spa Na Ils,-60.0,42,Misc,Business,42,Misc,Business,,,,,
2024-08-05,2024,8,Bank of Marin,2024.xlsx Marin clean,Tomo S Organic Spa,Tomo S Organic Spa,-60.0,42,Misc,Business,42,Misc,Business,,,,,
2024-11-21,2024,11,Bank of Marin,2024.xlsx Marin clean,Venmo — RECIPIENT UNKNOWN,Transfer to Venmo,-60.0,22,Venmo,Business,22,Venmo,Business,,,,,
2024-12-13,2024,12,Bank of Marin,2024.xlsx Marin clean,Venmo — RECIPIENT UNKNOWN,Transfer to Venmo,-60.0,22,Venmo,Business,22,Venmo,Business,,,,,
2024-10-17,2024,10,Capital One CC,2024.xlsx Capital 1 Clean,SQ *PACIFIC COAST EVER,SQ *PACIFIC COAST EVER,-60.0,15,Merchandise,Business,15,Merchandise,Business,,,,,
2024-12-11,2024,12,Capital One CC,2024.xlsx Capital 1 Clean,LEELO ROSE FAIRE,LEELO ROSE FAIRE,-60.0,11,Flowers,Business,11,Flowers,Business,,,,,
2025-04-11,2025,4,Capital One CC,2025 v3.xlsx,Torchio Nursery,TORCHIO NURSERY COMPAN,-60.0,11,Flowers,Business,11,Flowers,Business,,,,,
2025-01-07,2025,1,Bank of Marin,2025 v3.xlsx,Venmo — RECIPIENT UNKNOWN,Transfer to Venmo,-60.0,22,Venmo,Business,22,Venmo,Business,,,,,
2025-05-09,2025,5,Bank of Marin,2025 v3.xlsx,Venmo — RECIPIENT UNKNOWN,Transfer to Venmo,-60.0,22,Venmo,Business,22,Venmo,Business,,,,,
2026-05-04,2026,5,Bank of Marin,BoM master,Venmo — RECIPIENT UNKNOWN,Transfer to Venmo,-60.0,22,Venmo,Business,22,Venmo,Business,,,,,
2026-04-20,2026,4,Bank of Marin,BoM master,Venmo — RECIPIENT UNKNOWN,Transfer to Venmo,-60.0,22,Venmo,Business,22,Venmo,Business,,,,,
2026-04-10,2026,4,Bank of Marin,BoM master,Venmo — RECIPIENT UNKNOWN,Transfer to Venmo,-60.0,22,Venmo,Business,22,Venmo,Business,,,,,
2023-07-03,2023,7,Bank of Marin,BoM master,Shell,Shell,-60.0,31,Car (shop),Business,31,Car (shop),Business,,,,,
2023-06-20,2023,6,Bank of Marin,BoM master,Penny a Bunch,Penny a Bunch,-60.0,42,Misc,Business,42,Misc,Business,,,,,
2023-09-17,2023,9,Capital One CC,CC uploads,ARCO#83388DK ARCO  QPS,ARCO#83388DK ARCO  QPS,-60.0,31,Car (shop),Business,31,Car (shop),Business,,,,,
2023-02-13,2023,2,Capital One CC,CC uploads,SQ *GREEN VALLEY GROWE,SQ *GREEN VALLEY GROWE,-60.0,15,Merchandise,Business,15,Merchandise,Business,,,,,
2023-01-31,2023,1,Capital One CC,CC uploads,SQ *GREEN VALLEY GROWE,SQ *GREEN VALLEY GROWE,-60.0,15,Merchandise,Business,15,Merchandise,Business,,,,,
2023-02-28,2023,2,Bank of Marin,BoM master,Safeway Fuel,Safeway Fuel,-60.01,31,Car (shop),Business,31,Car (shop),Business,,,,,
2023-12-03,2023,12,Capital One CC,CC uploads,CHEVRON 0093535,CHEVRON 0093535,-60.06,31,Car (shop),Business,31,Car (shop),Business,,,,,
2024-06-20,2024,6,Bank of Marin,2024.xlsx Marin clean,Anthropologie,Anthropologie,-60.08,66,Clothing,Personal,66,Clothing,Personal,,,,,
2023-09-11,2023,9,Bank of Marin,BoM master,Amazon,Amazon,-60.08,62,Amazon,Personal,62,Amazon,Personal,,,,,
2024-07-22,2024,7,Capital One CC,2024.xlsx Capital 1 Clean,ARCO#83388DK ARCO  QPS,ARCO#83388DK ARCO  QPS,-60.12,31,Car (shop),Business,31,Car (shop),Business,,,,,
2023-05-17,2023,5,Capital One CC,CC uploads,CHEVRON 0090290,CHEVRON 0090290,-60.12,31,Car (shop),Business,31,Car (shop),Business,,,,,
2026-03-22,2026,3,Capital One CC,CC uploads,DD *DOORDASH BURMASUPE,DD *DOORDASH BURMASUPE,-60.18,43,Food,Business,43,Food,Business,,,,,
2026-01-13,2026,1,Capital One CC,CC uploads,TRADER JOE S #109,TRADER JOE S #109,-60.43,15,Merchandise,Business,15,Merchandise,Business,,,,,
2026-06-03,2026,6,Capital One CC,CC uploads,SAFEWAY FUEL2708,SAFEWAY FUEL2708,-60.51,31,Car (shop),Business,31,Car (shop),Business,,,,,
2024-08-20,2024,8,Bank of Marin,2024.xlsx Marin clean,Wagamama Limited London,Wagamama Limited London,-60.54,42,Misc,Business,42,Misc,Business,,,,,
2025-04-02,2025,4,Capital One CC,2025 v3.xlsx,HANDPICKED GOODS FAIRE,HANDPICKED GOODS FAIRE,-60.57,11,Flowers,Business,11,Flowers,Business,,,,,
2024-11-04,2024,11,Capital One CC,2024.xlsx Capital 1 Clean,ARCO#83388DK-ARCO LQPS,ARCO#83388DK-ARCO LQPS,-60.59,31,Car (shop),Business,31,Car (shop),Business,,,,,
2024-10-03,2024,10,Capital One CC,2024.xlsx Capital 1 Clean,Grace Nursery,GRACE NURSERY INC,-60.73,11,Flowers,Business,11,Flowers,Business,,,,,
2024-10-24,2024,10,Capital One CC,2024.xlsx Capital 1 Clean,Grace Nursery,GRACE NURSERY INC,-60.73,11,Flowers,Business,11,Flowers,Business,,,,,
2025-01-29,2025,1,Capital One CC,2025 v3.xlsx,Grace Nursery,GRACE NURSERY INC,-60.73,11,Flowers,Business,11,Flowers,Business,,,,,
2025-03-12,2025,3,Capital One CC,2025 v3.xlsx,Grace Nursery,GRACE NURSERY INC,-60.73,11,Flowers,Business,11,Flowers,Business,,,,,
2024-03-03,2024,3,Capital One CC,2024.xlsx Capital 1 Clean,SQ *MOSLEY'S CAFE,SQ *MOSLEY'S CAFE,-60.8,43,Food,Business,43,Food,Business,,,,,
2023-03-06,2023,3,Capital One CC,CC uploads,LA PENCA A* LA PENCA A,LA PENCA A* LA PENCA A,-60.88,43,Food,Business,43,Food,Business,,,,,
2024-10-01,2024,10,Capital One CC,2024.xlsx Capital 1 Clean,MT. EDEN FLORAL COMPAN,MT. EDEN FLORAL COMPAN,-60.9,15,Merchandise,Business,15,Merchandise,Business,,,,,
2023-08-18,2023,8,Capital One CC,CC uploads,DANDELIONFLOWERSHOP.CO,DANDELIONFLOWERSHOP.CO,-60.91,15,Merchandise,Business,15,Merchandise,Business,,,,,
2024-06-28,2024,6,Bank of Marin,2024.xlsx Marin clean,Safeway Fuel,Safeway Fuel,-61.0,31,Car (shop),Business,31,Car (shop),Business,,,,,
2024-01-23,2024,1,Bank of Marin,2024.xlsx Marin clean,Chevron,Chevron,-61.16,31,Car (shop),Business,31,Car (shop),Business,,,,,
2023-03-08,2023,3,Bank of Marin,BoM master,Alameda Muni Pow Electric,Alameda Muni Pow Electric,-61.2,33,Utilities,Business,33,Utilities,Business,,,,,
2023-02-03,2023,2,Bank of Marin,BoM master,Check #5052 — PAYEE UNKNOWN,Check #5052,-61.2,11,Flowers,Business,11,Flowers,Business,,,,,
2023-04-24,2023,4,Bank of Marin,BoM master,Waki Sushi,Waki Sushi,-61.42,42,Misc,Business,42,Misc,Business,,,,,
2023-08-18,2023,8,Bank of Marin,BoM master,Alameda Fuel Mart,Alameda Fuel Mart,-61.49,31,Car (shop),Business,31,Car (shop),Business,,,,,
2023-01-04,2023,1,Capital One CC,CC uploads,AMANDA F LEONG DDS PC,AMANDA F LEONG DDS PC,-61.5,42,Misc,Business,42,Misc,Business,,,,,
2024-02-12,2024,2,Capital One CC,2024.xlsx Capital 1 Clean,MT. EDEN FLORAL COMPAN,MT. EDEN FLORAL COMPAN,-61.56,15,Merchandise,Business,15,Merchandise,Business,,,,,
2024-11-26,2024,11,Bank of Marin,2024.xlsx Marin clean,DoorDash,DoorDash,-61.59,43,Food,Business,43,Food,Business,,,,,
2026-07-13,2026,7,Capital One CC,CC uploads,TST*FATTO AMANO,TST*FATTO AMANO,-61.62,43,Food,Business,43,Food,Business,,,,,
2023-07-06,2023,7,Bank of Marin,BoM master,Safeway Fuel,Safeway Fuel,-61.83,31,Car (shop),Business,31,Car (shop),Business,,,,,
2025-06-10,2025,6,Bank of Marin,2025 v3.xlsx,Alameda Muni,Alameda Muni,-61.89,33,Utilities,Business,33,Utilities,Business,,,,,
2024-05-14,2024,5,Bank of Marin,2024.xlsx Marin clean,Uber Trip,Uber Trip,-61.96,67,Travel,Personal,67,Travel,Personal,,,,,
2023-02-08,2023,2,Capital One CC,CC uploads,YOSHI'S,YOSHI'S,-62.21,65,Entertainment,Personal,65,Entertainment,Personal,,,,,
2026-03-09,2026,3,Capital One CC,CC uploads,ARCO#83388RRA PETROQPS,ARCO#83388RRA PETROQPS,-62.23,31,Car (shop),Business,31,Car (shop),Business,,,,,
2023-03-10,2023,3,Capital One CC,CC uploads,DOORDASH*TOOMIES THAI,DOORDASH*TOOMIES THAI,-62.29,43,Food,Business,43,Food,Business,,,,,
2025-04-08,2025,4,Bank of Marin,2025 v3.xlsx,Alameda Muni,Alameda Muni,-62.42,33,Utilities,Business,33,Utilities,Business,,,,,
2026-01-09,2026,1,Capital One CC,CC uploads,RIP CURL PROPRIETARY L,RIP CURL PROPRIETARY L,-62.44,15,Merchandise,Business,15,Merchandise,Business,,,,,
2023-05-04,2023,5,Capital One CC,CC uploads,COAST WHOLESALE FLORIS,COAST WHOLESALE FLORIS,-62.5,11,Flowers,Business,11,Flowers,Business,,,,,
2023-02-10,2023,2,Capital One CC,CC uploads,DOORDASH*YELLOWTAIL JA,DOORDASH*YELLOWTAIL JA,-62.54,43,Food,Business,43,Food,Business,,,,,
2024-02-26,2024,2,Bank of Marin,2024.xlsx Marin clean,Safeway Fuel,Safeway Fuel,-62.64,31,Car (shop),Business,31,Car (shop),Business,,,,,
2026-04-07,2026,4,Capital One CC,CC uploads,MT. EDEN FLORAL COMPAN,MT. EDEN FLORAL COMPAN,-62.7,15,Merchandise,Business,15,Merchandise,Business,,,,,
2024-04-25,2024,4,Bank of Marin,2024.xlsx Marin clean,DoorDash,DoorDash,-62.74,43,Food,Business,43,Food,Business,,,,,
2024-06-12,2024,6,Bank of Marin,2024.xlsx Marin clean,Safeway Fuel,Safeway Fuel,-62.74,31,Car (shop),Business,31,Car (shop),Business,,,,,
2025-07-07,2025,7,Capital One CC,2025 v3.xlsx,CORNERSTON* CORNERSTON,CORNERSTON* CORNERSTON,-62.74,43,Food,Business,43,Food,Business,,,,,
2025-05-12,2025,5,Capital One CC,2025 v3.xlsx,DD *DOORDASH DIMSUMBES,DD *DOORDASH DIMSUMBES,-63.07,43,Food,Business,43,Food,Business,,,,,
2024-11-26,2024,11,Bank of Marin,2024.xlsx Marin clean,Target,Target,-63.16,14,Materials,Business,14,Materials,Business,,,,,
2025-09-01,2025,9,Capital One CC,2025 v3.xlsx,AMAZON MKTPL*MM8U82ZY3,AMAZON MKTPL*MM8U82ZY3,-63.2,62,Amazon,Personal,62,Amazon,Personal,,,,,
2026-05-15,2026,5,Capital One CC,CC uploads,"RADC ENTERPRISES, INC","RADC ENTERPRISES, INC",-63.23,31,Car (shop),Business,31,Car (shop),Business,,,,,
2024-05-20,2024,5,Capital One CC,2024.xlsx Capital 1 Clean,NEWREST COSTA RICA,NEWREST COSTA RICA,-63.31,43,Food,Business,43,Food,Business,,,,,
2025-01-25,2025,1,Capital One CC,2025 v3.xlsx,NATURALIZER,NATURALIZER,-63.36,15,Merchandise,Business,15,Merchandise,Business,,,,,
2026-05-17,2026,5,Capital One CC,CC uploads,FAIRWAY PLUS,FAIRWAY PLUS,-63.7,31,Car (shop),Business,31,Car (shop),Business,,,,,
2023-02-13,2023,2,Bank of Marin,BoM master,Alameda Fuel Mart,Alameda Fuel Mart,-63.77,31,Car (shop),Business,31,Car (shop),Business,,,,,
2026-02-02,2026,2,Capital One CC,CC uploads,TARGET.COM  *,TARGET.COM  *,-63.84,15,Merchandise,Business,15,Merchandise,Business,,,,,
2024-08-29,2024,8,Capital One CC,2024.xlsx Capital 1 Clean,TANDOOR,TANDOOR,-63.96,43,Food,Business,43,Food,Business,,,,,
2023-11-24,2023,11,Bank of Marin,BoM master,DoorDash,DoorDash,-64.06,43,Food,Business,43,Food,Business,,,,,
2025-07-05,2025,7,Capital One CC,2025 v3.xlsx,TST* PIZZERIA PAPPO,TST* PIZZERIA PAPPO,-64.13,43,Food,Business,43,Food,Business,,,,,
2023-08-14,2023,8,Bank of Marin,BoM master,The Bureau,The Bureau,-64.16,42,Misc,Business,42,Misc,Business,,,,,
2024-07-11,2024,7,Capital One CC,2024.xlsx Capital 1 Clean,SAFEWAY FUEL2708,SAFEWAY FUEL2708,-64.24,31,Car (shop),Business,31,Car (shop),Business,,,,,
2023-08-04,2023,8,Bank of Marin,BoM master,Safeway Fuel,Safeway Fuel,-64.3,31,Car (shop),Business,31,Car (shop),Business,,,,,
2026-05-06,2026,5,Capital One CC,CC uploads,DD *DOORDASH TAHINA,DD *DOORDASH TAHINA,-64.35,43,Food,Business,43,Food,Business,,,,,
2024-03-11,2024,3,Bank of Marin,2024.xlsx Marin clean,Beer Baron Ba R Ki,Beer Baron Ba R Ki,-64.37,43,Food,Business,43,Food,Business,,,,,
2025-08-14,2025,8,Capital One CC,2025 v3.xlsx,RISTORANTE DA PEPPINO,RISTORANTE DA PEPPINO,-64.52,43,Food,Business,43,Food,Business,,,,,
2024-12-30,2024,12,Bank of Marin,2024.xlsx Marin clean,ARCO,ARCO,-64.58,31,Car (shop),Business,31,Car (shop),Business,,,,,
2023-06-12,2023,6,Bank of Marin,BoM master,Check #5028 — PAYEE UNKNOWN,Check #5028,-64.6,11,Flowers,Business,11,Flowers,Business,,,,,
2025-05-12,2025,5,Capital One CC,2025 v3.xlsx,SQ *WESCAFE,SQ *WESCAFE,-64.66,43,Food,Business,43,Food,Business,,,,,
2025-01-31,2025,1,Capital One CC,2025 v3.xlsx,SAFEWAY FUEL2708,SAFEWAY FUEL2708,-64.67,31,Car (shop),Business,31,Car (shop),Business,,,,,
2023-11-09,2023,11,Bank of Marin,BoM master,Alameda Fuel Mart,Alameda Fuel Mart,-64.72,31,Car (shop),Business,31,Car (shop),Business,,,,,
2023-02-13,2023,2,Capital One CC,CC uploads,COAST WHOLESALE FLORIS,COAST WHOLESALE FLORIS,-64.8,11,Flowers,Business,11,Flowers,Business,,,,,
2023-02-09,2023,2,Capital One CC,CC uploads,COAST WHOLESALE FLORIS,COAST WHOLESALE FLORIS,-64.8,11,Flowers,Business,11,Flowers,Business,,,,,
2025-08-04,2025,8,Capital One CC,2025 v3.xlsx,RESTAURANTE OLA BILBAO,RESTAURANTE OLA BILBAO,-64.9,43,Food,Business,43,Food,Business,,,,,
2024-04-27,2024,4,Capital One CC,2024.xlsx Capital 1 Clean,FASTRAK CSC,FASTRAK CSC,-65.0,31,Car (shop),Business,31,Car (shop),Business,,,,,
2024-06-09,2024,6,Capital One CC,2024.xlsx Capital 1 Clean,FASTRAK CSC,FASTRAK CSC,-65.0,31,Car (shop),Business,31,Car (shop),Business,,,,,
2024-06-15,2024,6,Capital One CC,2024.xlsx Capital 1 Clean,FASTRAK CSC,FASTRAK CSC,-65.0,31,Car (shop),Business,31,Car (shop),Business,,,,,
2024-07-23,2024,7,Capital One CC,2024.xlsx Capital 1 Clean,FASTRAK CSC,FASTRAK CSC,-65.0,31,Car (shop),Business,31,Car (shop),Business,,,,,
2024-09-07,2024,9,Capital One CC,2024.xlsx Capital 1 Clean,FASTRAK CSC,FASTRAK CSC,-65.0,31,Car (shop),Business,31,Car (shop),Business,,,,,
2023-08-17,2023,8,Capital One CC,CC uploads,SHAREPIZZAKITCHEN.COM,SHAREPIZZAKITCHEN.COM,-65.0,43,Food,Business,43,Food,Business,,,,,
2024-10-07,2024,10,Capital One CC,2024.xlsx Capital 1 Clean,ARCO#83388DK-ARCO LQPS,ARCO#83388DK-ARCO LQPS,-65.19,31,Car (shop),Business,31,Car (shop),Business,,,,,
2025-02-24,2025,2,Capital One CC,2025 v3.xlsx,AMAZON MKTPL*DI0SG0VH3,AMAZON MKTPL*DI0SG0VH3,-65.21,62,Amazon,Personal,62,Amazon,Personal,,,,,
2024-09-30,2024,9,Bank of Marin,2024.xlsx Marin clean,DoorDash,DoorDash,-65.58,43,Food,Business,43,Food,Business,,,,,
2023-07-03,2023,7,Bank of Marin,BoM master,Cafe Brio,Cafe Brio,-65.66,43,Food,Business,43,Food,Business,,,,,
2024-02-26,2024,2,Capital One CC,2024.xlsx Capital 1 Clean,ENCINAL NURSERY,ENCINAL NURSERY,-65.83,11,Flowers,Business,11,Flowers,Business,,,,,
2026-01-22,2026,1,Capital One CC,CC uploads,FLORAL SUPPLY SYND #1,FLORAL SUPPLY SYND #1,-65.96,11,Flowers,Business,11,Flowers,Business,,,,,
2023-04-10,2023,4,Bank of Marin,BoM master,Oakdale Saddle Rod Eo,Oakdale Saddle Rod Eo,-66.0,42,Misc,Business,42,Misc,Business,,,,,
2025-06-11,2025,6,Capital One CC,2025 v3.xlsx,AMAZON MKTPL*NA9N65JZ2,AMAZON MKTPL*NA9N65JZ2,-66.03,62,Amazon,Personal,62,Amazon,Personal,,,,,
2024-10-19,2024,10,Capital One CC,2024.xlsx Capital 1 Clean,CHEVRON 0092142,CHEVRON 0092142,-66.19,31,Car (shop),Business,31,Car (shop),Business,,,,,
2023-01-11,2023,1,Bank of Marin,BoM master,Alameda Muni Pow Electric,Alameda Muni Pow Electric,-66.28,33,Utilities,Business,33,Utilities,Business,,,,,
2024-03-07,2024,3,Capital One CC,2024.xlsx Capital 1 Clean,Mayesh Wholesale Flowers,Mayesh San Francisco,-66.3,11,Flowers,Business,11,Flowers,Business,,,,,
2026-07-23,2026,7,Bank of Marin,BoM master,Alameda Muni,Alameda Muni,-66.41,33,Utilities,Business,33,Utilities,Business,,,,,
2023-04-10,2023,4,Bank of Marin,BoM master,Amazon,Amazon,-66.42,62,Amazon,Personal,62,Amazon,Personal,,,,,
2025-09-30,2025,9,Capital One CC,2025 v3.xlsx,MAGNIFIQUE HEART FAIRE,MAGNIFIQUE HEART FAIRE,-66.44,11,Flowers,Business,11,Flowers,Business,,,,,
2025-02-15,2025,2,Capital One CC,2025 v3.xlsx,AMAZON MKTPL*3Q7FO2V83,AMAZON MKTPL*3Q7FO2V83,-66.44,62,Amazon,Personal,62,Amazon,Personal,,,,,
2026-01-05,2026,1,Capital One CC,CC uploads,GLASSONS,GLASSONS,-66.45,15,Merchandise,Business,15,Merchandise,Business,,,,,
2025-02-17,2025,2,Capital One CC,2025 v3.xlsx,DD *DOORDASH TAHINA,DD *DOORDASH TAHINA,-66.69,43,Food,Business,43,Food,Business,,,,,
2024-04-03,2024,4,Capital One CC,2024.xlsx Capital 1 Clean,PHNOM PENH HOUSE INC,PHNOM PENH HOUSE INC,-67.09,43,Food,Business,43,Food,Business,,,,,
2024-03-20,2024,3,Bank of Marin,2024.xlsx Marin clean,Safeway Fuel,Safeway Fuel,-67.29,31,Car (shop),Business,31,Car (shop),Business,,,,,
2025-04-28,2025,4,Bank of Marin,2025 v3.xlsx,DoorDash,DoorDash,-67.45,43,Food,Business,43,Food,Business,,,,,
2025-06-09,2025,6,Capital One CC,2025 v3.xlsx,AMAZON MKTPL*NH47H8KZ2,AMAZON MKTPL*NH47H8KZ2,-67.49,62,Amazon,Personal,62,Amazon,Personal,,,,,
2025-04-30,2025,4,Capital One CC,2025 v3.xlsx,AMAZON MKTPL*GC3O17ND3,AMAZON MKTPL*GC3O17ND3,-67.57,62,Amazon,Personal,62,Amazon,Personal,,,,,
2026-06-23,2026,6,Bank of Marin,BoM master,Alameda Muni,Alameda Muni,-67.71,33,Utilities,Business,33,Utilities,Business,,,,,
2026-04-04,2026,4,Capital One CC,CC uploads,TST* PIZZERIA PAPPO,TST* PIZZERIA PAPPO,-67.92,43,Food,Business,43,Food,Business,,,,,
2023-11-20,2023,11,Bank of Marin,BoM master,Chevron,Chevron,-67.96,31,Car (shop),Business,31,Car (shop),Business,,,,,
2023-06-26,2023,6,Bank of Marin,BoM master,Walgreens,Walgreens,-68.09,42,Misc,Business,42,Misc,Business,,,,,
2024-02-14,2024,2,Capital One CC,2024.xlsx Capital 1 Clean,FLORAL SUPPLY SYND #1,FLORAL SUPPLY SYND #1,-68.15,11,Flowers,Business,11,Flowers,Business,,,,,
2025-05-05,2025,5,Capital One CC,2025 v3.xlsx,TST*BAR CESAR,TST*BAR CESAR,-68.43,43,Food,Business,43,Food,Business,,,,,
2025-09-30,2025,9,Capital One CC,2025 v3.xlsx,AMAZON MKTPL*NV7Z22ZG0,AMAZON MKTPL*NV7Z22ZG0,-68.6,62,Amazon,Personal,62,Amazon,Personal,,,,,
2023-06-20,2023,6,Bank of Marin,BoM master,Alameda Fuel Mart,Alameda Fuel Mart,-68.81,31,Car (shop),Business,31,Car (shop),Business,,,,,
2023-03-30,2023,3,Capital One CC,CC uploads,DOORDASH*CHINA VILLA,DOORDASH*CHINA VILLA,-68.82,43,Food,Business,43,Food,Business,,,,,
2024-11-29,2024,11,Capital One CC,2024.xlsx Capital 1 Clean,Mayesh Wholesale Flowers,Mayesh San Francisco,-68.85,11,Flowers,Business,11,Flowers,Business,,,,,
2025-05-31,2025,5,Capital One CC,2025 v3.xlsx,SQ *SERIKA RESTAURANT,SQ *SERIKA RESTAURANT,-68.99,43,Food,Business,43,Food,Business,,,,,
2024-04-20,2024,4,Capital One CC,2024.xlsx Capital 1 Clean,METROPOLITAN MUSEUM AR,METROPOLITAN MUSEUM AR,-69.0,65,Entertainment,Personal,65,Entertainment,Personal,,,,,
2026-05-10,2026,5,Capital One CC,CC uploads,DD *DOORDASH CHOLITALI,DD *DOORDASH CHOLITALI,-69.17,43,Food,Business,43,Food,Business,,,,,
2026-01-28,2026,1,Capital One CC,CC uploads,SP DOG IS HUMAN,SP DOG IS HUMAN,-69.19,15,Merchandise,Business,15,Merchandise,Business,,,,,
2025-11-29,2025,11,Capital One CC,2025 v3.xlsx,AMAZON MKTPL*B254G5UY0,AMAZON MKTPL*B254G5UY0,-69.24,62,Amazon,Personal,62,Amazon,Personal,,,,,
2023-04-15,2023,4,Capital One CC,CC uploads,TFK WALNUT CREEK,TFK WALNUT CREEK,-69.36,43,Food,Business,43,Food,Business,,,,,
2024-08-12,2024,8,Bank of Marin,2024.xlsx Marin clean,Radhaus,Radhaus,-69.46,42,Misc,Business,42,Misc,Business,,,,,
2024-11-12,2024,11,Bank of Marin,2024.xlsx Marin clean,Alameda Firebr and Ar,Alameda Firebr and Ar,-69.71,42,Misc,Business,42,Misc,Business,,,,,
2025-01-10,2025,1,Capital One CC,2025 v3.xlsx,AMAZON MKTPL*ZD4RR6C91,AMAZON MKTPL*ZD4RR6C91,-69.71,62,Amazon,Personal,62,Amazon,Personal,,,,,
2023-06-07,2023,6,Bank of Marin,BoM master,Alameda Fuel Mart,Alameda Fuel Mart,-69.73,31,Car (shop),Business,31,Car (shop),Business,,,,,
2023-11-29,2023,11,Bank of Marin,BoM master,DoorDash,DoorDash,-69.87,43,Food,Business,43,Food,Business,,,,,
2023-09-06,2023,9,Bank of Marin,BoM master,Alameda Muni,Alameda Muni,-69.88,33,Utilities,Business,33,Utilities,Business,,,,,
2024-08-15,2024,8,Capital One CC,2024.xlsx Capital 1 Clean,56 NORTH,56 NORTH,-69.98,43,Food,Business,43,Food,Business,,,,,
2024-09-18,2024,9,Bank of Marin,2024.xlsx Marin clean,Safeway Fuel,Safeway Fuel,-70.03,31,Car (shop),Business,31,Car (shop),Business,,,,,
2026-04-23,2026,4,Capital One CC,CC uploads,DD *DOORDASH TAHINA,DD *DOORDASH TAHINA,-70.05,43,Food,Business,43,Food,Business,,,,,
2024-07-02,2024,7,Bank of Marin,2024.xlsx Marin clean,Chevron,Chevron,-70.06,31,Car (shop),Business,31,Car (shop),Business,,,,,
2024-02-02,2024,2,Capital One CC,2024.xlsx Capital 1 Clean,EXXON ALAMEDA FUEL MAR,EXXON ALAMEDA FUEL MAR,-70.27,31,Car (shop),Business,31,Car (shop),Business,,,,,
2023-12-18,2023,12,Bank of Marin,BoM master,Amelie San Francis Co,Amelie San Francis Co,-70.39,42,Misc,Business,42,Misc,Business,,,,,
2026-04-11,2026,4,Capital One CC,CC uploads,76 - WEBSTER 76,76 - WEBSTER 76,-70.44,31,Car (shop),Business,31,Car (shop),Business,,,,,
2026-04-21,2026,4,Bank of Marin,BoM master,Alameda Muni,Alameda Muni,-70.54,33,Utilities,Business,33,Utilities,Business,,,,,
2023-06-02,2023,6,Bank of Marin,BoM master,"Odelay, a Gree N Sa Alameda Ca","Odelay, a Gree N Sa Alameda Ca",-70.88,42,Misc,Business,42,Misc,Business,,,,,
2023-12-15,2023,12,Bank of Marin,BoM master,Alameda Fuel Mart,Alameda Fuel Mart,-71.0,31,Car (shop),Business,31,Car (shop),Business,,,,,
2023-08-28,2023,8,Bank of Marin,BoM master,Safeway Fuel,Safeway Fuel,-71.21,31,Car (shop),Business,31,Car (shop),Business,,,,,
2024-04-01,2024,4,Bank of Marin,2024.xlsx Marin clean,Cafe Jolie,Cafe Jolie,-71.46,43,Food,Business,43,Food,Business,,,,,
2024-08-28,2024,8,Capital One CC,2024.xlsx Capital 1 Clean,DAYANA BEAUTY PARLOUR,DAYANA BEAUTY PARLOUR,-71.55,14,Materials,Business,14,Materials,Business,,,,,
2025-07-09,2025,7,Bank of Marin,2025 v3.xlsx,Amazon,Amazon,-71.64,62,Amazon,Personal,62,Amazon,Personal,,,,,
2024-03-04,2024,3,Capital One CC,2024.xlsx Capital 1 Clean,ZUT ON FOURTH,ZUT ON FOURTH,-71.75,43,Food,Business,43,Food,Business,,,,,
2026-04-30,2026,4,Capital One CC,CC uploads,ARCO#83388RRA PETROQPS,ARCO#83388RRA PETROQPS,-71.94,31,Car (shop),Business,31,Car (shop),Business,,,,,
2023-05-08,2023,5,Bank of Marin,BoM master,Amazon,Amazon,-71.96,62,Amazon,Personal,62,Amazon,Personal,,,,,
2023-06-23,2023,6,Bank of Marin,BoM master,Amazon,Amazon,-71.99,62,Amazon,Personal,62,Amazon,Personal,,,,,
2026-03-30,2026,3,Capital One CC,CC uploads,TARGET.COM,TARGET.COM,-72.19,15,Merchandise,Business,15,Merchandise,Business,,,,,
2024-08-05,2024,8,Bank of Marin,2024.xlsx Marin clean,DoorDash,DoorDash,-72.21,43,Food,Business,43,Food,Business,,,,,
2026-05-09,2026,5,Capital One CC,CC uploads,DOORDASH*05/08-2 ORDER,DOORDASH*05/08-2 ORDER,-72.27,43,Food,Business,43,Food,Business,,,,,
2024-03-30,2024,3,Capital One CC,2024.xlsx Capital 1 Clean,SHELL OIL 57444673305,SHELL OIL 57444673305,-72.41,31,Car (shop),Business,31,Car (shop),Business,,,,,
2025-08-14,2025,8,Bank of Marin,2025 v3.xlsx,Alameda Muni,Alameda Muni,-72.57,33,Utilities,Business,33,Utilities,Business,,,,,
2024-09-03,2024,9,Capital One CC,2024.xlsx Capital 1 Clean,FLORAL SUPPLY SYND #1,FLORAL SUPPLY SYND #1,-72.75,11,Flowers,Business,11,Flowers,Business,,,,,
2025-02-26,2025,2,Capital One CC,2025 v3.xlsx,SAFEWAY FUEL2708,SAFEWAY FUEL2708,-72.85,31,Car (shop),Business,31,Car (shop),Business,,,,,
2025-08-29,2025,8,Capital One CC,2025 v3.xlsx,AMAZON MKTPL*ED1B37Q23,AMAZON MKTPL*ED1B37Q23,-72.87,62,Amazon,Personal,62,Amazon,Personal,,,,,
2026-05-04,2026,5,Bank of Marin,BoM master,Spinning Bones,Spinning Bones,-72.91,42,Misc,Business,42,Misc,Business,,,,,
2025-02-17,2025,2,Capital One CC,2025 v3.xlsx,DD *DOORDASH CHINAVILL,DD *DOORDASH CHINAVILL,-72.98,43,Food,Business,43,Food,Business,,,,,
2023-03-27,2023,3,Bank of Marin,BoM master,Shell,Shell,-73.2,31,Car (shop),Business,31,Car (shop),Business,,,,,
2025-08-06,2025,8,Bank of Marin,2025 v3.xlsx,Safeway Fuel,Safeway Fuel,-73.33,31,Car (shop),Business,31,Car (shop),Business,,,,,
2024-05-24,2024,5,Capital One CC,2024.xlsx Capital 1 Clean,LONGHORN STEAK 0125021,LONGHORN STEAK 0125021,-73.38,43,Food,Business,43,Food,Business,,,,,
2024-05-24,2024,5,Capital One CC,2024.xlsx Capital 1 Clean,PURCHASE ADJUSTMENT,PURCHASE ADJUSTMENT,-73.38,43,Food,Business,43,Food,Business,,,,,
2024-05-01,2024,5,Capital One CC,2024.xlsx Capital 1 Clean,ZUT ON FOURTH,ZUT ON FOURTH,-73.4,43,Food,Business,43,Food,Business,,,,,
2025-03-07,2025,3,Bank of Marin,2025 v3.xlsx,Alameda Muni,Alameda Muni,-73.49,33,Utilities,Business,33,Utilities,Business,,,,,
2023-06-01,2023,6,Capital One CC,CC uploads,FLORAL SUPPLY SYND #1,FLORAL SUPPLY SYND #1,-73.5,11,Flowers,Business,11,Flowers,Business,,,,,
2024-04-23,2024,4,Bank of Marin,2024.xlsx Marin clean,Check #5143 — PAYEE UNKNOWN,Check #5143,-73.54,11,Flowers,Business,11,Flowers,Business,,,,,
2023-11-06,2023,11,Bank of Marin,BoM master,Ur Webster,Ur Webster,-73.6,31,Car (shop),Business,31,Car (shop),Business,,,,,
2025-02-19,2025,2,Bank of Marin,2025 v3.xlsx,Alameda Muni,Alameda Muni,-73.61,33,Utilities,Business,33,Utilities,Business,,,,,
2024-03-07,2024,3,Bank of Marin,2024.xlsx Marin clean,Safeway Fuel,Safeway Fuel,-73.73,31,Car (shop),Business,31,Car (shop),Business,,,,,
2023-05-01,2023,5,Bank of Marin,BoM master,Shell,Shell,-73.74,31,Car (shop),Business,31,Car (shop),Business,,,,,
2023-03-01,2023,3,Bank of Marin,BoM master,Neve Bros,Neve Bros,-73.8,11,Flowers,Business,11,Flowers,Business,,,,,
2026-03-09,2026,3,Capital One CC,CC uploads,TST* LEMON DROP,TST* LEMON DROP,-73.83,43,Food,Business,43,Food,Business,,,,,
2024-04-06,2024,4,Capital One CC,2024.xlsx Capital 1 Clean,SQ *ALAMEDA FIREBRAND,SQ *ALAMEDA FIREBRAND,-73.94,15,Merchandise,Business,15,Merchandise,Business,,,,,
2025-02-14,2025,2,Capital One CC,2025 v3.xlsx,Rafa's Wholesale Flowers,RAFAS WHOLESALE FLOWER,-74.16,11,Flowers,Business,11,Flowers,Business,,,,,
2025-12-02,2025,12,Capital One CC,2025 v3.xlsx,CHARMED HANDMADE FAIRE,CHARMED HANDMADE FAIRE,-74.35,11,Flowers,Business,11,Flowers,Business,,,,,
2026-05-11,2026,5,Capital One CC,CC uploads,TST* CRAFT BEER & WINE,TST* CRAFT BEER & WINE,-74.35,43,Food,Business,43,Food,Business,,,,,
2026-05-22,2026,5,Bank of Marin,BoM master,Alameda Muni,Alameda Muni,-74.36,33,Utilities,Business,33,Utilities,Business,,,,,
2023-12-28,2023,12,Bank of Marin,BoM master,Trader Joe's,Trader Joe's,-74.62,42,Misc,Business,42,Misc,Business,,,,,
2025-08-25,2025,8,Capital One CC,2025 v3.xlsx,DD *DOORDASH YELLOWTAI,DD *DOORDASH YELLOWTAI,-74.75,43,Food,Business,43,Food,Business,,,,,
2024-02-15,2024,2,Capital One CC,2024.xlsx Capital 1 Clean,Grace Nursery,GRACE NURSERY INC,-74.83,11,Flowers,Business,11,Flowers,Business,,,,,
2024-04-23,2024,4,Capital One CC,2024.xlsx Capital 1 Clean,SAFEWAY FUEL2708,SAFEWAY FUEL2708,-74.97,31,Car (shop),Business,31,Car (shop),Business,,,,,
2024-03-15,2024,3,Bank of Marin,2024.xlsx Marin clean,Venmo — RECIPIENT UNKNOWN,Transfer to Venmo,-75.0,22,Venmo,Business,22,Venmo,Business,,,,,
2024-04-01,2024,4,Bank of Marin,2024.xlsx Marin clean,Venmo — RECIPIENT UNKNOWN,Transfer to Venmo,-75.0,22,Venmo,Business,22,Venmo,Business,,,,,
2024-05-06,2024,5,Bank of Marin,2024.xlsx Marin clean,Venmo — RECIPIENT UNKNOWN,Transfer to Venmo,-75.0,22,Venmo,Business,22,Venmo,Business,,,,,
2024-05-28,2024,5,Bank of Marin,2024.xlsx Marin clean,Venmo — RECIPIENT UNKNOWN,Transfer to Venmo,-75.0,22,Venmo,Business,22,Venmo,Business,,,,,
2024-06-14,2024,6,Bank of Marin,2024.xlsx Marin clean,Venmo — RECIPIENT UNKNOWN,Transfer to Venmo,-75.0,22,Venmo,Business,22,Venmo,Business,,,,,
2024-06-28,2024,6,Bank of Marin,2024.xlsx Marin clean,Venmo — RECIPIENT UNKNOWN,Transfer to Venmo,-75.0,22,Venmo,Business,22,Venmo,Business,,,,,
2025-01-08,2025,1,Capital One CC,2025 v3.xlsx,FASTRAK CSC,FASTRAK CSC,-75.0,31,Car (shop),Business,31,Car (shop),Business,,,,,
2025-01-10,2025,1,Capital One CC,2025 v3.xlsx,FASTRAK CSC,FASTRAK CSC,-75.0,31,Car (shop),Business,31,Car (shop),Business,,,,,
2025-03-07,2025,3,Capital One CC,2025 v3.xlsx,FASTRAK CSC,FASTRAK CSC,-75.0,31,Car (shop),Business,31,Car (shop),Business,,,,,
2025-03-12,2025,3,Capital One CC,2025 v3.xlsx,FASTRAK CSC,FASTRAK CSC,-75.0,31,Car (shop),Business,31,Car (shop),Business,,,,,
2025-05-29,2025,5,Capital One CC,2025 v3.xlsx,FASTRAK CSC,FASTRAK CSC,-75.0,31,Car (shop),Business,31,Car (shop),Business,,,,,
2025-05-30,2025,5,Capital One CC,2025 v3.xlsx,FASTRAK CSC,FASTRAK CSC,-75.0,31,Car (shop),Business,31,Car (shop),Business,,,,,
2025-07-19,2025,7,Capital One CC,2025 v3.xlsx,FASTRAK CSC,FASTRAK CSC,-75.0,31,Car (shop),Business,31,Car (shop),Business,,,,,
2025-07-21,2025,7,Capital One CC,2025 v3.xlsx,FASTRAK CSC,FASTRAK CSC,-75.0,31,Car (shop),Business,31,Car (shop),Business,,,,,
2025-08-06,2025,8,Capital One CC,2025 v3.xlsx,FASTRAK CSC,FASTRAK CSC,-75.0,31,Car (shop),Business,31,Car (shop),Business,,,,,
2025-09-03,2025,9,Capital One CC,2025 v3.xlsx,FASTRAK CSC,FASTRAK CSC,-75.0,31,Car (shop),Business,31,Car (shop),Business,,,,,
2025-09-29,2025,9,Capital One CC,2025 v3.xlsx,FASTRAK CSC,FASTRAK CSC,-75.0,31,Car (shop),Business,31,Car (shop),Business,,,,,
2025-10-20,2025,10,Capital One CC,2025 v3.xlsx,FASTRAK CSC,FASTRAK CSC,-75.0,31,Car (shop),Business,31,Car (shop),Business,,,,,
2025-11-03,2025,11,Capital One CC,2025 v3.xlsx,FASTRAK CSC,FASTRAK CSC,-75.0,31,Car (shop),Business,31,Car (shop),Business,,,,,
2025-11-28,2025,11,Capital One CC,2025 v3.xlsx,FASTRAK CSC,FASTRAK CSC,-75.0,31,Car (shop),Business,31,Car (shop),Business,,,,,
2025-12-17,2025,12,Capital One CC,2025 v3.xlsx,FASTRAK CSC,FASTRAK CSC,-75.0,31,Car (shop),Business,31,Car (shop),Business,,,,,
2026-05-04,2026,5,Bank of Marin,BoM master,Venmo — RECIPIENT UNKNOWN,Transfer to Venmo,-75.0,22,Venmo,Business,22,Venmo,Business,,,,,
2023-08-21,2023,8,Bank of Marin,BoM master,Penny a Bunch Alameda Ca,Penny a Bunch Alameda Ca,-75.0,14,Materials,Business,14,Materials,Business,,,,,
2023-09-20,2023,9,Capital One CC,CC uploads,FASTRAK CSC,FASTRAK CSC,-75.0,31,Car (shop),Business,31,Car (shop),Business,,,,,
2023-08-08,2023,8,Capital One CC,CC uploads,FASTRAK CSC,FASTRAK CSC,-75.0,31,Car (shop),Business,31,Car (shop),Business,,,,,
2023-07-06,2023,7,Capital One CC,CC uploads,FASTRAK CSC,FASTRAK CSC,-75.0,31,Car (shop),Business,31,Car (shop),Business,,,,,
2023-05-31,2023,5,Capital One CC,CC uploads,FASTRAK CSC,FASTRAK CSC,-75.0,31,Car (shop),Business,31,Car (shop),Business,,,,,
2023-01-28,2023,1,Capital One CC,CC uploads,JETBLUE   2794413454501,JETBLUE   2794413454501,-75.0,67,Travel,Personal,67,Travel,Personal,,,,,
2025-03-20,2025,3,Capital One CC,2025 v3.xlsx,Q2 FAIRE,Q2 FAIRE,-75.18,11,Flowers,Business,11,Flowers,Business,,,,,
2025-04-10,2025,4,Capital One CC,2025 v3.xlsx,EXXON ALAMEDA FUEL MAR,EXXON ALAMEDA FUEL MAR,-75.19,31,Car (shop),Business,31,Car (shop),Business,,,,,
2024-12-11,2024,12,Capital One CC,2024.xlsx Capital 1 Clean,MT. EDEN FLORAL COMPAN,MT. EDEN FLORAL COMPAN,-75.2,15,Merchandise,Business,15,Merchandise,Business,,,,,
2025-05-21,2025,5,Capital One CC,2025 v3.xlsx,Amazon.com*NW5ZH4R50,Amazon.com*NW5ZH4R50,-75.32,62,Amazon,Personal,62,Amazon,Personal,,,,,
2023-02-21,2023,2,Capital One CC,CC uploads,Grace Nursery,GRACE NURSERY INC,-75.34,11,Flowers,Business,11,Flowers,Business,,,,,
2024-09-25,2024,9,Bank of Marin,2024.xlsx Marin clean,Safeway Fuel,Safeway Fuel,-75.44,31,Car (shop),Business,31,Car (shop),Business,,,,,
2024-01-11,2024,1,Bank of Marin,2024.xlsx Marin clean,Kaiser Rxzjfdevaqa,Kaiser Rxzjfdevaqa,-75.45,34,Insurance,Business,34,Insurance,Business,,,,,
2024-01-31,2024,1,Bank of Marin,2024.xlsx Marin clean,Kaiser S Myoc Clou,Kaiser S Myoc Clou,-75.45,34,Insurance,Business,34,Insurance,Business,,,,,
2024-02-29,2024,2,Bank of Marin,2024.xlsx Marin clean,Kaiser,Kaiser,-75.45,34,Insurance,Business,34,Insurance,Business,,,,,
2024-04-01,2024,4,Bank of Marin,2024.xlsx Marin clean,Kaiser Sce F Zwdnyt,Kaiser Sce F Zwdnyt,-75.45,34,Insurance,Business,34,Insurance,Business,,,,,
2024-04-30,2024,4,Bank of Marin,2024.xlsx Marin clean,Kaiser Si Iq v Jke,Kaiser Si Iq v Jke,-75.45,34,Insurance,Business,34,Insurance,Business,,,,,
2024-05-31,2024,5,Bank of Marin,2024.xlsx Marin clean,Kaiser Snozew Hgzffoc,Kaiser Snozew Hgzffoc,-75.45,34,Insurance,Business,34,Insurance,Business,,,,,
2025-06-23,2025,6,Capital One CC,2025 v3.xlsx,CHEVRON 0208831,CHEVRON 0208831,-75.57,31,Car (shop),Business,31,Car (shop),Business,,,,,
2024-01-02,2024,1,Capital One CC,2024.xlsx Capital 1 Clean,PIN NURSERY INC,PIN NURSERY INC,-75.59,15,Merchandise,Business,15,Merchandise,Business,,,,,
2025-09-03,2025,9,Capital One CC,2025 v3.xlsx,Miguel Flowers,SQ *MIGUEL FLOWERS,-75.66,11,Flowers,Business,11,Flowers,Business,,,,,
2024-01-30,2024,1,Capital One CC,2024.xlsx Capital 1 Clean,Grace Nursery,GRACE NURSERY INC,-75.85,11,Flowers,Business,11,Flowers,Business,,,,,
2024-02-06,2024,2,Capital One CC,2024.xlsx Capital 1 Clean,Grace Nursery,GRACE NURSERY INC,-75.85,11,Flowers,Business,11,Flowers,Business,,,,,
2024-08-06,2024,8,Capital One CC,2024.xlsx Capital 1 Clean,Rafa's Wholesale Flowers,RAFAS WHOLESALE FLOWER,-75.85,11,Flowers,Business,11,Flowers,Business,,,,,
2023-03-30,2023,3,Capital One CC,CC uploads,Grace Nursery,GRACE NURSERY INC,-75.85,11,Flowers,Business,11,Flowers,Business,,,,,
2023-04-17,2023,4,Bank of Marin,BoM master,Alameda Fuel Mart,Alameda Fuel Mart,-75.92,31,Car (shop),Business,31,Car (shop),Business,,,,,
2025-05-24,2025,5,Capital One CC,2025 v3.xlsx,Amazon.com*NN9616PB2,Amazon.com*NN9616PB2,-76.04,62,Amazon,Personal,62,Amazon,Personal,,,,,
2025-05-16,2025,5,Capital One CC,2025 v3.xlsx,Amazon.com*NZ09D53E2,Amazon.com*NZ09D53E2,-76.04,62,Amazon,Personal,62,Amazon,Personal,,,,,
2025-04-21,2025,4,Bank of Marin,2025 v3.xlsx,Shell,Shell,-76.24,31,Car (shop),Business,31,Car (shop),Business,,,,,
2023-05-22,2023,5,Bank of Marin,BoM master,Alameda Fuel Mart,Alameda Fuel Mart,-76.82,31,Car (shop),Business,31,Car (shop),Business,,,,,
2024-06-20,2024,6,Bank of Marin,2024.xlsx Marin clean,Safeway Fuel,Safeway Fuel,-76.87,31,Car (shop),Business,31,Car (shop),Business,,,,,
2024-02-08,2024,2,Capital One CC,2024.xlsx Capital 1 Clean,Rafa's Wholesale Flowers,RAFAS WHOLESALE FLOWER,-76.88,11,Flowers,Business,11,Flowers,Business,,,,,
2024-02-26,2024,2,Bank of Marin,2024.xlsx Marin clean,Wescafe,Wescafe,-77.09,43,Food,Business,43,Food,Business,,,,,
2025-02-11,2025,2,Bank of Marin,2025 v3.xlsx,DoorDash,DoorDash,-77.19,43,Food,Business,43,Food,Business,,,,,
2024-01-08,2024,1,Capital One CC,2024.xlsx Capital 1 Clean,BOTANIKA RESORT,BOTANIKA RESORT,-77.49,67,Travel,Personal,67,Travel,Personal,,,,,
2026-04-02,2026,4,Bank of Marin,BoM master,Valero,Valero,-77.55,31,Car (shop),Business,31,Car (shop),Business,,,,,
2023-08-22,2023,8,Capital One CC,CC uploads,FLORAL SUPPLY SYND #1,FLORAL SUPPLY SYND #1,-77.8,11,Flowers,Business,11,Flowers,Business,,,,,
2023-01-15,2023,1,Capital One CC,CC uploads,GINGER P DESIGNS FAIRE,GINGER P DESIGNS FAIRE,-78.0,11,Flowers,Business,11,Flowers,Business,,,,,
2025-04-14,2025,4,Capital One CC,2025 v3.xlsx,DD *DOORDASH TOOMIESTH,DD *DOORDASH TOOMIESTH,-78.32,43,Food,Business,43,Food,Business,,,,,
2024-06-12,2024,6,Capital One CC,2024.xlsx Capital 1 Clean,RANI BAN CO FAIRE,RANI BAN CO FAIRE,-78.5,11,Flowers,Business,11,Flowers,Business,,,,,
2023-12-08,2023,12,Capital One CC,CC uploads,FLORAL SUPPLY SYND #1,FLORAL SUPPLY SYND #1,-78.5,11,Flowers,Business,11,Flowers,Business,,,,,
2025-11-11,2025,11,Capital One CC,2025 v3.xlsx,SQ *FIREBRAND ARTISAN,SQ *FIREBRAND ARTISAN,-78.59,43,Food,Business,43,Food,Business,,,,,
2025-11-21,2025,11,Bank of Marin,2025 v3.xlsx,Alameda Muni,Alameda Muni,-78.89,33,Utilities,Business,33,Utilities,Business,,,,,
2023-03-06,2023,3,Bank of Marin,BoM master,Amazon,Amazon,-78.91,62,Amazon,Personal,62,Amazon,Personal,,,,,
2025-01-08,2025,1,Capital One CC,2025 v3.xlsx,Grace Nursery,GRACE NURSERY INC,-78.93,11,Flowers,Business,11,Flowers,Business,,,,,
2023-10-12,2023,10,Capital One CC,CC uploads,Grace Nursery,GRACE NURSERY INC,-78.93,11,Flowers,Business,11,Flowers,Business,,,,,
2025-10-20,2025,10,Capital One CC,2025 v3.xlsx,FAIZA NATURALS FAIRE,FAIZA NATURALS FAIRE,-79.0,11,Flowers,Business,11,Flowers,Business,,,,,
2024-10-10,2024,10,Bank of Marin,2024.xlsx Marin clean,Alameda Muni,Alameda Muni,-79.02,33,Utilities,Business,33,Utilities,Business,,,,,
2023-09-23,2023,9,Capital One CC,CC uploads,EXXON ALAMEDA FUEL MAR,EXXON ALAMEDA FUEL MAR,-79.05,31,Car (shop),Business,31,Car (shop),Business,,,,,
2025-07-07,2025,7,Capital One CC,2025 v3.xlsx,AMAZON MKTPL*N34TH9KT0,AMAZON MKTPL*N34TH9KT0,-79.15,62,Amazon,Personal,62,Amazon,Personal,,,,,
2023-05-25,2023,5,Bank of Marin,BoM master,Encinal Nursery,Encinal Nursery,-79.25,11,Flowers,Business,11,Flowers,Business,,,,,
2026-03-24,2026,3,Bank of Marin,BoM master,Alameda Muni,Alameda Muni,-79.26,33,Utilities,Business,33,Utilities,Business,,,,,
2026-06-22,2026,6,Capital One CC,CC uploads,HOT LOS A VACA MARINA,HOT LOS A VACA MARINA,-79.43,42,Misc,Business,42,Misc,Business,,,,,
2023-11-29,2023,11,Bank of Marin,BoM master,Check #5164 — PAYEE UNKNOWN,Check #5164,-79.68,11,Flowers,Business,11,Flowers,Business,,,,,
2023-06-29,2023,6,Bank of Marin,BoM master,Amazon,Amazon,-79.72,62,Amazon,Personal,62,Amazon,Personal,,,,,
2026-04-11,2026,4,Capital One CC,CC uploads,DD *DOORDASH SWEETGREE,DD *DOORDASH SWEETGREE,-79.72,43,Food,Business,43,Food,Business,,,,,
2024-04-08,2024,4,Bank of Marin,2024.xlsx Marin clean,Check #5140 — PAYEE UNKNOWN,Check #5140,-79.91,11,Flowers,Business,11,Flowers,Business,,,,,
2024-12-09,2024,12,Bank of Marin,2024.xlsx Marin clean,Apple,Apple,-79.99,14,Materials,Business,14,Materials,Business,,,,,
2024-05-06,2024,5,Bank of Marin,2024.xlsx Marin clean,Venmo — RECIPIENT UNKNOWN,Transfer to Venmo,-80.0,22,Venmo,Business,22,Venmo,Business,,,,,
2025-04-21,2025,4,Bank of Marin,2025 v3.xlsx,Venmo — RECIPIENT UNKNOWN,Transfer to Venmo,-80.0,22,Venmo,Business,22,Venmo,Business,,,,,
2025-12-17,2025,12,Bank of Marin,2025 v3.xlsx,Venmo — RECIPIENT UNKNOWN,Transfer to Venmo,-80.0,22,Venmo,Business,22,Venmo,Business,,,,,
2026-05-18,2026,5,Bank of Marin,BoM master,Venmo — RECIPIENT UNKNOWN,Transfer to Venmo,-80.0,22,Venmo,Business,22,Venmo,Business,,,,,
2026-03-06,2026,3,Bank of Marin,BoM master,Check #5009 — PAYEE UNKNOWN,Check #5009,-80.0,11,Flowers,Business,11,Flowers,Business,,,,,
2023-02-22,2023,2,Bank of Marin,BoM master,Check #5055 — PAYEE UNKNOWN,Check #5055,-80.0,11,Flowers,Business,11,Flowers,Business,,,,,
2026-02-23,2026,2,Capital One CC,CC uploads,SAN FRANCISCO FLOWER M,SAN FRANCISCO FLOWER M,-80.0,15,Merchandise,Business,15,Merchandise,Business,,,,,
2024-04-01,2024,4,Bank of Marin,2024.xlsx Marin clean,DoorDash,DoorDash,-80.08,43,Food,Business,43,Food,Business,,,,,
2023-10-01,2023,10,Capital One CC,CC uploads,Google ADS5237369439,Google ADS5237369439,-80.24,23,Ads & Subscriptions,Business,23,Ads & Subscriptions,Business,,,,,
2023-02-05,2023,2,Capital One CC,CC uploads,DOORDASH*CHINA VILLA,DOORDASH*CHINA VILLA,-80.29,43,Food,Business,43,Food,Business,,,,,
2024-11-18,2024,11,Bank of Marin,2024.xlsx Marin clean,Phnom Penh House I Nc,Phnom Penh House I Nc,-80.33,42,Misc,Business,42,Misc,Business,,,,,
2025-05-26,2025,5,Capital One CC,2025 v3.xlsx,TST*IYASARE,TST*IYASARE,-80.35,43,Food,Business,43,Food,Business,,,,,
2026-05-31,2026,5,Capital One CC,CC uploads,DD *DOORDASH CHINAVILL,DD *DOORDASH CHINAVILL,-80.4,43,Food,Business,43,Food,Business,,,,,
2024-03-21,2024,3,Capital One CC,2024.xlsx Capital 1 Clean,FLORAL SUPPLY SYND #1,FLORAL SUPPLY SYND #1,-80.5,11,Flowers,Business,11,Flowers,Business,,,,,
2025-05-06,2025,5,Bank of Marin,2025 v3.xlsx,Alameda Muni,Alameda Muni,-80.82,33,Utilities,Business,33,Utilities,Business,,,,,
2024-05-22,2024,5,Capital One CC,2024.xlsx Capital 1 Clean,EXXON ALAMEDA FUEL MAR,EXXON ALAMEDA FUEL MAR,-81.21,31,Car (shop),Business,31,Car (shop),Business,,,,,
2024-06-13,2024,6,Bank of Marin,2024.xlsx Marin clean,DoorDash,DoorDash,-81.37,43,Food,Business,43,Food,Business,,,,,
2025-12-26,2025,12,Bank of Marin,2025 v3.xlsx,Alameda Muni,Alameda Muni,-81.4,33,Utilities,Business,33,Utilities,Business,,,,,
2025-07-16,2025,7,Capital One CC,2025 v3.xlsx,Grace Nursery,GRACE NURSERY INC,-81.49,11,Flowers,Business,11,Flowers,Business,,,,,
2023-02-08,2023,2,Bank of Marin,BoM master,Alameda Muni Pow Electric,Alameda Muni Pow Electric,-81.52,33,Utilities,Business,33,Utilities,Business,,,,,
2025-01-18,2025,1,Capital One CC,2025 v3.xlsx,AMAZON MKTPL*ZG5W40SB2,AMAZON MKTPL*ZG5W40SB2,-81.8,62,Amazon,Personal,62,Amazon,Personal,,,,,
2024-02-09,2024,2,Capital One CC,2024.xlsx Capital 1 Clean,Rafa's Wholesale Flowers,RAFAS WHOLESALE FLOWER,-82.0,11,Flowers,Business,11,Flowers,Business,,,,,
2024-02-01,2024,2,Capital One CC,2024.xlsx Capital 1 Clean,FLORAL SUPPLY SYND #1,FLORAL SUPPLY SYND #1,-82.25,11,Flowers,Business,11,Flowers,Business,,,,,
2023-11-05,2023,11,Capital One CC,CC uploads,GINGER P DESIGNS FAIRE,GINGER P DESIGNS FAIRE,-82.5,11,Flowers,Business,11,Flowers,Business,,,,,
2026-02-28,2026,2,Capital One CC,CC uploads,SP VB BEAUTY,SP VB BEAUTY,-82.54,15,Merchandise,Business,15,Merchandise,Business,,,,,
2026-03-20,2026,3,Capital One CC,CC uploads,DOORDASH*03/19-2 ORDER,DOORDASH*03/19-2 ORDER,-82.86,43,Food,Business,43,Food,Business,,,,,
2026-03-05,2026,3,Capital One CC,CC uploads,SP DANDYLIONWORLD,SP DANDYLIONWORLD,-83.0,15,Merchandise,Business,15,Merchandise,Business,,,,,
2025-08-23,2025,8,Capital One CC,2025 v3.xlsx,AMAZON MKTPL*JD8EZ1WZ3,AMAZON MKTPL*JD8EZ1WZ3,-83.02,62,Amazon,Personal,62,Amazon,Personal,,,,,
2023-06-23,2023,6,Bank of Marin,BoM master,Amazon,Amazon,-83.06,62,Amazon,Personal,62,Amazon,Personal,,,,,
2023-03-28,2023,3,Capital One CC,CC uploads,FLORAL SUPPLY SYND #1,FLORAL SUPPLY SYND #1,-83.25,11,Flowers,Business,11,Flowers,Business,,,,,
2023-11-15,2023,11,Bank of Marin,BoM master,Acre Restaurant,Acre Restaurant,-83.28,42,Misc,Business,42,Misc,Business,,,,,
2026-07-16,2026,7,Capital One CC,CC uploads,TST* LA LOULOU,TST* LA LOULOU,-83.36,43,Food,Business,43,Food,Business,,,,,
2024-01-05,2024,1,Capital One CC,2024.xlsx Capital 1 Clean,BOMBA OSA,BOMBA OSA,-83.48,31,Car (shop),Business,31,Car (shop),Business,,,,,
2023-08-25,2023,8,Bank of Marin,BoM master,Floral Supply Synd,Floral Supply Synd,-83.5,11,Flowers,Business,11,Flowers,Business,,,,,
2023-08-08,2023,8,Capital One CC,CC uploads,COAST WHOLESALE FLORIS,COAST WHOLESALE FLORIS,-83.5,11,Flowers,Business,11,Flowers,Business,,,,,
2026-03-05,2026,3,Capital One CC,CC uploads,TJ MAXX #1084,TJ MAXX #1084,-83.76,15,Merchandise,Business,15,Merchandise,Business,,,,,
2025-10-20,2025,10,Bank of Marin,2025 v3.xlsx,Alameda Muni,Alameda Muni,-83.78,33,Utilities,Business,33,Utilities,Business,,,,,
2023-04-02,2023,4,Capital One CC,CC uploads,THE RUSTIC HOUSE FAIRE,THE RUSTIC HOUSE FAIRE,-84.0,11,Flowers,Business,11,Flowers,Business,,,,,
2023-10-05,2023,10,Bank of Marin,BoM master,Alameda Fuel Mart,Alameda Fuel Mart,-84.06,31,Car (shop),Business,31,Car (shop),Business,,,,,
2024-01-04,2024,1,Capital One CC,2024.xlsx Capital 1 Clean,CHAK NURSERY INC,CHAK NURSERY INC,-84.94,15,Merchandise,Business,15,Merchandise,Business,,,,,
2024-11-29,2024,11,Capital One CC,2024.xlsx Capital 1 Clean,Torchio Nursery,TORCHIO NURSERY COMPAN,-85.0,11,Flowers,Business,11,Flowers,Business,,,,,
2023-10-05,2023,10,Bank of Marin,BoM master,Body Mind Chir Opra Alameda Ca,Body Mind Chir Opra Alameda Ca,-85.0,42,Misc,Business,42,Misc,Business,,,,,
2023-09-27,2023,9,Capital One CC,CC uploads,SQ *BODY MIND CHIROPRA,SQ *BODY MIND CHIROPRA,-85.0,42,Misc,Business,42,Misc,Business,,,,,
2026-02-04,2026,2,Capital One CC,CC uploads,SP DANDELION CHOCOLA,SP DANDELION CHOCOLA,-85.0,15,Merchandise,Business,15,Merchandise,Business,,,,,
2023-04-20,2023,4,Bank of Marin,BoM master,Check #5024 — PAYEE UNKNOWN,Check #5024,-85.03,11,Flowers,Business,11,Flowers,Business,,,,,
2025-02-14,2025,2,Capital One CC,2025 v3.xlsx,Grace Nursery,GRACE NURSERY INC,-85.33,11,Flowers,Business,11,Flowers,Business,,,,,
2026-03-15,2026,3,Capital One CC,CC uploads,SPO*ZUTONFOURTH,SPO*ZUTONFOURTH,-85.38,43,Food,Business,43,Food,Business,,,,,
2024-03-28,2024,3,Capital One CC,2024.xlsx Capital 1 Clean,FLORAL SUPPLY SYND #1,FLORAL SUPPLY SYND #1,-85.65,11,Flowers,Business,11,Flowers,Business,,,,,
2024-07-31,2024,7,Capital One CC,2024.xlsx Capital 1 Clean,MOO PRINT,MOO PRINT,-85.78,14,Materials,Business,14,Materials,Business,,,,,
2025-06-19,2025,6,Capital One CC,2025 v3.xlsx,AMAZON MKTPL*NA2V19RR0,AMAZON MKTPL*NA2V19RR0,-85.87,62,Amazon,Personal,62,Amazon,Personal,,,,,
2024-03-04,2024,3,Capital One CC,2024.xlsx Capital 1 Clean,AMANDA F LEONG DDS PC,AMANDA F LEONG DDS PC,-86.0,53,Health,Personal,53,Health,Personal,,,,,
2024-07-06,2024,7,Capital One CC,2024.xlsx Capital 1 Clean,PRIMA DE SUR FAIRE,PRIMA DE SUR FAIRE,-86.0,11,Flowers,Business,11,Flowers,Business,,,,,
2025-06-09,2025,6,Capital One CC,2025 v3.xlsx,TINY POETRY PROJ FAIRE,TINY POETRY PROJ FAIRE,-86.0,11,Flowers,Business,11,Flowers,Business,,,,,
2026-02-12,2026,2,Capital One CC,CC uploads,DOORDASH*02/11-2 ORDER,DOORDASH*02/11-2 ORDER,-86.39,43,Food,Business,43,Food,Business,,,,,
2026-04-22,2026,4,Capital One CC,CC uploads,DD *DOORDASH BURMASUPE,DD *DOORDASH BURMASUPE,-86.53,43,Food,Business,43,Food,Business,,,,,
2023-05-08,2023,5,Bank of Marin,BoM master,Alameda Muni Pow Electric,Alameda Muni Pow Electric,-86.62,33,Utilities,Business,33,Utilities,Business,,,,,
2023-04-07,2023,4,Bank of Marin,BoM master,Alameda Muni Pow Electric,Alameda Muni Pow Electric,-86.62,33,Utilities,Business,33,Utilities,Business,,,,,
2025-10-08,2025,10,Capital One CC,2025 v3.xlsx,AMAZON MKTPL*NV9Q82UW1,AMAZON MKTPL*NV9Q82UW1,-86.97,62,Amazon,Personal,62,Amazon,Personal,,,,,
2026-06-08,2026,6,Capital One CC,CC uploads,ARCO#83388RRA PETROQPS,ARCO#83388RRA PETROQPS,-86.98,31,Car (shop),Business,31,Car (shop),Business,,,,,
2026-05-08,2026,5,Capital One CC,CC uploads,ARCO#83388RRA PETROQPS,ARCO#83388RRA PETROQPS,-87.21,31,Car (shop),Business,31,Car (shop),Business,,,,,
2023-02-01,2023,2,Capital One CC,CC uploads,COAST WHOLESALE FLORIS,COAST WHOLESALE FLORIS,-87.4,11,Flowers,Business,11,Flowers,Business,,,,,
2023-03-09,2023,3,Capital One CC,CC uploads,FLORAL SUPPLY SYND #1,FLORAL SUPPLY SYND #1,-87.5,11,Flowers,Business,11,Flowers,Business,,,,,
2025-03-20,2025,3,Capital One CC,2025 v3.xlsx,AMAZON MKTPL*DQ9LZ8CB3,AMAZON MKTPL*DQ9LZ8CB3,-87.66,62,Amazon,Personal,62,Amazon,Personal,,,,,
2023-02-22,2023,2,Bank of Marin,BoM master,Amazon,Amazon,-87.94,62,Amazon,Personal,62,Amazon,Personal,,,,,
2023-11-07,2023,11,Capital One CC,CC uploads,Lupe Farm,LUPE FARM,-88.15,11,Flowers,Business,11,Flowers,Business,,,,,
2024-05-16,2024,5,Capital One CC,2024.xlsx Capital 1 Clean,BOSQUES DEL CABO RAINF,BOSQUES DEL CABO RAINF,-88.2,67,Travel,Personal,67,Travel,Personal,,,,,
2023-01-03,2023,1,Capital One CC,CC uploads,Grace Nursery,GRACE NURSERY INC,-88.2,11,Flowers,Business,11,Flowers,Business,,,,,
2026-01-31,2026,1,Capital One CC,CC uploads,DD *DOORDASH YELLOWTAI,DD *DOORDASH YELLOWTAI,-88.44,43,Food,Business,43,Food,Business,,,,,
2025-07-21,2025,7,Bank of Marin,2025 v3.xlsx,Amazon,Amazon,-88.58,62,Amazon,Personal,62,Amazon,Personal,,,,,
2025-08-13,2025,8,Bank of Marin,2025 v3.xlsx,Grace Nursery,Grace Nursery Inc,-88.61,11,Flowers,Business,11,Flowers,Business,,,,,
2025-04-15,2025,4,Bank of Marin,2025 v3.xlsx,Alameda Muni,Alameda Muni,-88.98,33,Utilities,Business,33,Utilities,Business,,,,,
2026-07-13,2026,7,Capital One CC,CC uploads,SPO*ENCINALNURSERY,SPO*ENCINALNURSERY,-89.12,15,Merchandise,Business,15,Merchandise,Business,,,,,
2026-01-10,2026,1,Capital One CC,CC uploads,HIGHPOINT MEGA 3964,HIGHPOINT MEGA 3964,-89.18,15,Merchandise,Business,15,Merchandise,Business,,,,,
2023-08-10,2023,8,Capital One CC,CC uploads,Grace Nursery,GRACE NURSERY INC,-89.23,11,Flowers,Business,11,Flowers,Business,,,,,
2025-12-12,2025,12,Capital One CC,2025 v3.xlsx,Rafa's Wholesale Flowers,RAFAS WHOLESALE FLOWER,-89.61,11,Flowers,Business,11,Flowers,Business,,,,,
2025-05-26,2025,5,Capital One CC,2025 v3.xlsx,ANTHROPOLOGIE  00448,ANTHROPOLOGIE  00448,-89.96,66,Clothing,Personal,66,Clothing,Personal,,,,,
2025-11-19,2025,11,Capital One CC,2025 v3.xlsx,AMAZON MKTPL*B047T13T0,AMAZON MKTPL*B047T13T0,-89.97,62,Amazon,Personal,62,Amazon,Personal,,,,,
2024-01-03,2024,1,Capital One CC,2024.xlsx Capital 1 Clean,FASTRAK CSC,FASTRAK CSC,-90.0,31,Car (shop),Business,31,Car (shop),Business,,,,,
2024-02-04,2024,2,Capital One CC,2024.xlsx Capital 1 Clean,FASTRAK CSC,FASTRAK CSC,-90.0,31,Car (shop),Business,31,Car (shop),Business,,,,,
2024-03-10,2024,3,Capital One CC,2024.xlsx Capital 1 Clean,FASTRAK CSC,FASTRAK CSC,-90.0,31,Car (shop),Business,31,Car (shop),Business,,,,,
2024-09-08,2024,9,Capital One CC,2024.xlsx Capital 1 Clean,BLUE LEAF DESIGN FAIRE,BLUE LEAF DESIGN FAIRE,-90.0,11,Flowers,Business,11,Flowers,Business,,,,,
2025-04-21,2025,4,Bank of Marin,2025 v3.xlsx,Venmo — RECIPIENT UNKNOWN,Transfer to Venmo,-90.0,22,Venmo,Business,22,Venmo,Business,,,,,
2023-09-15,2023,9,Capital One CC,CC uploads,TOMOS MINI SPA  NAILS,TOMOS MINI SPA  NAILS,-90.0,14,Materials,Business,14,Materials,Business,,,,,
2024-04-11,2024,4,Capital One CC,2024.xlsx Capital 1 Clean,FLORAL SUPPLY SYND #1,FLORAL SUPPLY SYND #1,-90.1,11,Flowers,Business,11,Flowers,Business,,,,,
2023-08-08,2023,8,Bank of Marin,BoM master,Alameda Muni,Alameda Muni,-90.53,33,Utilities,Business,33,Utilities,Business,,,,,
2023-10-10,2023,10,Bank of Marin,BoM master,DoorDash,DoorDash,-91.01,43,Food,Business,43,Food,Business,,,,,
2023-08-21,2023,8,Bank of Marin,BoM master,DoorDash,DoorDash,-91.01,43,Food,Business,43,Food,Business,,,,,
2023-07-13,2023,7,Bank of Marin,BoM master,DoorDash,DoorDash,-91.01,43,Food,Business,43,Food,Business,,,,,
2024-11-21,2024,11,Capital One CC,2024.xlsx Capital 1 Clean,"SQ *ODELAY, A GREEN SA","SQ *ODELAY, A GREEN SA",-91.16,14,Materials,Business,14,Materials,Business,,,,,
2025-05-20,2025,5,Capital One CC,2025 v3.xlsx,DD *DOORDASH TROYGREEK,DD *DOORDASH TROYGREEK,-91.5,43,Food,Business,43,Food,Business,,,,,
2024-06-12,2024,6,Capital One CC,2024.xlsx Capital 1 Clean,BIG DIPPER WAX W FAIRE,BIG DIPPER WAX W FAIRE,-91.59,11,Flowers,Business,11,Flowers,Business,,,,,
2025-07-18,2025,7,Bank of Marin,2025 v3.xlsx,Brandy Melville Walnut,Brandy Melville Walnut,-91.78,14,Materials,Business,14,Materials,Business,,,,,
2025-06-09,2025,6,Bank of Marin,2025 v3.xlsx,Pizzeria Papp,Pizzeria Papp,-91.81,43,Food,Business,43,Food,Business,,,,,
2024-06-21,2024,6,Bank of Marin,2024.xlsx Marin clean,Alameda Muni,Alameda Muni,-91.85,33,Utilities,Business,33,Utilities,Business,,,,,
2023-06-06,2023,6,Capital One CC,CC uploads,Grace Nursery,GRACE NURSERY INC,-91.99,11,Flowers,Business,11,Flowers,Business,,,,,
2023-03-23,2023,3,Capital One CC,CC uploads,FLORAL SUPPLY SYND #1,FLORAL SUPPLY SYND #1,-92.0,11,Flowers,Business,11,Flowers,Business,,,,,
2026-04-05,2026,4,Capital One CC,CC uploads,LAVANDE FAIRE,LAVANDE FAIRE,-92.11,11,Flowers,Business,11,Flowers,Business,,,,,
2023-03-30,2023,3,Capital One CC,CC uploads,FLORAL SUPPLY SYND #1,FLORAL SUPPLY SYND #1,-92.2,11,Flowers,Business,11,Flowers,Business,,,,,
2023-05-26,2023,5,Bank of Marin,BoM master,Neve Bros,Neve Bros,-92.25,11,Flowers,Business,11,Flowers,Business,,,,,
2026-07-08,2026,7,Capital One CC,CC uploads,ARCO#83388RRA PETROQPS,ARCO#83388RRA PETROQPS,-92.48,31,Car (shop),Business,31,Car (shop),Business,,,,,
2025-04-09,2025,4,Capital One CC,2025 v3.xlsx,Rafa's Wholesale Flowers,RAFAS WHOLESALE FLOWER,-92.7,11,Flowers,Business,11,Flowers,Business,,,,,
2023-06-08,2023,6,Bank of Marin,BoM master,Alameda Muni,Alameda Muni,-92.71,33,Utilities,Business,33,Utilities,Business,,,,,
2024-05-21,2024,5,Bank of Marin,2024.xlsx Marin clean,Uber Trip,Uber Trip,-92.97,67,Travel,Personal,67,Travel,Personal,,,,,
2023-04-26,2023,4,Bank of Marin,BoM master,"Odelay, a Gree N Sa Alameda Ca","Odelay, a Gree N Sa Alameda Ca",-93.03,42,Misc,Business,42,Misc,Business,,,,,
2023-02-10,2023,2,Capital One CC,CC uploads,TOOMIES BY THAI GOLDEN,TOOMIES BY THAI GOLDEN,-93.04,43,Food,Business,43,Food,Business,,,,,
2026-01-22,2026,1,Bank of Marin,BoM master,Alameda Muni,Alameda Muni,-93.23,33,Utilities,Business,33,Utilities,Business,,,,,
2026-07-20,2026,7,Capital One CC,CC uploads,SQ *FIREBRAND ARTISAN,SQ *FIREBRAND ARTISAN,-93.25,43,Food,Business,43,Food,Business,,,,,
2024-10-24,2024,10,Capital One CC,2024.xlsx Capital 1 Clean,Mayesh Wholesale Flowers,Mayesh San Francisco,-93.84,11,Flowers,Business,11,Flowers,Business,,,,,
2024-01-23,2024,1,Bank of Marin,2024.xlsx Marin clean,Check #5109 — PAYEE UNKNOWN,Check #5109,-94.0,11,Flowers,Business,11,Flowers,Business,,,,,
2024-02-11,2024,2,Capital One CC,2024.xlsx Capital 1 Clean,PRIMA DE SUR FAIRE,PRIMA DE SUR FAIRE,-94.0,11,Flowers,Business,11,Flowers,Business,,,,,
2023-11-30,2023,11,Capital One CC,CC uploads,FLORAL SUPPLY SYND #1,FLORAL SUPPLY SYND #1,-94.0,11,Flowers,Business,11,Flowers,Business,,,,,
2026-07-14,2026,7,Capital One CC,CC uploads,Miguel Flowers,SQ *MIGUEL FLOWERS,-94.07,11,Flowers,Business,11,Flowers,Business,,,,,
2023-02-27,2023,2,Bank of Marin,BoM master,Amazon,Amazon,-94.13,62,Amazon,Personal,62,Amazon,Personal,,,,,
2023-11-30,2023,11,Capital One CC,CC uploads,ENCINAL NURSERY,ENCINAL NURSERY,-94.14,11,Flowers,Business,11,Flowers,Business,,,,,
2026-03-09,2026,3,Capital One CC,CC uploads,TST*ACORN CAFE,TST*ACORN CAFE,-94.15,43,Food,Business,43,Food,Business,,,,,
2026-01-30,2026,1,Bank of Marin,BoM master,Alameda Muni,Alameda Muni,-94.41,33,Utilities,Business,33,Utilities,Business,,,,,
2023-08-18,2023,8,Capital One CC,CC uploads,MT. EDEN FLORAL COMPAN,MT. EDEN FLORAL COMPAN,-94.5,15,Merchandise,Business,15,Merchandise,Business,,,,,
2024-02-05,2024,2,Bank of Marin,2024.xlsx Marin clean,Alameda Muni,Alameda Muni,-94.74,33,Utilities,Business,33,Utilities,Business,,,,,
2024-03-07,2024,3,Bank of Marin,2024.xlsx Marin clean,Alameda Muni,Alameda Muni,-94.96,33,Utilities,Business,33,Utilities,Business,,,,,
2025-07-03,2025,7,Capital One CC,2025 v3.xlsx,AMAZON MKTPL*N37YH2P30,AMAZON MKTPL*N37YH2P30,-94.98,62,Amazon,Personal,62,Amazon,Personal,,,,,
2024-01-19,2024,1,Capital One CC,2024.xlsx Capital 1 Clean,FLORAL SUPPLY SYND #1,FLORAL SUPPLY SYND #1,-95.0,11,Flowers,Business,11,Flowers,Business,,,,,
2023-05-09,2023,5,Capital One CC,CC uploads,MT EDEN FLORAL COMPANY,MT EDEN FLORAL COMPANY,-95.04,11,Flowers,Business,11,Flowers,Business,,,,,
2026-02-23,2026,2,Bank of Marin,BoM master,Alameda Muni,Alameda Muni,-95.06,33,Utilities,Business,33,Utilities,Business,,,,,
2024-01-03,2024,1,Bank of Marin,2024.xlsx Marin clean,Alameda Muni,Alameda Muni,-95.17,33,Utilities,Business,33,Utilities,Business,,,,,
2025-01-13,2025,1,Bank of Marin,2025 v3.xlsx,Alameda Muni,Alameda Muni,-95.48,33,Utilities,Business,33,Utilities,Business,,,,,
2026-01-17,2026,1,Capital One CC,CC uploads,123 FARM FAIRE,123 FARM FAIRE,-96.0,11,Flowers,Business,11,Flowers,Business,,,,,
2023-08-03,2023,8,Capital One CC,CC uploads,Grace Nursery,GRACE NURSERY INC,-96.25,11,Flowers,Business,11,Flowers,Business,,,,,
2023-06-26,2023,6,Bank of Marin,BoM master,Sherwin-Williams,Sherwin-Williams,-96.26,42,Misc,Business,42,Misc,Business,,,,,
2024-02-14,2024,2,Capital One CC,2024.xlsx Capital 1 Clean,Mayesh Wholesale Flowers,Mayesh San Francisco,-96.9,11,Flowers,Business,11,Flowers,Business,,,,,
2023-04-25,2023,4,Capital One CC,CC uploads,COAST WHOLESALE FLORIS,COAST WHOLESALE FLORIS,-97.0,11,Flowers,Business,11,Flowers,Business,,,,,
2025-02-07,2025,2,Bank of Marin,2025 v3.xlsx,Mt Eden Floral Co Mpany,Mt Eden Floral Co Mpany,-97.32,11,Flowers,Business,11,Flowers,Business,,,,,
2024-07-08,2024,7,Bank of Marin,2024.xlsx Marin clean,Alo Yoga,Alo Yoga,-97.46,66,Clothing,Personal,66,Clothing,Personal,,,,,
2026-03-06,2026,3,Capital One CC,CC uploads,MAGNIFIQUE HEART FAIRE,MAGNIFIQUE HEART FAIRE,-97.86,11,Flowers,Business,11,Flowers,Business,,,,,
2023-05-13,2023,5,Capital One CC,CC uploads,MT. EDEN FLORAL COMPAN,MT. EDEN FLORAL COMPAN,-98.04,15,Merchandise,Business,15,Merchandise,Business,,,,,
2024-01-04,2024,1,Bank of Marin,2024.xlsx Marin clean,DoorDash,DoorDash,-98.18,43,Food,Business,43,Food,Business,,,,,
2026-01-26,2026,1,Capital One CC,CC uploads,DD *DOORDASH CHINAVILL,DD *DOORDASH CHINAVILL,-98.34,43,Food,Business,43,Food,Business,,,,,
2023-12-20,2023,12,Bank of Marin,BoM master,DoorDash,DoorDash,-98.66,43,Food,Business,43,Food,Business,,,,,
2025-07-31,2025,7,Capital One CC,2025 v3.xlsx,Vueling BCN Airport,Vueling BCN Airport,-98.71,67,Travel,Personal,67,Travel,Personal,,,,,
2024-11-19,2024,11,Capital One CC,2024.xlsx Capital 1 Clean,FLORAL SUPPLY SYND #1,FLORAL SUPPLY SYND #1,-98.75,11,Flowers,Business,11,Flowers,Business,,,,,
2024-11-18,2024,11,Bank of Marin,2024.xlsx Marin clean,Greens Grains Clover,Greens Grains Clover,-98.86,43,Food,Business,43,Food,Business,,,,,
2024-01-07,2024,1,Capital One CC,2024.xlsx Capital 1 Clean,GINGER P DESIGNS FAIRE,GINGER P DESIGNS FAIRE,-99.0,11,Flowers,Business,11,Flowers,Business,,,,,
2024-04-03,2024,4,Capital One CC,2024.xlsx Capital 1 Clean,RANI BAN CO FAIRE,RANI BAN CO FAIRE,-99.0,11,Flowers,Business,11,Flowers,Business,,,,,
2024-04-03,2024,4,Capital One CC,2024.xlsx Capital 1 Clean,RED CAP CARDS FAIRE,RED CAP CARDS FAIRE,-99.0,11,Flowers,Business,11,Flowers,Business,,,,,
2024-08-04,2024,8,Capital One CC,2024.xlsx Capital 1 Clean,RANI BAN CO FAIRE,RANI BAN CO FAIRE,-99.0,11,Flowers,Business,11,Flowers,Business,,,,,
2026-03-03,2026,3,Capital One CC,CC uploads,FLORAL SUPPLY SYND #1,FLORAL SUPPLY SYND #1,-99.0,11,Flowers,Business,11,Flowers,Business,,,,,
2025-03-14,2025,3,Bank of Marin,2025 v3.xlsx,Alameda Muni,Alameda Muni,-99.15,33,Utilities,Business,33,Utilities,Business,,,,,
2023-07-07,2023,7,Bank of Marin,BoM master,Alameda Muni,Alameda Muni,-99.22,33,Utilities,Business,33,Utilities,Business,,,,,
2026-02-14,2026,2,Capital One CC,CC uploads,DOORDASH*02/13-2 ORDER,DOORDASH*02/13-2 ORDER,-99.5,43,Food,Business,43,Food,Business,,,,,
2024-01-02,2024,1,Capital One CC,2024.xlsx Capital 1 Clean,CHAK NURSERY INC,CHAK NURSERY INC,-99.51,15,Merchandise,Business,15,Merchandise,Business,,,,,
2024-05-28,2024,5,Bank of Marin,2024.xlsx Marin clean,Yellowtail Japanes,Yellowtail Japanes,-99.65,43,Food,Business,43,Food,Business,,,,,
2026-07-09,2026,7,Capital One CC,CC uploads,FLORAL SUPPLY SYND #1,FLORAL SUPPLY SYND #1,-99.8,11,Flowers,Business,11,Flowers,Business,,,,,
2023-04-13,2023,4,Capital One CC,CC uploads,Mayesh Wholesale Flowers,Mayesh San Francisco,-99.96,11,Flowers,Business,11,Flowers,Business,,,,,
2026-07-07,2026,7,Capital One CC,CC uploads,APPLE.COM/BILL,APPLE.COM/BILL,-99.99,65,Entertainment,Personal,65,Entertainment,Personal,,,,,
2024-04-01,2024,4,Bank of Marin,2024.xlsx Marin clean,Venmo — RECIPIENT UNKNOWN,Transfer to Venmo,-100.0,22,Venmo,Business,22,Venmo,Business,,,,,
2024-05-06,2024,5,Bank of Marin,2024.xlsx Marin clean,Venmo — RECIPIENT UNKNOWN,Transfer to Venmo,-100.0,22,Venmo,Business,22,Venmo,Business,,,,,
2024-05-13,2024,5,Bank of Marin,2024.xlsx Marin clean,Venmo — RECIPIENT UNKNOWN,Transfer to Venmo,-100.0,22,Venmo,Business,22,Venmo,Business,,,,,
2024-06-24,2024,6,Bank of Marin,2024.xlsx Marin clean,Venmo — RECIPIENT UNKNOWN,Transfer to Venmo,-100.0,22,Venmo,Business,22,Venmo,Business,,,,,
2024-12-20,2024,12,Bank of Marin,2024.xlsx Marin clean,Mama Oakland Gosq,Mama Oakland Gosq,-100.0,43,Food,Business,43,Food,Business,,,,,
2024-04-10,2024,4,Capital One CC,2024.xlsx Capital 1 Clean,COPA AIRLI,COPA AIRLI,-100.0,67,Travel,Personal,67,Travel,Personal,,,,,
2025-01-28,2025,1,Bank of Marin,2025 v3.xlsx,Venmo — RECIPIENT UNKNOWN,Transfer to Venmo,-100.0,22,Venmo,Business,22,Venmo,Business,,,,,
2025-04-21,2025,4,Bank of Marin,2025 v3.xlsx,Venmo — RECIPIENT UNKNOWN,Transfer to Venmo,-100.0,22,Venmo,Business,22,Venmo,Business,,,,,
2026-03-23,2026,3,Bank of Marin,BoM master,Venmo — RECIPIENT UNKNOWN,Transfer to Venmo,-100.0,22,Venmo,Business,22,Venmo,Business,,,,,
2026-01-30,2026,1,Bank of Marin,BoM master,Venmo — RECIPIENT UNKNOWN,Transfer to Venmo,-100.0,22,Venmo,Business,22,Venmo,Business,,,,,
2023-05-22,2023,5,Bank of Marin,BoM master,Check #5039 — PAYEE UNKNOWN,Check #5039,-100.0,11,Flowers,Business,11,Flowers,Business,,,,,
2023-10-03,2023,10,Capital One CC,CC uploads,MOUNT SHASTA FLORIST,MOUNT SHASTA FLORIST,-100.0,15,Merchandise,Business,15,Merchandise,Business,,,,,
2026-04-30,2026,4,Capital One CC,CC uploads,FLORAL SUPPLY SYND #1,FLORAL SUPPLY SYND #1,-100.2,11,Flowers,Business,11,Flowers,Business,,,,,
2026-05-17,2026,5,Capital One CC,CC uploads,FHDA FUEL INC,FHDA FUEL INC,-100.31,31,Car (shop),Business,31,Car (shop),Business,,,,,
2024-02-27,2024,2,Capital One CC,2024.xlsx Capital 1 Clean,MOO PRINT,MOO PRINT,-100.56,14,Materials,Business,14,Materials,Business,,,,,
2023-03-01,2023,3,Capital One CC,CC uploads,MOO PRINT,MOO PRINT,-100.56,14,Materials,Business,14,Materials,Business,,,,,
2023-12-26,2023,12,Bank of Marin,BoM master,Trader Joe's,Trader Joe's,-100.69,42,Misc,Business,42,Misc,Business,,,,,
2024-05-09,2024,5,Capital One CC,2024.xlsx Capital 1 Clean,MT. EDEN FLORAL COMPAN,MT. EDEN FLORAL COMPAN,-100.8,15,Merchandise,Business,15,Merchandise,Business,,,,,
2025-03-03,2025,3,Capital One CC,2025 v3.xlsx,AMAZON MKTPL*UP5OR65S3,AMAZON MKTPL*UP5OR65S3,-100.89,62,Amazon,Personal,62,Amazon,Personal,,,,,
2023-07-14,2023,7,Bank of Marin,BoM master,Neve Bros,Neve Bros,-100.96,11,Flowers,Business,11,Flowers,Business,,,,,
2023-11-27,2023,11,Capital One CC,CC uploads,Grace Nursery,GRACE NURSERY INC,-100.96,11,Flowers,Business,11,Flowers,Business,,,,,
2023-05-03,2023,5,Capital One CC,CC uploads,LOVELIGHT PAPER FAIRE,LOVELIGHT PAPER FAIRE,-101.25,11,Flowers,Business,11,Flowers,Business,,,,,
2023-07-03,2023,7,Bank of Marin,BoM master,Salt,Salt,-101.8,42,Misc,Business,42,Misc,Business,,,,,
2023-02-01,2023,2,Capital One CC,CC uploads,SQ *PACIFIC COAST EVER,SQ *PACIFIC COAST EVER,-102.0,15,Merchandise,Business,15,Merchandise,Business,,,,,
2024-02-19,2024,2,Capital One CC,2024.xlsx Capital 1 Clean,SHERWIN WILLIAMS 70868,SHERWIN WILLIAMS 70868,-102.05,15,Merchandise,Business,15,Merchandise,Business,,,,,
2026-01-11,2026,1,Capital One CC,CC uploads,LOVEJOY FARMS PR FAIRE,LOVEJOY FARMS PR FAIRE,-102.23,11,Flowers,Business,11,Flowers,Business,,,,,
2026-04-21,2026,4,Capital One CC,CC uploads,Miguel Flowers,SQ *MIGUEL FLOWERS,-102.76,11,Flowers,Business,11,Flowers,Business,,,,,
2025-06-18,2025,6,Capital One CC,2025 v3.xlsx,Mayesh Wholesale Flowers,Mayesh San Francisco,-103.02,11,Flowers,Business,11,Flowers,Business,,,,,
2024-10-15,2024,10,Capital One CC,2024.xlsx Capital 1 Clean,SANTA ROSA WHOLESALE F,SANTA ROSA WHOLESALE F,-103.5,11,Flowers,Business,11,Flowers,Business,,,,,
2025-11-07,2025,11,Capital One CC,2025 v3.xlsx,Grace Nursery,GRACE NURSERY INC,-103.53,11,Flowers,Business,11,Flowers,Business,,,,,
2024-08-05,2024,8,Bank of Marin,2024.xlsx Marin clean,Venmo — RECIPIENT UNKNOWN,Transfer to Venmo,-104.0,22,Venmo,Business,22,Venmo,Business,,,,,
2024-08-05,2024,8,Bank of Marin,2024.xlsx Marin clean,Venmo — RECIPIENT UNKNOWN,Transfer to Venmo,-104.0,22,Venmo,Business,22,Venmo,Business,,,,,
2024-06-03,2024,6,Bank of Marin,2024.xlsx Marin clean,Vuori,Vuori,-104.11,66,Clothing,Personal,66,Clothing,Personal,,,,,
2025-05-07,2025,5,Capital One CC,2025 v3.xlsx,Grace Nursery,GRACE NURSERY INC,-104.29,11,Flowers,Business,11,Flowers,Business,,,,,
2024-12-20,2024,12,Bank of Marin,2024.xlsx Marin clean,Alameda Municipal Power,Alameda Municipal Power,-104.33,42,Misc,Business,42,Misc,Business,,,,,
2026-02-08,2026,2,Capital One CC,CC uploads,SP VUORI CLOTHING,SP VUORI CLOTHING,-104.54,15,Merchandise,Business,15,Merchandise,Business,,,,,
2024-09-21,2024,9,Capital One CC,2024.xlsx Capital 1 Clean,ENCINAL NURSERY,ENCINAL NURSERY,-104.57,11,Flowers,Business,11,Flowers,Business,,,,,
2023-08-18,2023,8,Capital One CC,CC uploads,MT. EDEN FLORAL COMPAN,MT. EDEN FLORAL COMPAN,-104.9,15,Merchandise,Business,15,Merchandise,Business,,,,,
2026-07-12,2026,7,Capital One CC,CC uploads,GLORIA FAYE FAIRE,GLORIA FAYE FAIRE,-104.97,11,Flowers,Business,11,Flowers,Business,,,,,
2023-02-16,2023,2,Bank of Marin,BoM master,Rafa's Wholesale Flowers,Rafas Wholesale Fl Owers,-105.0,11,Flowers,Business,11,Flowers,Business,,,,,
2026-06-15,2026,6,Capital One CC,CC uploads,FASTRAK CSC,FASTRAK CSC,-105.0,31,Car (shop),Business,31,Car (shop),Business,,,,,
2026-05-27,2026,5,Capital One CC,CC uploads,BIG LOVIE FAIRE,BIG LOVIE FAIRE,-105.0,11,Flowers,Business,11,Flowers,Business,,,,,
2026-05-13,2026,5,Capital One CC,CC uploads,FASTRAK CSC,FASTRAK CSC,-105.0,31,Car (shop),Business,31,Car (shop),Business,,,,,
2026-03-31,2026,3,Capital One CC,CC uploads,FASTRAK CSC,FASTRAK CSC,-105.0,31,Car (shop),Business,31,Car (shop),Business,,,,,
2026-03-03,2026,3,Capital One CC,CC uploads,FASTRAK CSC,FASTRAK CSC,-105.0,31,Car (shop),Business,31,Car (shop),Business,,,,,
2026-02-02,2026,2,Capital One CC,CC uploads,FASTRAK CSC,FASTRAK CSC,-105.0,31,Car (shop),Business,31,Car (shop),Business,,,,,
2023-02-06,2023,2,Bank of Marin,BoM master,Amazon,Amazon,-105.05,62,Amazon,Personal,62,Amazon,Personal,,,,,
2026-07-13,2026,7,Capital One CC,CC uploads,DD *DOORDASH INDIAPALA,DD *DOORDASH INDIAPALA,-105.62,43,Food,Business,43,Food,Business,,,,,
2025-06-04,2025,6,Capital One CC,2025 v3.xlsx,AMAZON MKTPL*N67GC5P31,AMAZON MKTPL*N67GC5P31,-105.7,62,Amazon,Personal,62,Amazon,Personal,,,,,
2023-03-13,2023,3,Bank of Marin,BoM master,Check #5060 — PAYEE UNKNOWN,Check #5060,-105.7,11,Flowers,Business,11,Flowers,Business,,,,,
2026-06-09,2026,6,Capital One CC,CC uploads,Grace Nursery,GRACE NURSERY INC,-105.83,11,Flowers,Business,11,Flowers,Business,,,,,
2024-06-13,2024,6,Bank of Marin,2024.xlsx Marin clean,Target,Target,-105.99,14,Materials,Business,14,Materials,Business,,,,,
2024-09-07,2024,9,Capital One CC,2024.xlsx Capital 1 Clean,SQ *MALAYA TEA ROOM,SQ *MALAYA TEA ROOM,-106.32,43,Food,Business,43,Food,Business,,,,,
2024-05-03,2024,5,Capital One CC,2024.xlsx Capital 1 Clean,PHNOM PENH HOUSE INC,PHNOM PENH HOUSE INC,-106.37,43,Food,Business,43,Food,Business,,,,,
2024-06-12,2024,6,Capital One CC,2024.xlsx Capital 1 Clean,TOPS MALIBU FAIRE,TOPS MALIBU FAIRE,-106.5,11,Flowers,Business,11,Flowers,Business,,,,,
2026-01-17,2026,1,Capital One CC,CC uploads,DD *DOORDASH TAHINA,DD *DOORDASH TAHINA,-106.78,43,Food,Business,43,Food,Business,,,,,
2023-10-26,2023,10,Capital One CC,CC uploads,FLORAL SUPPLY SYND #1,FLORAL SUPPLY SYND #1,-106.9,11,Flowers,Business,11,Flowers,Business,,,,,
2024-01-15,2024,1,Capital One CC,2024.xlsx Capital 1 Clean,COPA CARD,COPA CARD,-107.0,67,Travel,Personal,67,Travel,Personal,,,,,
2025-08-27,2025,8,Capital One CC,2025 v3.xlsx,Grace Nursery,GRACE NURSERY INC,-107.11,11,Flowers,Business,11,Flowers,Business,,,,,
2025-05-19,2025,5,Capital One CC,2025 v3.xlsx,TST* LEMON DROP,TST* LEMON DROP,-107.21,43,Food,Business,43,Food,Business,,,,,
2025-09-02,2025,9,Capital One CC,2025 v3.xlsx,HANNAH GREEN ILL FAIRE,HANNAH GREEN ILL FAIRE,-107.32,11,Flowers,Business,11,Flowers,Business,,,,,
2024-05-13,2024,5,Bank of Marin,2024.xlsx Marin clean,Alameda Muni,Alameda Muni,-107.4,33,Utilities,Business,33,Utilities,Business,,,,,
2023-03-13,2023,3,Bank of Marin,BoM master,Amazon,Amazon,-107.43,62,Amazon,Personal,62,Amazon,Personal,,,,,
2026-07-18,2026,7,Capital One CC,CC uploads,ARCO#83388RRA PETROQPS,ARCO#83388RRA PETROQPS,-107.59,31,Car (shop),Business,31,Car (shop),Business,,,,,
2023-02-02,2023,2,Bank of Marin,BoM master,Neve Bros,Neve Bros,-107.63,11,Flowers,Business,11,Flowers,Business,,,,,
2023-12-03,2023,12,Capital One CC,CC uploads,SQ *GOLDEN STATE WARRI,SQ *GOLDEN STATE WARRI,-107.66,43,Food,Business,43,Food,Business,,,,,
2025-04-10,2025,4,Bank of Marin,2025 v3.xlsx,Venmo — RECIPIENT UNKNOWN,Transfer to Venmo,-108.0,22,Venmo,Business,22,Venmo,Business,,,,,
2025-05-21,2025,5,Bank of Marin,2025 v3.xlsx,Venmo — RECIPIENT UNKNOWN,Transfer to Venmo,-108.0,22,Venmo,Business,22,Venmo,Business,,,,,
2025-11-22,2025,11,Capital One CC,2025 v3.xlsx,Grace Nursery,GRACE NURSERY INC,-108.19,11,Flowers,Business,11,Flowers,Business,,,,,
2024-04-09,2024,4,Bank of Marin,2024.xlsx Marin clean,Alameda Muni,Alameda Muni,-108.26,33,Utilities,Business,33,Utilities,Business,,,,,
2023-03-28,2023,3,Bank of Marin,BoM master,Amazon,Amazon,-108.53,62,Amazon,Personal,62,Amazon,Personal,,,,,
2026-05-29,2026,5,Bank of Marin,BoM master,Alameda Muni,Alameda Muni,-108.63,33,Utilities,Business,33,Utilities,Business,,,,,
2026-05-15,2026,5,Capital One CC,CC uploads,MAGNIFIQUE HEART FAIRE,MAGNIFIQUE HEART FAIRE,-108.63,11,Flowers,Business,11,Flowers,Business,,,,,
2023-12-08,2023,12,Capital One CC,CC uploads,Grace Nursery,GRACE NURSERY INC,-108.65,11,Flowers,Business,11,Flowers,Business,,,,,
2026-01-07,2026,1,Capital One CC,CC uploads,Cotton On 9930 Queen S,Cotton On 9930 Queen S,-108.67,15,Merchandise,Business,15,Merchandise,Business,,,,,
2023-04-28,2023,4,Bank of Marin,BoM master,Ebmud Utility,Ebmud Utility,-109.33,33,Utilities,Business,33,Utilities,Business,,,,,
2023-06-08,2023,6,Bank of Marin,BoM master,Amazon,Amazon,-109.63,62,Amazon,Personal,62,Amazon,Personal,,,,,
2025-07-09,2025,7,Bank of Marin,2025 v3.xlsx,Mayesh Wholesale Flowers,Mayesh San Francis Co,-109.65,11,Flowers,Business,11,Flowers,Business,,,,,
2023-02-28,2023,2,Bank of Marin,BoM master,Ebmud Utility,Ebmud Utility,-109.79,33,Utilities,Business,33,Utilities,Business,,,,,
2025-07-02,2025,7,Capital One CC,2025 v3.xlsx,Grace Nursery,GRACE NURSERY INC,-109.88,11,Flowers,Business,11,Flowers,Business,,,,,
2024-11-12,2024,11,Capital One CC,2024.xlsx Capital 1 Clean,SQ *GREEN VALLEY GROWE,SQ *GREEN VALLEY GROWE,-110.0,15,Merchandise,Business,15,Merchandise,Business,,,,,
2023-06-15,2023,6,Bank of Marin,BoM master,Tomos Mini Spa Na Ils,Tomos Mini Spa Na Ils,-110.0,42,Misc,Business,42,Misc,Business,,,,,
2024-12-05,2024,12,Capital One CC,2024.xlsx Capital 1 Clean,MT. EDEN FLORAL COMPAN,MT. EDEN FLORAL COMPAN,-110.37,15,Merchandise,Business,15,Merchandise,Business,,,,,
2024-10-17,2024,10,Capital One CC,2024.xlsx Capital 1 Clean,MOO PRINT,MOO PRINT,-110.39,14,Materials,Business,14,Materials,Business,,,,,
2026-03-03,2026,3,Bank of Marin,BoM master,Alameda Muni,Alameda Muni,-110.63,33,Utilities,Business,33,Utilities,Business,,,,,
2024-05-24,2024,5,Capital One CC,2024.xlsx Capital 1 Clean,REI.COM  800-426-4840,REI.COM  800-426-4840,-110.67,15,Merchandise,Business,15,Merchandise,Business,,,,,
2023-04-02,2023,4,Capital One CC,CC uploads,TOPS MALIBU FAIRE,TOPS MALIBU FAIRE,-110.7,11,Flowers,Business,11,Flowers,Business,,,,,
2024-08-22,2024,8,Capital One CC,2024.xlsx Capital 1 Clean,N S SILVER,N S SILVER,-110.71,15,Merchandise,Business,15,Merchandise,Business,,,,,
2025-05-16,2025,5,Capital One CC,2025 v3.xlsx,AMAZON MKTPL*NW28J3N60,AMAZON MKTPL*NW28J3N60,-110.72,62,Amazon,Personal,62,Amazon,Personal,,,,,
2025-06-18,2025,6,Capital One CC,2025 v3.xlsx,NATURALIZER,NATURALIZER,-110.73,15,Merchandise,Business,15,Merchandise,Business,,,,,
2023-07-10,2023,7,Bank of Marin,BoM master,Amazon,Amazon,-110.73,62,Amazon,Personal,62,Amazon,Personal,,,,,
2025-11-24,2025,11,Capital One CC,2025 v3.xlsx,GINGER P DESIGNS FAIRE,GINGER P DESIGNS FAIRE,-111.0,11,Flowers,Business,11,Flowers,Business,,,,,
2023-04-17,2023,4,Bank of Marin,BoM master,Hobnob,Hobnob,-111.58,42,Misc,Business,42,Misc,Business,,,,,
2023-11-25,2023,11,Capital One CC,CC uploads,CKE*THE MARSHALL STORE,CKE*THE MARSHALL STORE,-111.59,43,Food,Business,43,Food,Business,,,,,
2025-09-26,2025,9,Capital One CC,2025 v3.xlsx,Grace Nursery,GRACE NURSERY INC,-111.73,11,Flowers,Business,11,Flowers,Business,,,,,
2025-11-14,2025,11,Capital One CC,2025 v3.xlsx,Grace Nursery,GRACE NURSERY INC,-111.73,11,Flowers,Business,11,Flowers,Business,,,,,
2023-02-07,2023,2,Capital One CC,CC uploads,Grace Nursery,GRACE NURSERY INC,-111.73,11,Flowers,Business,11,Flowers,Business,,,,,
2024-10-10,2024,10,Capital One CC,2024.xlsx Capital 1 Clean,FLORAL SUPPLY SYND #1,FLORAL SUPPLY SYND #1,-111.75,11,Flowers,Business,11,Flowers,Business,,,,,
2024-04-23,2024,4,Capital One CC,2024.xlsx Capital 1 Clean,MT. EDEN FLORAL COMPAN,MT. EDEN FLORAL COMPAN,-111.8,15,Merchandise,Business,15,Merchandise,Business,,,,,
2023-08-28,2023,8,Bank of Marin,BoM master,Encinal Nursery,Encinal Nursery,-112.39,11,Flowers,Business,11,Flowers,Business,,,,,
2024-08-04,2024,8,Capital One CC,2024.xlsx Capital 1 Clean,ODDBALL PRESS LL FAIRE,ODDBALL PRESS LL FAIRE,-112.5,11,Flowers,Business,11,Flowers,Business,,,,,
2024-11-12,2024,11,Capital One CC,2024.xlsx Capital 1 Clean,FARMETTE FAIRE,FARMETTE FAIRE,-112.5,11,Flowers,Business,11,Flowers,Business,,,,,
2024-08-14,2024,8,Capital One CC,2024.xlsx Capital 1 Clean,ASSEMBLY FESTIVAL LTD,ASSEMBLY FESTIVAL LTD,-112.66,65,Entertainment,Personal,65,Entertainment,Personal,,,,,
2025-03-26,2025,3,Capital One CC,2025 v3.xlsx,Grace Nursery,GRACE NURSERY INC,-112.75,11,Flowers,Business,11,Flowers,Business,,,,,
2025-09-19,2025,9,Capital One CC,2025 v3.xlsx,AMAZON MKTPL*C09EO1W33,AMAZON MKTPL*C09EO1W33,-112.75,62,Amazon,Personal,62,Amazon,Personal,,,,,
2023-02-16,2023,2,Bank of Marin,BoM master,Neve Bros,Neve Bros,-112.75,11,Flowers,Business,11,Flowers,Business,,,,,
2026-05-20,2026,5,Capital One CC,CC uploads,"SQ *STITCHES, LLC","SQ *STITCHES, LLC",-113.0,14,Materials,Business,14,Materials,Business,,,,,
2023-08-25,2023,8,Bank of Marin,BoM master,Grace Nursery,Grace Nursery Inc,-113.16,11,Flowers,Business,11,Flowers,Business,,,,,
2025-12-26,2025,12,Bank of Marin,2025 v3.xlsx,East Bay Municipal Utility District,East Bay Municipal Utility District,-113.5,33,Utilities,Business,33,Utilities,Business,,,,,
2026-06-26,2026,6,Bank of Marin,BoM master,East Bay Municipal Utility District,East Bay Municipal Utility District,-113.5,33,Utilities,Business,33,Utilities,Business,,,,,
2026-04-28,2026,4,Bank of Marin,BoM master,East Bay Municipal Utility District,East Bay Municipal Utility District,-113.5,33,Utilities,Business,33,Utilities,Business,,,,,
2026-02-27,2026,2,Bank of Marin,BoM master,East Bay Municipal Utility District,East Bay Municipal Utility District,-113.5,33,Utilities,Business,33,Utilities,Business,,,,,
2024-06-10,2024,6,Bank of Marin,2024.xlsx Marin clean,Alameda Muni,Alameda Muni,-113.62,33,Utilities,Business,33,Utilities,Business,,,,,
2023-08-15,2023,8,Bank of Marin,BoM master,Coqueta,Coqueta,-113.99,42,Misc,Business,42,Misc,Business,,,,,
2026-02-05,2026,2,Capital One CC,CC uploads,SP DOGISTRY,SP DOGISTRY,-113.99,15,Merchandise,Business,15,Merchandise,Business,,,,,
2026-04-15,2026,4,Bank of Marin,BoM master,Venmo — RECIPIENT UNKNOWN,Transfer to Venmo,-114.0,22,Venmo,Business,22,Venmo,Business,,,,,
2023-08-03,2023,8,Capital One CC,CC uploads,FLORAL SUPPLY SYND #1,FLORAL SUPPLY SYND #1,-114.0,11,Flowers,Business,11,Flowers,Business,,,,,
2023-05-16,2023,5,Capital One CC,CC uploads,TOPS MALIBU FAIRE,TOPS MALIBU FAIRE,-114.0,11,Flowers,Business,11,Flowers,Business,,,,,
2026-03-06,2026,3,Capital One CC,CC uploads,RANI BAN CO FAIRE,RANI BAN CO FAIRE,-114.0,11,Flowers,Business,11,Flowers,Business,,,,,
2024-01-20,2024,1,Capital One CC,2024.xlsx Capital 1 Clean,SOULSILK FAIRE,SOULSILK FAIRE,-114.05,11,Flowers,Business,11,Flowers,Business,,,,,
2024-01-11,2024,1,Capital One CC,2024.xlsx Capital 1 Clean,CORCOVADO BM,CORCOVADO BM,-114.25,15,Merchandise,Business,15,Merchandise,Business,,,,,
2023-11-03,2023,11,Bank of Marin,BoM master,Alameda Muni,Alameda Muni,-114.26,33,Utilities,Business,33,Utilities,Business,,,,,
2024-01-07,2024,1,Capital One CC,2024.xlsx Capital 1 Clean,BB SHEEP FAIRE,BB SHEEP FAIRE,-114.38,11,Flowers,Business,11,Flowers,Business,,,,,
2023-05-18,2023,5,Capital One CC,CC uploads,Grace Nursery,GRACE NURSERY INC,-114.54,11,Flowers,Business,11,Flowers,Business,,,,,
2025-12-31,2025,12,Capital One CC,2025 v3.xlsx,DD *DOORDASH BLUEFINSU,DD *DOORDASH BLUEFINSU,-114.64,43,Food,Business,43,Food,Business,,,,,
2023-12-04,2023,12,Bank of Marin,BoM master,Alameda Muni,Alameda Muni,-114.9,33,Utilities,Business,33,Utilities,Business,,,,,
2024-04-30,2024,4,Capital One CC,2024.xlsx Capital 1 Clean,INSTANT SHOE CARE,INSTANT SHOE CARE,-115.0,14,Materials,Business,14,Materials,Business,,,,,
2024-12-07,2024,12,Capital One CC,2024.xlsx Capital 1 Clean,FLYING BIRD BOTA FAIRE,FLYING BIRD BOTA FAIRE,-115.2,11,Flowers,Business,11,Flowers,Business,,,,,
2024-01-06,2024,1,Capital One CC,2024.xlsx Capital 1 Clean,CORCOVADO BM,CORCOVADO BM,-115.29,15,Merchandise,Business,15,Merchandise,Business,,,,,
2025-08-26,2025,8,Bank of Marin,2025 v3.xlsx,East Bay Municipal Utility District,East Bay Municipal Utility District,-115.46,33,Utilities,Business,33,Utilities,Business,,,,,
2024-06-23,2024,6,Capital One CC,2024.xlsx Capital 1 Clean,SOULSILK FAIRE,SOULSILK FAIRE,-115.5,11,Flowers,Business,11,Flowers,Business,,,,,
2023-06-28,2023,6,Bank of Marin,BoM master,Ebmud Utility,Ebmud Utility,-115.74,33,Utilities,Business,33,Utilities,Business,,,,,
2023-08-25,2023,8,Bank of Marin,BoM master,East Bay Municipal Utility District,East Bay Municipal Utility District,-115.91,33,Utilities,Business,33,Utilities,Business,,,,,
2023-06-22,2023,6,Capital One CC,CC uploads,Grace Nursery,GRACE NURSERY INC,-115.93,11,Flowers,Business,11,Flowers,Business,,,,,
2023-09-08,2023,9,Bank of Marin,BoM master,Neve Bros,Neve Bros,-116.0,11,Flowers,Business,11,Flowers,Business,,,,,
2026-01-12,2026,1,Capital One CC,CC uploads,SOULSILK FAIRE,SOULSILK FAIRE,-116.0,11,Flowers,Business,11,Flowers,Business,,,,,
2026-04-26,2026,4,Capital One CC,CC uploads,SOULSILK FAIRE,SOULSILK FAIRE,-116.1,11,Flowers,Business,11,Flowers,Business,,,,,
2024-11-25,2024,11,Capital One CC,2024.xlsx Capital 1 Clean,MT. EDEN FLORAL COMPAN,MT. EDEN FLORAL COMPAN,-116.4,15,Merchandise,Business,15,Merchandise,Business,,,,,
2026-03-31,2026,3,Bank of Marin,BoM master,Alameda Muni,Alameda Muni,-116.4,33,Utilities,Business,33,Utilities,Business,,,,,
2023-02-01,2023,2,Capital One CC,CC uploads,FLORAL SUPPLY SYND #1,FLORAL SUPPLY SYND #1,-116.4,11,Flowers,Business,11,Flowers,Business,,,,,
2025-06-25,2025,6,Capital One CC,2025 v3.xlsx,Grace Nursery,GRACE NURSERY INC,-116.54,11,Flowers,Business,11,Flowers,Business,,,,,
2023-09-14,2023,9,Capital One CC,CC uploads,Grace Nursery,GRACE NURSERY INC,-116.85,11,Flowers,Business,11,Flowers,Business,,,,,
2024-04-03,2024,4,Capital One CC,2024.xlsx Capital 1 Clean,TOPS MALIBU FAIRE,TOPS MALIBU FAIRE,-117.0,11,Flowers,Business,11,Flowers,Business,,,,,
2025-03-17,2025,3,Capital One CC,2025 v3.xlsx,GINGER P DESIGNS FAIRE,GINGER P DESIGNS FAIRE,-117.0,11,Flowers,Business,11,Flowers,Business,,,,,
2023-07-13,2023,7,Capital One CC,CC uploads,Torchio Nursery,TORCHIO NURSERY COMPAN,-117.0,11,Flowers,Business,11,Flowers,Business,,,,,
2026-01-13,2026,1,Capital One CC,CC uploads,MT. EDEN FLORAL COMPAN,MT. EDEN FLORAL COMPAN,-117.07,15,Merchandise,Business,15,Merchandise,Business,,,,,
2024-06-10,2024,6,Bank of Marin,2024.xlsx Marin clean,Odelay a Gree N Salogosq,Odelay a Gree N Salogosq,-117.4,42,Misc,Business,42,Misc,Business,,,,,
2024-02-27,2024,2,Bank of Marin,2024.xlsx Marin clean,East Bay Municipal Utility District,East Bay Municipal Utility District,-117.62,33,Utilities,Business,33,Utilities,Business,,,,,
2024-04-26,2024,4,Bank of Marin,2024.xlsx Marin clean,East Bay Municipal Utility District,East Bay Municipal Utility District,-117.62,33,Utilities,Business,33,Utilities,Business,,,,,
2023-12-26,2023,12,Bank of Marin,BoM master,East Bay Municipal Utility District,East Bay Municipal Utility District,-117.62,33,Utilities,Business,33,Utilities,Business,,,,,
2023-10-23,2023,10,Bank of Marin,BoM master,East Bay Municipal Utility District,East Bay Municipal Utility District,-117.62,33,Utilities,Business,33,Utilities,Business,,,,,
2024-11-07,2024,11,Capital One CC,2024.xlsx Capital 1 Clean,MT. EDEN FLORAL COMPAN,MT. EDEN FLORAL COMPAN,-118.2,15,Merchandise,Business,15,Merchandise,Business,,,,,
2023-05-27,2023,5,Capital One CC,CC uploads,SOULSILK FAIRE,SOULSILK FAIRE,-118.5,11,Flowers,Business,11,Flowers,Business,,,,,
2026-01-09,2026,1,Capital One CC,CC uploads,DAVIS FARMS WHOLESALE,DAVIS FARMS WHOLESALE,-118.5,11,Flowers,Business,11,Flowers,Business,,,,,
2024-07-12,2024,7,Bank of Marin,2024.xlsx Marin clean,Alameda Muni,Alameda Muni,-118.55,33,Utilities,Business,33,Utilities,Business,,,,,
2024-01-05,2024,1,Bank of Marin,2024.xlsx Marin clean,Cigna,Cigna,-118.7,53,Health,Personal,53,Health,Personal,,,,,
2024-02-05,2024,2,Bank of Marin,2024.xlsx Marin clean,Cigna,Cigna,-118.7,53,Health,Personal,53,Health,Personal,,,,,
2024-03-05,2024,3,Bank of Marin,2024.xlsx Marin clean,Cigna,Cigna,-118.7,53,Health,Personal,53,Health,Personal,,,,,
2024-04-05,2024,4,Bank of Marin,2024.xlsx Marin clean,Cigna,Cigna,-118.7,53,Health,Personal,53,Health,Personal,,,,,
2024-05-06,2024,5,Bank of Marin,2024.xlsx Marin clean,Cigna,Cigna,-118.7,53,Health,Personal,53,Health,Personal,,,,,
2024-06-05,2024,6,Bank of Marin,2024.xlsx Marin clean,Cigna,Cigna,-118.7,53,Health,Personal,53,Health,Personal,,,,,
2024-07-05,2024,7,Bank of Marin,2024.xlsx Marin clean,Cigna,Cigna,-118.7,53,Health,Personal,53,Health,Personal,,,,,
2024-08-05,2024,8,Bank of Marin,2024.xlsx Marin clean,Cigna,Cigna,-118.7,53,Health,Personal,53,Health,Personal,,,,,
2024-09-05,2024,9,Bank of Marin,2024.xlsx Marin clean,Cigna,Cigna,-118.7,53,Health,Personal,53,Health,Personal,,,,,
2024-10-07,2024,10,Bank of Marin,2024.xlsx Marin clean,Cigna,Cigna,-118.7,53,Health,Personal,53,Health,Personal,,,,,
2024-11-05,2024,11,Bank of Marin,2024.xlsx Marin clean,Cigna,Cigna,-118.7,53,Health,Personal,53,Health,Personal,,,,,
2024-12-05,2024,12,Bank of Marin,2024.xlsx Marin clean,Cigna,Cigna,-118.7,53,Health,Personal,53,Health,Personal,,,,,
2025-01-06,2025,1,Bank of Marin,2025 v3.xlsx,Cigna,Cigna,-118.7,53,Health,Personal,53,Health,Personal,,,,,
2025-02-05,2025,2,Bank of Marin,2025 v3.xlsx,Cigna,Cigna,-118.7,53,Health,Personal,53,Health,Personal,,,,,
2025-03-05,2025,3,Bank of Marin,2025 v3.xlsx,Cigna,Cigna,-118.7,53,Health,Personal,53,Health,Personal,,,,,
2025-04-07,2025,4,Bank of Marin,2025 v3.xlsx,Cigna,Cigna,-118.7,53,Health,Personal,53,Health,Personal,,,,,
2025-05-05,2025,5,Bank of Marin,2025 v3.xlsx,Cigna,Cigna,-118.7,53,Health,Personal,53,Health,Personal,,,,,
2025-06-05,2025,6,Bank of Marin,2025 v3.xlsx,Cigna,Cigna,-118.7,53,Health,Personal,53,Health,Personal,,,,,
2025-07-07,2025,7,Bank of Marin,2025 v3.xlsx,Cigna,Cigna,-118.7,53,Health,Personal,53,Health,Personal,,,,,
2025-08-05,2025,8,Bank of Marin,2025 v3.xlsx,Cigna,Cigna,-118.7,53,Health,Personal,53,Health,Personal,,,,,
2025-09-05,2025,9,Bank of Marin,2025 v3.xlsx,Cigna,Cigna,-118.7,53,Health,Personal,53,Health,Personal,,,,,
2025-10-06,2025,10,Bank of Marin,2025 v3.xlsx,Cigna,Cigna,-118.7,53,Health,Personal,53,Health,Personal,,,,,
2025-11-05,2025,11,Bank of Marin,2025 v3.xlsx,Cigna,Cigna,-118.7,53,Health,Personal,53,Health,Personal,,,,,
2025-12-05,2025,12,Bank of Marin,2025 v3.xlsx,Cigna,Cigna,-118.7,53,Health,Personal,53,Health,Personal,,,,,
2026-07-06,2026,7,Bank of Marin,BoM master,Cigna,Cigna,-118.7,53,Health,Personal,53,Health,Personal,,,,,
2026-06-05,2026,6,Bank of Marin,BoM master,Cigna,Cigna,-118.7,53,Health,Personal,53,Health,Personal,,,,,
2026-05-05,2026,5,Bank of Marin,BoM master,Cigna,Cigna,-118.7,53,Health,Personal,53,Health,Personal,,,,,
2026-04-06,2026,4,Bank of Marin,BoM master,Cigna,Cigna,-118.7,53,Health,Personal,53,Health,Personal,,,,,
2026-03-05,2026,3,Bank of Marin,BoM master,Cigna,Cigna,-118.7,53,Health,Personal,53,Health,Personal,,,,,
2026-02-05,2026,2,Bank of Marin,BoM master,Cigna,Cigna,-118.7,53,Health,Personal,53,Health,Personal,,,,,
2026-01-05,2026,1,Bank of Marin,BoM master,Cigna,Cigna,-118.7,53,Health,Personal,53,Health,Personal,,,,,
2023-12-05,2023,12,Bank of Marin,BoM master,Cigna,Cigna,-118.7,53,Health,Personal,53,Health,Personal,,,,,
2023-11-06,2023,11,Bank of Marin,BoM master,Cigna,Cigna,-118.7,53,Health,Personal,53,Health,Personal,,,,,
2023-10-05,2023,10,Bank of Marin,BoM master,Cigna,Cigna,-118.7,53,Health,Personal,53,Health,Personal,,,,,
2023-09-05,2023,9,Bank of Marin,BoM master,Cigna,Cigna,-118.7,53,Health,Personal,53,Health,Personal,,,,,
2023-08-07,2023,8,Bank of Marin,BoM master,Cigna,Cigna,-118.7,53,Health,Personal,53,Health,Personal,,,,,
2023-07-05,2023,7,Bank of Marin,BoM master,Cigna,Cigna,-118.7,53,Health,Personal,53,Health,Personal,,,,,
2023-06-05,2023,6,Bank of Marin,BoM master,Cigna,Cigna,-118.7,53,Health,Personal,53,Health,Personal,,,,,
2023-05-05,2023,5,Bank of Marin,BoM master,Cigna,Cigna,-118.7,53,Health,Personal,53,Health,Personal,,,,,
2023-04-05,2023,4,Bank of Marin,BoM master,Cigna,Cigna,-118.7,53,Health,Personal,53,Health,Personal,,,,,
2023-03-06,2023,3,Bank of Marin,BoM master,Cigna,Cigna,-118.7,53,Health,Personal,53,Health,Personal,,,,,
2023-02-06,2023,2,Bank of Marin,BoM master,Cigna,Cigna,-118.7,53,Health,Personal,53,Health,Personal,,,,,
2023-01-05,2023,1,Bank of Marin,BoM master,Cigna,Cigna,-118.7,53,Health,Personal,53,Health,Personal,,,,,
2024-01-07,2024,1,Capital One CC,2024.xlsx Capital 1 Clean,FLYING BIRD BOTA FAIRE,FLYING BIRD BOTA FAIRE,-118.8,11,Flowers,Business,11,Flowers,Business,,,,,
2024-06-10,2024,6,Capital One CC,2024.xlsx Capital 1 Clean,FLYING BIRD BOTA FAIRE,FLYING BIRD BOTA FAIRE,-118.8,11,Flowers,Business,11,Flowers,Business,,,,,
2023-10-18,2023,10,Capital One CC,CC uploads,FLYING BIRD BOTA FAIRE,FLYING BIRD BOTA FAIRE,-118.8,11,Flowers,Business,11,Flowers,Business,,,,,
2023-06-20,2023,6,Capital One CC,CC uploads,FLYING BIRD BOTA FAIRE,FLYING BIRD BOTA FAIRE,-118.8,11,Flowers,Business,11,Flowers,Business,,,,,
2025-02-24,2025,2,Capital One CC,2025 v3.xlsx,LA PALOMA,LA PALOMA,-118.96,43,Food,Business,43,Food,Business,,,,,
2023-05-08,2023,5,Bank of Marin,BoM master,At Fine Arts Muse Ums,At Fine Arts Muse Ums,-119.0,42,Misc,Business,42,Misc,Business,,,,,
2026-04-05,2026,4,Capital One CC,CC uploads,SQ *JAVI'S EMPANADAS L,SQ *JAVI'S EMPANADAS L,-119.21,43,Food,Business,43,Food,Business,,,,,
2024-09-06,2024,9,Capital One CC,2024.xlsx Capital 1 Clean,REI.COM  800-426-4840,REI.COM  800-426-4840,-119.31,15,Merchandise,Business,15,Merchandise,Business,,,,,
2023-03-16,2023,3,Capital One CC,CC uploads,Mayesh Wholesale Flowers,Mayesh San Francisco,-119.34,11,Flowers,Business,11,Flowers,Business,,,,,
2023-09-26,2023,9,Capital One CC,CC uploads,MT. EDEN FLORAL COMPAN,MT. EDEN FLORAL COMPAN,-119.38,15,Merchandise,Business,15,Merchandise,Business,,,,,
2023-09-07,2023,9,Bank of Marin,BoM master,Mt Eden Floral Co Mpany,Mt Eden Floral Co Mpany,-119.43,11,Flowers,Business,11,Flowers,Business,,,,,
2024-05-14,2024,5,Bank of Marin,2024.xlsx Marin clean,Venmo — RECIPIENT UNKNOWN,Transfer to Venmo,-120.0,22,Venmo,Business,22,Venmo,Business,,,,,
2024-06-25,2024,6,Bank of Marin,2024.xlsx Marin clean,Votran Optomet Ry Alameda Ca,Votran Optomet Ry Alameda Ca,-120.0,53,Health,Personal,53,Health,Personal,,,,,
2025-08-29,2025,8,Capital One CC,2025 v3.xlsx,DAVIS FARMS WHOLESALE,DAVIS FARMS WHOLESALE,-120.0,11,Flowers,Business,11,Flowers,Business,,,,,
2026-06-01,2026,6,Bank of Marin,BoM master,Venmo — RECIPIENT UNKNOWN,Transfer to Venmo,-120.0,22,Venmo,Business,22,Venmo,Business,,,,,
2026-04-08,2026,4,Bank of Marin,BoM master,Venmo — RECIPIENT UNKNOWN,Transfer to Venmo,-120.0,22,Venmo,Business,22,Venmo,Business,,,,,
2024-11-21,2024,11,Capital One CC,2024.xlsx Capital 1 Clean,FLORAL SUPPLY SYND #1,FLORAL SUPPLY SYND #1,-120.15,11,Flowers,Business,11,Flowers,Business,,,,,
2026-05-19,2026,5,Capital One CC,CC uploads,FLORAL SUPPLY SYND #1,FLORAL SUPPLY SYND #1,-120.2,11,Flowers,Business,11,Flowers,Business,,,,,
2023-11-14,2023,11,Capital One CC,CC uploads,FLORAL SUPPLY SYND #1,FLORAL SUPPLY SYND #1,-120.3,11,Flowers,Business,11,Flowers,Business,,,,,
2024-12-05,2024,12,Capital One CC,2024.xlsx Capital 1 Clean,Mayesh Wholesale Flowers,Mayesh San Francisco,-120.36,11,Flowers,Business,11,Flowers,Business,,,,,
2024-06-04,2024,6,Capital One CC,2024.xlsx Capital 1 Clean,FLORAL SUPPLY SYND #1,FLORAL SUPPLY SYND #1,-120.6,11,Flowers,Business,11,Flowers,Business,,,,,
2024-04-04,2024,4,Capital One CC,2024.xlsx Capital 1 Clean,SP PARACHUTE HOME,SP PARACHUTE HOME,-120.72,15,Merchandise,Business,15,Merchandise,Business,,,,,
2025-05-24,2025,5,Capital One CC,2025 v3.xlsx,AMAZON MKTPL*NZ05Y7V60,AMAZON MKTPL*NZ05Y7V60,-120.72,62,Amazon,Personal,62,Amazon,Personal,,,,,
2024-08-22,2024,8,Capital One CC,2024.xlsx Capital 1 Clean,SCHLOSS BANGALORE PVT,SCHLOSS BANGALORE PVT,-120.79,67,Travel,Personal,67,Travel,Personal,,,,,
2024-01-07,2024,1,Capital One CC,2024.xlsx Capital 1 Clean,SEEDLINGS FAIRE,SEEDLINGS FAIRE,-120.8,11,Flowers,Business,11,Flowers,Business,,,,,
2023-09-21,2023,9,Capital One CC,CC uploads,DAVIS FARMS WHOLESALE,DAVIS FARMS WHOLESALE,-121.0,11,Flowers,Business,11,Flowers,Business,,,,,
2025-10-03,2025,10,Capital One CC,2025 v3.xlsx,Grace Nursery,GRACE NURSERY INC,-121.98,11,Flowers,Business,11,Flowers,Business,,,,,
2025-10-24,2025,10,Bank of Marin,2025 v3.xlsx,East Bay Municipal Utility District,East Bay Municipal Utility District,-122.02,33,Utilities,Business,33,Utilities,Business,,,,,
2025-08-29,2025,8,Capital One CC,2025 v3.xlsx,Grace Nursery,GRACE NURSERY INC,-122.49,11,Flowers,Business,11,Flowers,Business,,,,,
2025-12-17,2025,12,Capital One CC,2025 v3.xlsx,Grace Nursery,GRACE NURSERY INC,-122.49,11,Flowers,Business,11,Flowers,Business,,,,,
2024-06-12,2024,6,Capital One CC,2024.xlsx Capital 1 Clean,SEEDLINGS FAIRE,SEEDLINGS FAIRE,-122.6,11,Flowers,Business,11,Flowers,Business,,,,,
2025-11-22,2025,11,Capital One CC,2025 v3.xlsx,Mayesh Wholesale Flowers,Mayesh San Francisco,-122.91,11,Flowers,Business,11,Flowers,Business,,,,,
2023-12-04,2023,12,Bank of Marin,BoM master,Cardenas Market,Cardenas Market,-122.98,42,Misc,Business,42,Misc,Business,,,,,
2025-02-26,2025,2,Capital One CC,2025 v3.xlsx,DAVIS FARMS WHOLESALE,DAVIS FARMS WHOLESALE,-123.0,11,Flowers,Business,11,Flowers,Business,,,,,
2023-03-17,2023,3,Bank of Marin,BoM master,Neve Bros,Neve Bros,-123.0,11,Flowers,Business,11,Flowers,Business,,,,,
2024-04-20,2024,4,Capital One CC,2024.xlsx Capital 1 Clean,SQ *THEATRE REFRESHMEN,SQ *THEATRE REFRESHMEN,-123.9,43,Food,Business,43,Food,Business,,,,,
2024-01-11,2024,1,Capital One CC,2024.xlsx Capital 1 Clean,CARE BY ME USA FAIRE,CARE BY ME USA FAIRE,-124.2,11,Flowers,Business,11,Flowers,Business,,,,,
2024-03-21,2024,3,Capital One CC,2024.xlsx Capital 1 Clean,FLORAL SUPPLY SYND #1,FLORAL SUPPLY SYND #1,-124.4,11,Flowers,Business,11,Flowers,Business,,,,,
2024-08-26,2024,8,Bank of Marin,2024.xlsx Marin clean,East Bay Municipal Utility District,East Bay Municipal Utility District,-124.46,33,Utilities,Business,33,Utilities,Business,,,,,
2023-05-18,2023,5,Capital One CC,CC uploads,FLORAL SUPPLY SYND #1,FLORAL SUPPLY SYND #1,-124.5,11,Flowers,Business,11,Flowers,Business,,,,,
2024-06-26,2024,6,Bank of Marin,2024.xlsx Marin clean,East Bay Municipal Utility District,East Bay Municipal Utility District,-124.64,33,Utilities,Business,33,Utilities,Business,,,,,
2025-07-25,2025,7,Bank of Marin,2025 v3.xlsx,Mt Eden Floral Co Mpany,Mt Eden Floral Co Mpany,-124.74,11,Flowers,Business,11,Flowers,Business,,,,,
2026-07-16,2026,7,Bank of Marin,BoM master,Venmo — RECIPIENT UNKNOWN,Transfer to Venmo,-125.0,22,Venmo,Business,22,Venmo,Business,,,,,
2026-02-19,2026,2,Bank of Marin,BoM master,Venmo — RECIPIENT UNKNOWN,Transfer to Venmo,-125.0,22,Venmo,Business,22,Venmo,Business,,,,,
2023-06-21,2023,6,Capital One CC,CC uploads,SEEDLINGS FAIRE,SEEDLINGS FAIRE,-125.17,11,Flowers,Business,11,Flowers,Business,,,,,
2024-02-10,2024,2,Capital One CC,2024.xlsx Capital 1 Clean,BMV LAO CUISINE LLC,BMV LAO CUISINE LLC,-125.21,43,Food,Business,43,Food,Business,,,,,
2023-03-02,2023,3,Capital One CC,CC uploads,FLORAL SUPPLY SYND #1,FLORAL SUPPLY SYND #1,-125.4,11,Flowers,Business,11,Flowers,Business,,,,,
2024-12-03,2024,12,Capital One CC,2024.xlsx Capital 1 Clean,MT. EDEN FLORAL COMPAN,MT. EDEN FLORAL COMPAN,-125.9,15,Merchandise,Business,15,Merchandise,Business,,,,,
2023-04-13,2023,4,Capital One CC,CC uploads,FLORAL SUPPLY SYND #1,FLORAL SUPPLY SYND #1,-126.0,11,Flowers,Business,11,Flowers,Business,,,,,
2025-10-22,2025,10,Capital One CC,2025 v3.xlsx,Grace Nursery,GRACE NURSERY INC,-126.08,11,Flowers,Business,11,Flowers,Business,,,,,
2024-10-24,2024,10,Bank of Marin,2024.xlsx Marin clean,East Bay Municipal Utility District,East Bay Municipal Utility District,-126.7,33,Utilities,Business,33,Utilities,Business,,,,,
2024-12-26,2024,12,Bank of Marin,2024.xlsx Marin clean,East Bay Municipal Utility District,East Bay Municipal Utility District,-126.7,33,Utilities,Business,33,Utilities,Business,,,,,
2025-02-27,2025,2,Bank of Marin,2025 v3.xlsx,East Bay Municipal Utility District,East Bay Municipal Utility District,-126.7,33,Utilities,Business,33,Utilities,Business,,,,,
2025-04-28,2025,4,Bank of Marin,2025 v3.xlsx,East Bay Municipal Utility District,East Bay Municipal Utility District,-126.7,33,Utilities,Business,33,Utilities,Business,,,,,
2025-06-26,2025,6,Bank of Marin,2025 v3.xlsx,East Bay Municipal Utility District,East Bay Municipal Utility District,-126.7,33,Utilities,Business,33,Utilities,Business,,,,,
2025-05-02,2025,5,Capital One CC,2025 v3.xlsx,Grace Nursery,GRACE NURSERY INC,-126.84,11,Flowers,Business,11,Flowers,Business,,,,,
2025-01-21,2025,1,Bank of Marin,2025 v3.xlsx,AT&T,AT&T,-126.91,33,Utilities,Business,33,Utilities,Business,,,,,
2025-05-14,2025,5,Capital One CC,2025 v3.xlsx,DAVIS FARMS WHOLESALE,DAVIS FARMS WHOLESALE,-127.0,11,Flowers,Business,11,Flowers,Business,,,,,
2025-05-14,2025,5,Capital One CC,2025 v3.xlsx,Grace Nursery,GRACE NURSERY INC,-127.36,11,Flowers,Business,11,Flowers,Business,,,,,
2026-03-06,2026,3,Capital One CC,CC uploads,GINGER P DESIGNS FAIRE,GINGER P DESIGNS FAIRE,-127.5,11,Flowers,Business,11,Flowers,Business,,,,,
2024-12-13,2024,12,Bank of Marin,2024.xlsx Marin clean,Alameda Muni,Alameda Muni,-127.52,33,Utilities,Business,33,Utilities,Business,,,,,
2026-06-30,2026,6,Bank of Marin,BoM master,Alameda Muni,Alameda Muni,-127.52,33,Utilities,Business,33,Utilities,Business,,,,,
2024-08-01,2024,8,Capital One CC,2024.xlsx Capital 1 Clean,FLORAL SUPPLY SYND #1,FLORAL SUPPLY SYND #1,-128.35,11,Flowers,Business,11,Flowers,Business,,,,,
2025-06-05,2025,6,Capital One CC,2025 v3.xlsx,FLYING BIRD BOTA FAIRE,FLYING BIRD BOTA FAIRE,-128.4,11,Flowers,Business,11,Flowers,Business,,,,,
2025-10-06,2025,10,Bank of Marin,2025 v3.xlsx,Verizon,Verizon,-128.7,33,Utilities,Business,33,Utilities,Business,,,,,
2024-07-06,2024,7,Capital One CC,2024.xlsx Capital 1 Clean,TST* CORNERSTONE,TST* CORNERSTONE,-128.94,43,Food,Business,43,Food,Business,,,,,
2023-03-23,2023,3,Capital One CC,CC uploads,Mayesh Wholesale Flowers,Mayesh San Francisco,-129.03,11,Flowers,Business,11,Flowers,Business,,,,,
2023-03-03,2023,3,Bank of Marin,BoM master,Neve Bros,Neve Bros,-129.15,11,Flowers,Business,11,Flowers,Business,,,,,
2023-04-13,2023,4,Capital One CC,CC uploads,SQ *DELANO NURSERY INC,SQ *DELANO NURSERY INC,-129.15,15,Merchandise,Business,15,Merchandise,Business,,,,,
2023-10-03,2023,10,Bank of Marin,BoM master,Alameda Muni,Alameda Muni,-129.27,33,Utilities,Business,33,Utilities,Business,,,,,
2024-04-18,2024,4,Capital One CC,2024.xlsx Capital 1 Clean,Torchio Nursery,TORCHIO NURSERY COMPAN,-129.5,11,Flowers,Business,11,Flowers,Business,,,,,
2024-09-10,2024,9,Bank of Marin,2024.xlsx Marin clean,Alameda Muni,Alameda Muni,-129.9,33,Utilities,Business,33,Utilities,Business,,,,,
2024-03-05,2024,3,Bank of Marin,2024.xlsx Marin clean,Check #5127 — PAYEE UNKNOWN,Check #5127,-130.0,11,Flowers,Business,11,Flowers,Business,,,,,
2025-09-29,2025,9,Bank of Marin,2025 v3.xlsx,Venmo — RECIPIENT UNKNOWN,Transfer to Venmo,-130.0,22,Venmo,Business,22,Venmo,Business,,,,,
2023-05-23,2023,5,Bank of Marin,BoM master,Check #5038 — PAYEE UNKNOWN,Check #5038,-130.0,11,Flowers,Business,11,Flowers,Business,,,,,
2026-03-06,2026,3,Capital One CC,CC uploads,SOULSILK FAIRE,SOULSILK FAIRE,-130.0,11,Flowers,Business,11,Flowers,Business,,,,,
2025-06-09,2025,6,Capital One CC,2025 v3.xlsx,GNAT AND BEE FAIRE,GNAT AND BEE FAIRE,-130.09,11,Flowers,Business,11,Flowers,Business,,,,,
2025-08-04,2025,8,Capital One CC,2025 v3.xlsx,FLYING BIRD BOTA FAIRE,FLYING BIRD BOTA FAIRE,-130.2,11,Flowers,Business,11,Flowers,Business,,,,,
2023-11-13,2023,11,Bank of Marin,BoM master,Neve Bros,Neve Bros,-130.69,11,Flowers,Business,11,Flowers,Business,,,,,
2025-10-20,2025,10,Capital One CC,2025 v3.xlsx,FLYING BIRD BOTA FAIRE,FLYING BIRD BOTA FAIRE,-130.8,11,Flowers,Business,11,Flowers,Business,,,,,
2026-05-30,2026,5,Capital One CC,CC uploads,FLYING BIRD BOTA FAIRE,FLYING BIRD BOTA FAIRE,-130.8,11,Flowers,Business,11,Flowers,Business,,,,,
2026-01-06,2026,1,Capital One CC,CC uploads,FLYING BIRD BOTA FAIRE,FLYING BIRD BOTA FAIRE,-130.8,11,Flowers,Business,11,Flowers,Business,,,,,
2025-05-16,2025,5,Bank of Marin,2025 v3.xlsx,Alameda Muni,Alameda Muni,-130.99,33,Utilities,Business,33,Utilities,Business,,,,,
2023-07-03,2023,7,Bank of Marin,BoM master,Chestnut Market,Chestnut Market,-131.03,42,Misc,Business,42,Misc,Business,,,,,
2024-11-07,2024,11,Capital One CC,2024.xlsx Capital 1 Clean,Grace Nursery,GRACE NURSERY INC,-131.2,11,Flowers,Business,11,Flowers,Business,,,,,
2024-04-11,2024,4,Capital One CC,2024.xlsx Capital 1 Clean,Mayesh Wholesale Flowers,Mayesh San Francisco,-131.58,11,Flowers,Business,11,Flowers,Business,,,,,
2023-06-22,2023,6,Capital One CC,CC uploads,MT. EDEN FLORAL COMPAN,MT. EDEN FLORAL COMPAN,-131.76,15,Merchandise,Business,15,Merchandise,Business,,,,,
2026-03-19,2026,3,Capital One CC,CC uploads,DR. SCHOLL'S SHOES,DR. SCHOLL'S SHOES,-131.79,15,Merchandise,Business,15,Merchandise,Business,,,,,
2025-12-30,2025,12,Bank of Marin,2025 v3.xlsx,Alameda Muni,Alameda Muni,-131.96,33,Utilities,Business,33,Utilities,Business,,,,,
2023-02-27,2023,2,Bank of Marin,BoM master,Yoshis Oakland,Yoshis Oakland,-132.1,42,Misc,Business,42,Misc,Business,,,,,
2026-02-17,2026,2,Capital One CC,CC uploads,FLORAL SUPPLY SYND #1,FLORAL SUPPLY SYND #1,-132.3,11,Flowers,Business,11,Flowers,Business,,,,,
2023-05-09,2023,5,Bank of Marin,BoM master,Sephora,Sephora,-132.31,42,Misc,Business,42,Misc,Business,,,,,
2023-10-04,2023,10,Bank of Marin,BoM master,Grocery Outlet,Grocery Outlet,-132.33,42,Misc,Business,42,Misc,Business,,,,,
2026-04-09,2026,4,Capital One CC,CC uploads,MR BODDINGTONS S FAIRE,MR BODDINGTONS S FAIRE,-132.54,11,Flowers,Business,11,Flowers,Business,,,,,
2026-06-16,2026,6,Capital One CC,CC uploads,FLORAL SUPPLY SYND #1,FLORAL SUPPLY SYND #1,-132.6,11,Flowers,Business,11,Flowers,Business,,,,,
2023-08-21,2023,8,Bank of Marin,BoM master,Amazon,Amazon,-132.9,62,Amazon,Personal,62,Amazon,Personal,,,,,
2023-10-19,2023,10,Capital One CC,CC uploads,Torchio Nursery,TORCHIO NURSERY COMPAN,-133.0,11,Flowers,Business,11,Flowers,Business,,,,,
2024-03-02,2024,3,Capital One CC,2024.xlsx Capital 1 Clean,"SQ *ODELAY, A GREEN SA","SQ *ODELAY, A GREEN SA",-133.24,14,Materials,Business,14,Materials,Business,,,,,
2023-11-21,2023,11,Capital One CC,CC uploads,MT. EDEN FLORAL COMPAN,MT. EDEN FLORAL COMPAN,-133.56,15,Merchandise,Business,15,Merchandise,Business,,,,,
2024-02-18,2024,2,Capital One CC,2024.xlsx Capital 1 Clean,BULL VALLEY ROADHOUSE,BULL VALLEY ROADHOUSE,-133.9,43,Food,Business,43,Food,Business,,,,,
2023-05-02,2023,5,Capital One CC,CC uploads,FLORAL SUPPLY SYND #1,FLORAL SUPPLY SYND #1,-134.0,11,Flowers,Business,11,Flowers,Business,,,,,
2025-10-21,2025,10,Capital One CC,2025 v3.xlsx,TST*PLAYA - MILL VALLE,TST*PLAYA - MILL VALLE,-134.01,43,Food,Business,43,Food,Business,,,,,
2023-12-15,2023,12,Capital One CC,CC uploads,SOULSILK FAIRE,SOULSILK FAIRE,-134.1,11,Flowers,Business,11,Flowers,Business,,,,,
2024-09-05,2024,9,Capital One CC,2024.xlsx Capital 1 Clean,MT. EDEN FLORAL COMPAN,MT. EDEN FLORAL COMPAN,-134.9,15,Merchandise,Business,15,Merchandise,Business,,,,,
2024-04-30,2024,4,Bank of Marin,2024.xlsx Marin clean,Tomos Mini Spa Na Ils,Tomos Mini Spa Na Ils,-135.0,42,Misc,Business,42,Misc,Business,,,,,
2024-12-08,2024,12,Capital One CC,2024.xlsx Capital 1 Clean,BB SHEEP FAIRE,BB SHEEP FAIRE,-135.0,11,Flowers,Business,11,Flowers,Business,,,,,
2023-11-26,2023,11,Capital One CC,CC uploads,RIVER BIRCH CAND FAIRE,RIVER BIRCH CAND FAIRE,-135.2,11,Flowers,Business,11,Flowers,Business,,,,,
2023-01-15,2023,1,Capital One CC,CC uploads,RED CAP CARDS FAIRE,RED CAP CARDS FAIRE,-135.26,11,Flowers,Business,11,Flowers,Business,,,,,
2023-03-24,2023,3,Bank of Marin,BoM master,Neve Bros,Neve Bros,-135.3,11,Flowers,Business,11,Flowers,Business,,,,,
2024-07-10,2024,7,Bank of Marin,2024.xlsx Marin clean,Venmo — RECIPIENT UNKNOWN,Transfer to Venmo,-136.0,22,Venmo,Business,22,Venmo,Business,,,,,
2024-01-02,2024,1,Capital One CC,2024.xlsx Capital 1 Clean,STANDOUT STICKERS INC,STANDOUT STICKERS INC,-136.17,15,Merchandise,Business,15,Merchandise,Business,,,,,
2023-11-05,2023,11,Capital One CC,CC uploads,TOPS MALIBU FAIRE,TOPS MALIBU FAIRE,-136.5,11,Flowers,Business,11,Flowers,Business,,,,,
2023-08-12,2023,8,Capital One CC,CC uploads,GINGER P DESIGNS FAIRE,GINGER P DESIGNS FAIRE,-136.5,11,Flowers,Business,11,Flowers,Business,,,,,
2026-02-03,2026,2,Capital One CC,CC uploads,Mayesh Wholesale Flowers,Mayesh San Francisco,-136.68,11,Flowers,Business,11,Flowers,Business,,,,,
2025-01-18,2025,1,Capital One CC,2025 v3.xlsx,DAVIS FARMS WHOLESALE,DAVIS FARMS WHOLESALE,-137.0,11,Flowers,Business,11,Flowers,Business,,,,,
2024-02-22,2024,2,Capital One CC,2024.xlsx Capital 1 Clean,Mayesh Wholesale Flowers,Mayesh San Francisco,-137.19,11,Flowers,Business,11,Flowers,Business,,,,,
2026-04-14,2026,4,Capital One CC,CC uploads,Grace Nursery,GRACE NURSERY INC,-137.3,11,Flowers,Business,11,Flowers,Business,,,,,
2024-01-19,2024,1,Capital One CC,2024.xlsx Capital 1 Clean,Grace Nursery,GRACE NURSERY INC,-137.35,11,Flowers,Business,11,Flowers,Business,,,,,
2024-01-04,2024,1,Capital One CC,2024.xlsx Capital 1 Clean,Lupe Farm,LUPE FARM,-137.35,11,Flowers,Business,11,Flowers,Business,,,,,
2025-08-04,2025,8,Capital One CC,2025 v3.xlsx,RANI BAN CO FAIRE,RANI BAN CO FAIRE,-137.5,11,Flowers,Business,11,Flowers,Business,,,,,
2023-04-21,2023,4,Capital One CC,CC uploads,Torchio Nursery,TORCHIO NURSERY COMPAN,-138.0,11,Flowers,Business,11,Flowers,Business,,,,,
2023-04-24,2023,4,Bank of Marin,BoM master,Neve Bros,Neve Bros,-138.38,11,Flowers,Business,11,Flowers,Business,,,,,
2024-08-08,2024,8,Bank of Marin,2024.xlsx Marin clean,Alameda Muni,Alameda Muni,-138.42,33,Utilities,Business,33,Utilities,Business,,,,,
2025-02-19,2025,2,Capital One CC,2025 v3.xlsx,TST*208 RODEO RESTAURA,TST*208 RODEO RESTAURA,-138.55,43,Food,Business,43,Food,Business,,,,,
2024-01-25,2024,1,Capital One CC,2024.xlsx Capital 1 Clean,Mayesh Wholesale Flowers,Mayesh San Francisco,-138.72,11,Flowers,Business,11,Flowers,Business,,,,,
2026-02-12,2026,2,Bank of Marin,BoM master,Floral Supply Synd,Floral Supply Synd,-139.1,11,Flowers,Business,11,Flowers,Business,,,,,
2024-11-09,2024,11,Capital One CC,2024.xlsx Capital 1 Clean,RED CAP CARDS FAIRE,RED CAP CARDS FAIRE,-139.24,11,Flowers,Business,11,Flowers,Business,,,,,
2024-07-25,2024,7,Capital One CC,2024.xlsx Capital 1 Clean,Grace Nursery,GRACE NURSERY INC,-139.4,11,Flowers,Business,11,Flowers,Business,,,,,
2025-11-12,2025,11,Capital One CC,2025 v3.xlsx,Google ADS7630547821,Google ADS7630547821,-139.87,23,Ads & Subscriptions,Business,23,Ads & Subscriptions,Business,,,,,
2024-04-12,2024,4,Bank of Marin,2024.xlsx Marin clean,Venmo — RECIPIENT UNKNOWN,Transfer to Venmo,-140.0,22,Venmo,Business,22,Venmo,Business,,,,,
2024-12-04,2024,12,Bank of Marin,2024.xlsx Marin clean,Venmo — RECIPIENT UNKNOWN,Transfer to Venmo,-140.0,22,Venmo,Business,22,Venmo,Business,,,,,
2025-11-28,2025,11,Bank of Marin,2025 v3.xlsx,Venmo — RECIPIENT UNKNOWN,Transfer to Venmo,-140.0,22,Venmo,Business,22,Venmo,Business,,,,,
2023-01-11,2023,1,Bank of Marin,BoM master,Neve Bros,Neve Bros,-140.0,11,Flowers,Business,11,Flowers,Business,,,,,
2023-08-18,2023,8,Capital One CC,CC uploads,FLORAL SUPPLY SYND #1,FLORAL SUPPLY SYND #1,-140.1,11,Flowers,Business,11,Flowers,Business,,,,,
2024-07-23,2024,7,Capital One CC,2024.xlsx Capital 1 Clean,FLORAL SUPPLY SYND #1,FLORAL SUPPLY SYND #1,-140.55,11,Flowers,Business,11,Flowers,Business,,,,,
2023-05-25,2023,5,Capital One CC,CC uploads,Torchio Nursery,TORCHIO NURSERY COMPAN,-141.0,11,Flowers,Business,11,Flowers,Business,,,,,
2023-08-15,2023,8,Capital One CC,CC uploads,COAST WHOLESALE FLORIS,COAST WHOLESALE FLORIS,-141.25,11,Flowers,Business,11,Flowers,Business,,,,,
2025-05-21,2025,5,Capital One CC,2025 v3.xlsx,Grace Nursery,GRACE NURSERY INC,-141.45,11,Flowers,Business,11,Flowers,Business,,,,,
2025-06-23,2025,6,Bank of Marin,2025 v3.xlsx,Alameda Muni,Alameda Muni,-141.8,33,Utilities,Business,33,Utilities,Business,,,,,
2024-01-19,2024,1,Capital One CC,2024.xlsx Capital 1 Clean,MT. EDEN FLORAL COMPAN,MT. EDEN FLORAL COMPAN,-142.16,15,Merchandise,Business,15,Merchandise,Business,,,,,
2024-10-21,2024,10,Bank of Marin,2024.xlsx Marin clean,Country Porch Anti Hopland Ca,Country Porch Anti Hopland Ca,-142.4,14,Materials,Business,14,Materials,Business,,,,,
2026-07-16,2026,7,Bank of Marin,BoM master,Torchio Nursery,Torchio Nursery Co Mpany,-142.5,11,Flowers,Business,11,Flowers,Business,,,,,
2023-08-03,2023,8,Capital One CC,CC uploads,TOOMIES BY THAI GOLDEN,TOOMIES BY THAI GOLDEN,-142.88,43,Food,Business,43,Food,Business,,,,,
2025-12-19,2025,12,Capital One CC,2025 v3.xlsx,Grace Nursery,GRACE NURSERY INC,-143.19,11,Flowers,Business,11,Flowers,Business,,,,,
2023-05-03,2023,5,Capital One CC,CC uploads,COMMONFORM FAIRE,COMMONFORM FAIRE,-143.88,11,Flowers,Business,11,Flowers,Business,,,,,
2023-10-16,2023,10,Bank of Marin,BoM master,Check #5099 — PAYEE UNKNOWN,Check #5099,-144.0,11,Flowers,Business,11,Flowers,Business,,,,,
2023-06-12,2023,6,Capital One CC,CC uploads,TOPS MALIBU FAIRE,TOPS MALIBU FAIRE,-144.0,11,Flowers,Business,11,Flowers,Business,,,,,
2024-02-29,2024,2,Capital One CC,2024.xlsx Capital 1 Clean,Grace Nursery,GRACE NURSERY INC,-144.01,11,Flowers,Business,11,Flowers,Business,,,,,
2024-02-01,2024,2,Capital One CC,2024.xlsx Capital 1 Clean,Torchio Nursery,TORCHIO NURSERY COMPAN,-144.5,11,Flowers,Business,11,Flowers,Business,,,,,
2026-01-25,2026,1,Capital One CC,CC uploads,THEFARMERSDOG.COM,THEFARMERSDOG.COM,-144.85,15,Merchandise,Business,15,Merchandise,Business,,,,,
2024-02-06,2024,2,Capital One CC,2024.xlsx Capital 1 Clean,SAN FRANCISCO FLOWER M,SAN FRANCISCO FLOWER M,-145.0,15,Merchandise,Business,15,Merchandise,Business,,,,,
2025-07-22,2025,7,Bank of Marin,2025 v3.xlsx,Alameda Muni,Alameda Muni,-145.49,33,Utilities,Business,33,Utilities,Business,,,,,
2024-09-17,2024,9,Capital One CC,2024.xlsx Capital 1 Clean,RIVER BIRCH CANDLES,RIVER BIRCH CANDLES,-145.52,15,Merchandise,Business,15,Merchandise,Business,,,,,
2025-04-02,2025,4,Capital One CC,2025 v3.xlsx,Grace Nursery,GRACE NURSERY INC,-145.55,11,Flowers,Business,11,Flowers,Business,,,,,
2023-09-21,2023,9,Capital One CC,CC uploads,Lupe Farm,LUPE FARM,-145.55,11,Flowers,Business,11,Flowers,Business,,,,,
2024-02-21,2024,2,Capital One CC,2024.xlsx Capital 1 Clean,RIVER BIRCH CANDLES,RIVER BIRCH CANDLES,-145.76,15,Merchandise,Business,15,Merchandise,Business,,,,,
2024-01-17,2024,1,Capital One CC,2024.xlsx Capital 1 Clean,SP MAISON BOUCHE,SP MAISON BOUCHE,-146.25,43,Food,Business,43,Food,Business,,,,,
2023-06-15,2023,6,Capital One CC,CC uploads,SP MAISON BOUCHE,SP MAISON BOUCHE,-146.25,43,Food,Business,43,Food,Business,,,,,
2023-05-23,2023,5,Capital One CC,CC uploads,SP MAISON BOUCHE,SP MAISON BOUCHE,-146.25,43,Food,Business,43,Food,Business,,,,,
2023-02-04,2023,2,Capital One CC,CC uploads,SP MAISON BOUCHE,SP MAISON BOUCHE,-146.25,43,Food,Business,43,Food,Business,,,,,
2025-08-01,2025,8,Bank of Marin,2025 v3.xlsx,Check #5225 — PAYEE UNKNOWN,Check #5225,-146.65,11,Flowers,Business,11,Flowers,Business,,,,,
2025-10-20,2025,10,Capital One CC,2025 v3.xlsx,MAADILI COLLECTI FAIRE,MAADILI COLLECTI FAIRE,-147.25,11,Flowers,Business,11,Flowers,Business,,,,,
2024-04-11,2024,4,Capital One CC,2024.xlsx Capital 1 Clean,Grace Nursery,GRACE NURSERY INC,-147.6,11,Flowers,Business,11,Flowers,Business,,,,,
2024-07-11,2024,7,Capital One CC,2024.xlsx Capital 1 Clean,Grace Nursery,GRACE NURSERY INC,-147.6,11,Flowers,Business,11,Flowers,Business,,,,,
2023-04-27,2023,4,Capital One CC,CC uploads,COAST WHOLESALE FLORIS,COAST WHOLESALE FLORIS,-148.0,11,Flowers,Business,11,Flowers,Business,,,,,
2025-07-23,2025,7,Capital One CC,2025 v3.xlsx,TST*BOUCHERIE - WEST V,TST*BOUCHERIE - WEST V,-148.21,43,Food,Business,43,Food,Business,,,,,
2023-08-10,2023,8,Capital One CC,CC uploads,Torchio Nursery,TORCHIO NURSERY COMPAN,-148.5,11,Flowers,Business,11,Flowers,Business,,,,,
2023-04-02,2023,4,Capital One CC,CC uploads,FLYING BIRD BOTA FAIRE,FLYING BIRD BOTA FAIRE,-148.5,11,Flowers,Business,11,Flowers,Business,,,,,
2024-10-05,2024,10,Capital One CC,2024.xlsx Capital 1 Clean,TARGET        00014217,TARGET        00014217,-148.73,15,Merchandise,Business,15,Merchandise,Business,,,,,
2024-12-05,2024,12,Capital One CC,2024.xlsx Capital 1 Clean,Grace Nursery,GRACE NURSERY INC,-148.88,11,Flowers,Business,11,Flowers,Business,,,,,
2026-04-28,2026,4,Capital One CC,CC uploads,Mayesh Wholesale Flowers,Mayesh - San Francisco,-149.43,11,Flowers,Business,11,Flowers,Business,,,,,
2023-03-08,2023,3,Bank of Marin,BoM master,Neve Bros,Neve Bros,-149.65,11,Flowers,Business,11,Flowers,Business,,,,,
2024-03-25,2024,3,Bank of Marin,2024.xlsx Marin clean,Venmo — RECIPIENT UNKNOWN,Transfer to Venmo,-150.0,22,Venmo,Business,22,Venmo,Business,,,,,
2024-04-25,2024,4,Bank of Marin,2024.xlsx Marin clean,Venmo — RECIPIENT UNKNOWN,Transfer to Venmo,-150.0,22,Venmo,Business,22,Venmo,Business,,,,,
2024-11-12,2024,11,Capital One CC,2024.xlsx Capital 1 Clean,TOPS MALIBU FAIRE,TOPS MALIBU FAIRE,-150.0,11,Flowers,Business,11,Flowers,Business,,,,,
2025-04-09,2025,4,Capital One CC,2025 v3.xlsx,Torchio Nursery,TORCHIO NURSERY COMPAN,-150.0,11,Flowers,Business,11,Flowers,Business,,,,,
2025-12-31,2025,12,Bank of Marin,2025 v3.xlsx,Venmo — RECIPIENT UNKNOWN,Transfer to Venmo,-150.0,22,Venmo,Business,22,Venmo,Business,,,,,
2026-06-23,2026,6,Bank of Marin,BoM master,Venmo — RECIPIENT UNKNOWN,Transfer to Venmo,-150.0,22,Venmo,Business,22,Venmo,Business,,,,,
2023-11-14,2023,11,Bank of Marin,BoM master,Check #5161 — PAYEE UNKNOWN,Check #5161,-150.0,11,Flowers,Business,11,Flowers,Business,,,,,
2026-03-22,2026,3,Capital One CC,CC uploads,LOVEJOY FARMS PR FAIRE,LOVEJOY FARMS PR FAIRE,-150.48,11,Flowers,Business,11,Flowers,Business,,,,,
2024-02-15,2024,2,Capital One CC,2024.xlsx Capital 1 Clean,Torchio Nursery,TORCHIO NURSERY COMPAN,-150.5,11,Flowers,Business,11,Flowers,Business,,,,,
2024-10-26,2024,10,Capital One CC,2024.xlsx Capital 1 Clean,SOULSILK FAIRE,SOULSILK FAIRE,-150.5,11,Flowers,Business,11,Flowers,Business,,,,,
2025-11-01,2025,11,Capital One CC,2025 v3.xlsx,AMAZON MKTPL*NK9EP3X70,AMAZON MKTPL*NK9EP3X70,-150.6,62,Amazon,Personal,62,Amazon,Personal,,,,,
2024-05-13,2024,5,Capital One CC,2024.xlsx Capital 1 Clean,FLORAL SUPPLY SYND #1,FLORAL SUPPLY SYND #1,-150.75,11,Flowers,Business,11,Flowers,Business,,,,,
2025-01-22,2025,1,Capital One CC,2025 v3.xlsx,SP LUNYA SLEEPWEAR,SP LUNYA SLEEPWEAR,-151.65,15,Merchandise,Business,15,Merchandise,Business,,,,,
2023-09-06,2023,9,Bank of Marin,BoM master,Grace Nursery,Grace Nursery Inc,-151.7,11,Flowers,Business,11,Flowers,Business,,,,,
2023-08-11,2023,8,Bank of Marin,BoM master,Neve Bros,Neve Bros,-151.7,11,Flowers,Business,11,Flowers,Business,,,,,
2023-08-12,2023,8,Capital One CC,CC uploads,WP STANDARD FAIRE,WP STANDARD FAIRE,-151.86,11,Flowers,Business,11,Flowers,Business,,,,,
2023-06-07,2023,6,Bank of Marin,BoM master,Neve Bros,Neve Bros,-152.5,11,Flowers,Business,11,Flowers,Business,,,,,
2023-05-24,2023,5,Capital One CC,CC uploads,DAVIS FARMS WHOLESALE,DAVIS FARMS WHOLESALE,-152.5,11,Flowers,Business,11,Flowers,Business,,,,,
2023-06-23,2023,6,Bank of Marin,BoM master,Neve Bros,Neve Bros,-152.73,11,Flowers,Business,11,Flowers,Business,,,,,
2024-09-05,2024,9,Bank of Marin,2024.xlsx Marin clean,CA Dept of Tax (CDTFA),CDTFA Tax Payment,-153.0,12,Tax,Business,12,Tax,Business,,,,,
2024-01-07,2024,1,Capital One CC,2024.xlsx Capital 1 Clean,MARVLING BROS LT FAIRE,MARVLING BROS LT FAIRE,-153.0,11,Flowers,Business,11,Flowers,Business,,,,,
2023-01-09,2023,1,Bank of Marin,BoM master,Neve Bros,Neve Bros,-153.0,11,Flowers,Business,11,Flowers,Business,,,,,
2026-05-19,2026,5,Capital One CC,CC uploads,AMANDA LEONG DENTAL PC,AMANDA LEONG DENTAL PC,-153.0,42,Misc,Business,42,Misc,Business,,,,,
2024-11-12,2024,11,Bank of Marin,2024.xlsx Marin clean,Alameda Muni,Alameda Muni,-153.07,33,Utilities,Business,33,Utilities,Business,,,,,
2025-11-05,2025,11,Capital One CC,2025 v3.xlsx,Grace Nursery,GRACE NURSERY INC,-153.49,11,Flowers,Business,11,Flowers,Business,,,,,
2024-01-19,2024,1,Capital One CC,2024.xlsx Capital 1 Clean,Torchio Nursery,TORCHIO NURSERY COMPAN,-153.5,11,Flowers,Business,11,Flowers,Business,,,,,
2023-08-08,2023,8,Capital One CC,CC uploads,AMANDA F LEONG DDS PC,AMANDA F LEONG DDS PC,-153.6,42,Misc,Business,42,Misc,Business,,,,,
2026-03-30,2026,3,Capital One CC,CC uploads,TST* CLAREMONT RESORT,TST* CLAREMONT RESORT,-153.65,43,Food,Business,43,Food,Business,,,,,
2023-06-02,2023,6,Bank of Marin,BoM master,Neve Bros,Neve Bros,-153.75,11,Flowers,Business,11,Flowers,Business,,,,,
2023-03-15,2023,3,Bank of Marin,BoM master,Neve Bros,Neve Bros,-153.75,11,Flowers,Business,11,Flowers,Business,,,,,
2025-04-01,2025,4,Capital One CC,2025 v3.xlsx,AMAZON PRIME*EV3L34PT3,AMAZON PRIME*EV3L34PT3,-153.94,62,Amazon,Personal,62,Amazon,Personal,,,,,
2023-10-12,2023,10,Capital One CC,CC uploads,Torchio Nursery,TORCHIO NURSERY COMPAN,-154.0,11,Flowers,Business,11,Flowers,Business,,,,,
2026-03-24,2026,3,Capital One CC,CC uploads,Mayesh Wholesale Flowers,Mayesh San Francisco,-154.02,11,Flowers,Business,11,Flowers,Business,,,,,
2023-02-14,2023,2,Bank of Marin,BoM master,Neve Bros,Neve Bros,-154.78,11,Flowers,Business,11,Flowers,Business,,,,,
2024-09-04,2024,9,Capital One CC,2024.xlsx Capital 1 Clean,AAA MEMBERSHIP,AAA MEMBERSHIP,-154.98,31,Car (shop),Business,31,Car (shop),Business,,,,,
2024-10-03,2024,10,Capital One CC,2024.xlsx Capital 1 Clean,Mayesh Wholesale Flowers,Mayesh San Francisco,-155.04,11,Flowers,Business,11,Flowers,Business,,,,,
2025-04-16,2025,4,Capital One CC,2025 v3.xlsx,Grace Nursery,GRACE NURSERY INC,-155.29,11,Flowers,Business,11,Flowers,Business,,,,,
2025-07-09,2025,7,Bank of Marin,2025 v3.xlsx,Mt Eden Floral Co Mpany,Mt Eden Floral Co Mpany,-155.4,11,Flowers,Business,11,Flowers,Business,,,,,
2023-01-26,2023,1,Capital One CC,CC uploads,Miguel Flowers,SQ *MIGUEL FLOWERS,-155.42,11,Flowers,Business,11,Flowers,Business,,,,,
2025-08-25,2025,8,Bank of Marin,2025 v3.xlsx,Alameda Muni,Alameda Muni,-155.72,33,Utilities,Business,33,Utilities,Business,,,,,
2023-03-02,2023,3,Bank of Marin,BoM master,Check #5054 — PAYEE UNKNOWN,Check #5054,-155.9,11,Flowers,Business,11,Flowers,Business,,,,,
2024-02-22,2024,2,Capital One CC,2024.xlsx Capital 1 Clean,FLORAL SUPPLY SYND #1,FLORAL SUPPLY SYND #1,-156.0,11,Flowers,Business,11,Flowers,Business,,,,,
2024-03-12,2024,3,Capital One CC,2024.xlsx Capital 1 Clean,SP MAISON BOUCHE,SP MAISON BOUCHE,-156.0,43,Food,Business,43,Food,Business,,,,,
2024-04-26,2024,4,Capital One CC,2024.xlsx Capital 1 Clean,SP MAISON BOUCHE,SP MAISON BOUCHE,-156.0,43,Food,Business,43,Food,Business,,,,,
2023-10-13,2023,10,Bank of Marin,BoM master,Neve Bros,Neve Bros,-156.83,11,Flowers,Business,11,Flowers,Business,,,,,
2023-09-24,2023,9,Capital One CC,CC uploads,FLYING FISH AND GRILL,FLYING FISH AND GRILL,-157.13,43,Food,Business,43,Food,Business,,,,,
2024-05-23,2024,5,Capital One CC,2024.xlsx Capital 1 Clean,FLORAL SUPPLY SYND #1,FLORAL SUPPLY SYND #1,-157.5,11,Flowers,Business,11,Flowers,Business,,,,,
2025-10-20,2025,10,Capital One CC,2025 v3.xlsx,FARMETTE FAIRE,FARMETTE FAIRE,-157.5,11,Flowers,Business,11,Flowers,Business,,,,,
2026-02-13,2026,2,Bank of Marin,BoM master,Neve Bros Inc Sf San Franc Ca,Neve Bros Inc Sf San Franc Ca,-157.5,11,Flowers,Business,11,Flowers,Business,,,,,
2023-12-11,2023,12,Bank of Marin,BoM master,Crossroads Trading Co,Crossroads Trading Co,-157.57,42,Misc,Business,42,Misc,Business,,,,,
2025-06-12,2025,6,Bank of Marin,2025 v3.xlsx,Square,Square,-157.62,1,Square,Revenue,1,Square,Revenue,,,,,
2023-12-05,2023,12,Capital One CC,CC uploads,FLORAL SUPPLY SYND #1,FLORAL SUPPLY SYND #1,-157.75,11,Flowers,Business,11,Flowers,Business,,,,,
2023-12-13,2023,12,Capital One CC,CC uploads,FLORAL SUPPLY SYND #1,FLORAL SUPPLY SYND #1,-158.05,11,Flowers,Business,11,Flowers,Business,,,,,
2024-06-06,2024,6,Capital One CC,2024.xlsx Capital 1 Clean,FLORAL SUPPLY SYND #1,FLORAL SUPPLY SYND #1,-158.3,11,Flowers,Business,11,Flowers,Business,,,,,
2024-01-25,2024,1,Capital One CC,2024.xlsx Capital 1 Clean,Grace Nursery,GRACE NURSERY INC,-158.36,11,Flowers,Business,11,Flowers,Business,,,,,
2024-12-08,2024,12,Capital One CC,2024.xlsx Capital 1 Clean,ROOT RISE FARM   FAIRE,ROOT RISE FARM   FAIRE,-158.4,11,Flowers,Business,11,Flowers,Business,,,,,
2023-04-19,2023,4,Bank of Marin,BoM master,Check #5022 — PAYEE UNKNOWN,Check #5022,-159.75,11,Flowers,Business,11,Flowers,Business,,,,,
2023-07-06,2023,7,Capital One CC,CC uploads,Lupe Farm,LUPE FARM,-159.9,11,Flowers,Business,11,Flowers,Business,,,,,
2024-11-26,2024,11,Capital One CC,2024.xlsx Capital 1 Clean,SAN FRANCISCO FLOWER M,SAN FRANCISCO FLOWER M,-160.0,15,Merchandise,Business,15,Merchandise,Business,,,,,
2025-06-18,2025,6,Bank of Marin,2025 v3.xlsx,Venmo — RECIPIENT UNKNOWN,Transfer to Venmo,-160.0,22,Venmo,Business,22,Venmo,Business,,,,,
2023-05-10,2023,5,Bank of Marin,BoM master,Check #5030 — PAYEE UNKNOWN,Check #5030,-160.0,11,Flowers,Business,11,Flowers,Business,,,,,
2023-02-16,2023,2,Bank of Marin,BoM master,Check #5058 — PAYEE UNKNOWN,Check #5058,-160.0,11,Flowers,Business,11,Flowers,Business,,,,,
2025-02-13,2025,2,Capital One CC,2025 v3.xlsx,Google ADS5237369439,Google ADS5237369439,-160.03,23,Ads & Subscriptions,Business,23,Ads & Subscriptions,Business,,,,,
2026-05-27,2026,5,Capital One CC,CC uploads,TIEPOLOGY FAIRE,TIEPOLOGY FAIRE,-160.16,11,Flowers,Business,11,Flowers,Business,,,,,
2023-03-22,2023,3,Capital One CC,CC uploads,SP MAISON BOUCHE,SP MAISON BOUCHE,-160.24,43,Food,Business,43,Food,Business,,,,,
2025-10-20,2025,10,Capital One CC,2025 v3.xlsx,LOVEJOY FARMS PR FAIRE,LOVEJOY FARMS PR FAIRE,-160.5,11,Flowers,Business,11,Flowers,Business,,,,,
2024-01-19,2024,1,Capital One CC,2024.xlsx Capital 1 Clean,Mayesh Wholesale Flowers,Mayesh San Francisco,-160.65,11,Flowers,Business,11,Flowers,Business,,,,,
2023-03-30,2023,3,Capital One CC,CC uploads,Mayesh Wholesale Flowers,Mayesh San Francisco,-161.16,11,Flowers,Business,11,Flowers,Business,,,,,
2024-09-17,2024,9,Capital One CC,2024.xlsx Capital 1 Clean,MAISON BOUCHE,MAISON BOUCHE,-161.25,43,Food,Business,43,Food,Business,,,,,
2024-09-03,2024,9,Capital One CC,2024.xlsx Capital 1 Clean,Grace Nursery,GRACE NURSERY INC,-161.95,11,Flowers,Business,11,Flowers,Business,,,,,
2024-11-25,2024,11,Bank of Marin,2024.xlsx Marin clean,Lunya Sleepwear,Lunya Sleepwear,-162.51,42,Misc,Business,42,Misc,Business,,,,,
2024-07-18,2024,7,Capital One CC,2024.xlsx Capital 1 Clean,Mayesh Wholesale Flowers,Mayesh San Francisco,-162.69,11,Flowers,Business,11,Flowers,Business,,,,,
2025-12-02,2025,12,Bank of Marin,2025 v3.xlsx,Alameda Muni,Alameda Muni,-162.83,33,Utilities,Business,33,Utilities,Business,,,,,
2026-04-30,2026,4,Bank of Marin,BoM master,Alameda Muni,Alameda Muni,-163.05,33,Utilities,Business,33,Utilities,Business,,,,,
2026-02-27,2026,2,Capital One CC,CC uploads,"THE REALREAL, INC","THE REALREAL, INC",-163.54,15,Merchandise,Business,15,Merchandise,Business,,,,,
2023-06-15,2023,6,Capital One CC,CC uploads,FLORAL SUPPLY SYND #1,FLORAL SUPPLY SYND #1,-163.65,11,Flowers,Business,11,Flowers,Business,,,,,
2026-07-21,2026,7,Capital One CC,CC uploads,FLORAL SUPPLY SYND #1,FLORAL SUPPLY SYND #1,-163.9,11,Flowers,Business,11,Flowers,Business,,,,,
2024-01-29,2024,1,Bank of Marin,2024.xlsx Marin clean,Check #5112 — PAYEE UNKNOWN,Check #5112,-164.0,11,Flowers,Business,11,Flowers,Business,,,,,
2023-06-12,2023,6,Bank of Marin,BoM master,Neve Bros,Neve Bros,-164.0,11,Flowers,Business,11,Flowers,Business,,,,,
2025-05-27,2025,5,Bank of Marin,2025 v3.xlsx,Venmo — RECIPIENT UNKNOWN,Transfer to Venmo,-165.0,22,Venmo,Business,22,Venmo,Business,,,,,
2023-04-27,2023,4,Capital One CC,CC uploads,FLORAL SUPPLY SYND #1,FLORAL SUPPLY SYND #1,-165.4,11,Flowers,Business,11,Flowers,Business,,,,,
2023-02-08,2023,2,Bank of Marin,BoM master,Check #4466 — PAYEE UNKNOWN,Check #4466,-165.9,11,Flowers,Business,11,Flowers,Business,,,,,
2026-07-23,2026,7,Capital One CC,CC uploads,Miguel Flowers,SQ *MIGUEL FLOWERS,-166.16,11,Flowers,Business,11,Flowers,Business,,,,,
2024-02-29,2024,2,Capital One CC,2024.xlsx Capital 1 Clean,Mayesh Wholesale Flowers,Mayesh San Francisco,-166.26,11,Flowers,Business,11,Flowers,Business,,,,,
2025-01-29,2025,1,Capital One CC,2025 v3.xlsx,Mayesh Wholesale Flowers,Mayesh San Francisco,-166.26,11,Flowers,Business,11,Flowers,Business,,,,,
2025-07-14,2025,7,Bank of Marin,2025 v3.xlsx,Amazon,Amazon,-166.27,62,Amazon,Personal,62,Amazon,Personal,,,,,
2023-12-01,2023,12,Bank of Marin,BoM master,Encinal Market,Encinal Market,-166.84,42,Misc,Business,42,Misc,Business,,,,,
2024-03-14,2024,3,Capital One CC,2024.xlsx Capital 1 Clean,TARGET.COM  *,TARGET.COM  *,-167.48,15,Merchandise,Business,15,Merchandise,Business,,,,,
2024-11-21,2024,11,Capital One CC,2024.xlsx Capital 1 Clean,Mayesh Wholesale Flowers,Mayesh San Francisco,-167.79,11,Flowers,Business,11,Flowers,Business,,,,,
2026-02-13,2026,2,Capital One CC,CC uploads,Grace Nursery,GRACE NURSERY INC,-167.9,11,Flowers,Business,11,Flowers,Business,,,,,
2023-07-23,2023,7,Capital One CC,CC uploads,THE RUSTIC HOUSE FAIRE,THE RUSTIC HOUSE FAIRE,-168.0,11,Flowers,Business,11,Flowers,Business,,,,,
2024-03-21,2024,3,Capital One CC,2024.xlsx Capital 1 Clean,Mayesh Wholesale Flowers,Mayesh San Francisco,-168.81,11,Flowers,Business,11,Flowers,Business,,,,,
2023-12-21,2023,12,Bank of Marin,BoM master,Neve Bros,Neve Bros,-169.13,11,Flowers,Business,11,Flowers,Business,,,,,
2025-07-04,2025,7,Capital One CC,2025 v3.xlsx,AMAZON MKTPL*N31YB9V51,AMAZON MKTPL*N31YB9V51,-169.45,62,Amazon,Personal,62,Amazon,Personal,,,,,
2026-01-27,2026,1,Capital One CC,CC uploads,Grace Nursery,GRACE NURSERY INC,-169.95,11,Flowers,Business,11,Flowers,Business,,,,,
2025-12-22,2025,12,Bank of Marin,2025 v3.xlsx,Neve Bros Inc Sf San Franc Ca,Neve Bros Inc Sf San Franc Ca,-170.0,11,Flowers,Business,11,Flowers,Business,,,,,
2023-11-29,2023,11,Bank of Marin,BoM master,Check #5166 — PAYEE UNKNOWN,Check #5166,-170.0,11,Flowers,Business,11,Flowers,Business,,,,,
2023-11-10,2023,11,Capital One CC,CC uploads,Torchio Nursery,TORCHIO NURSERY COMPAN,-170.0,11,Flowers,Business,11,Flowers,Business,,,,,
2025-04-22,2025,4,Capital One CC,2025 v3.xlsx,ROOT RISE FARM   FAIRE,ROOT RISE FARM   FAIRE,-170.4,11,Flowers,Business,11,Flowers,Business,,,,,
2026-07-07,2026,7,Capital One CC,CC uploads,Miguel Flowers,SQ *MIGUEL FLOWERS,-171.27,11,Flowers,Business,11,Flowers,Business,,,,,
2024-05-21,2024,5,Capital One CC,2024.xlsx Capital 1 Clean,Grace Nursery,GRACE NURSERY INC,-171.69,11,Flowers,Business,11,Flowers,Business,,,,,
2023-12-01,2023,12,Bank of Marin,BoM master,Neve Bros,Neve Bros,-171.69,11,Flowers,Business,11,Flowers,Business,,,,,
2023-04-28,2023,4,Bank of Marin,BoM master,Neve Bros,Neve Bros,-171.69,11,Flowers,Business,11,Flowers,Business,,,,,
2023-04-07,2023,4,Bank of Marin,BoM master,Neve Bros,Neve Bros,-171.69,11,Flowers,Business,11,Flowers,Business,,,,,
2024-02-01,2024,2,Capital One CC,2024.xlsx Capital 1 Clean,Google ADS5237369439,Google ADS5237369439,-171.76,23,Ads & Subscriptions,Business,23,Ads & Subscriptions,Business,,,,,
2023-09-14,2023,9,Capital One CC,CC uploads,Torchio Nursery,TORCHIO NURSERY COMPAN,-172.0,11,Flowers,Business,11,Flowers,Business,,,,,
2025-07-04,2025,7,Capital One CC,2025 v3.xlsx,AMAZON MKTPL*N35Y14H80,AMAZON MKTPL*N35Y14H80,-172.4,62,Amazon,Personal,62,Amazon,Personal,,,,,
2023-05-20,2023,5,Capital One CC,CC uploads,DOT  LIL FAIRE,DOT  LIL FAIRE,-172.5,11,Flowers,Business,11,Flowers,Business,,,,,
2023-02-22,2023,2,Bank of Marin,BoM master,Neve Bros,Neve Bros,-172.71,11,Flowers,Business,11,Flowers,Business,,,,,
2026-03-10,2026,3,Capital One CC,CC uploads,Mayesh Wholesale Flowers,Mayesh San Francisco,-173.4,11,Flowers,Business,11,Flowers,Business,,,,,
2025-10-10,2025,10,Capital One CC,2025 v3.xlsx,Grace Nursery,GRACE NURSERY INC,-173.43,11,Flowers,Business,11,Flowers,Business,,,,,
2026-04-21,2026,4,Capital One CC,CC uploads,FLORAL SUPPLY SYND #1,FLORAL SUPPLY SYND #1,-174.0,11,Flowers,Business,11,Flowers,Business,,,,,
2024-11-01,2024,11,Capital One CC,2024.xlsx Capital 1 Clean,GOOGLE*ADS5237369439,GOOGLE*ADS5237369439,-174.17,23,Ads & Subscriptions,Business,23,Ads & Subscriptions,Business,,,,,
2024-08-24,2024,8,Capital One CC,2024.xlsx Capital 1 Clean,FABINDIA LIMITED,FABINDIA LIMITED,-174.21,15,Merchandise,Business,15,Merchandise,Business,,,,,
2023-12-11,2023,12,Bank of Marin,BoM master,Neve Bros,Neve Bros,-174.25,11,Flowers,Business,11,Flowers,Business,,,,,
2025-02-26,2025,2,Capital One CC,2025 v3.xlsx,Grace Nursery,GRACE NURSERY INC,-174.76,11,Flowers,Business,11,Flowers,Business,,,,,
2023-04-14,2023,4,Bank of Marin,BoM master,Neve Bros,Neve Bros,-174.76,11,Flowers,Business,11,Flowers,Business,,,,,
2024-03-18,2024,3,Bank of Marin,2024.xlsx Marin clean,TJ Maxx,TJ Maxx,-174.99,66,Clothing,Personal,66,Clothing,Personal,,,,,
2024-12-09,2024,12,Bank of Marin,2024.xlsx Marin clean,Venmo — RECIPIENT UNKNOWN,Transfer to Venmo,-175.0,22,Venmo,Business,22,Venmo,Business,,,,,
2025-05-19,2025,5,Bank of Marin,2025 v3.xlsx,Venmo — RECIPIENT UNKNOWN,Transfer to Venmo,-175.0,22,Venmo,Business,22,Venmo,Business,,,,,
2026-04-01,2026,4,Bank of Marin,BoM master,Venmo — RECIPIENT UNKNOWN,Transfer to Venmo,-175.0,22,Venmo,Business,22,Venmo,Business,,,,,
2024-05-30,2024,5,Capital One CC,2024.xlsx Capital 1 Clean,FLORAL SUPPLY SYND #1,FLORAL SUPPLY SYND #1,-175.35,11,Flowers,Business,11,Flowers,Business,,,,,
2024-06-03,2024,6,Capital One CC,2024.xlsx Capital 1 Clean,ZUT ON FOURTH,ZUT ON FOURTH,-175.46,43,Food,Business,43,Food,Business,,,,,
2023-11-21,2023,11,Bank of Marin,BoM master,Target,Target,-175.58,14,Materials,Business,14,Materials,Business,,,,,
2026-05-12,2026,5,Capital One CC,CC uploads,Miguel Flowers,SQ *MIGUEL FLOWERS,-175.87,11,Flowers,Business,11,Flowers,Business,,,,,
2023-01-12,2023,1,Bank of Marin,BoM master,Encinal Market,Encinal Market,-176.01,42,Misc,Business,42,Misc,Business,,,,,
2026-04-28,2026,4,Capital One CC,CC uploads,TOPS MALIBU FAIRE,TOPS MALIBU FAIRE,-176.4,11,Flowers,Business,11,Flowers,Business,,,,,
2026-06-09,2026,6,Capital One CC,CC uploads,Miguel Flowers,SQ *MIGUEL FLOWERS,-176.89,11,Flowers,Business,11,Flowers,Business,,,,,
2026-06-30,2026,6,Capital One CC,CC uploads,Grace Nursery,GRACE NURSERY INC,-176.9,11,Flowers,Business,11,Flowers,Business,,,,,
2024-01-10,2024,1,Capital One CC,2024.xlsx Capital 1 Clean,BOTANIKA RESORT,BOTANIKA RESORT,-177.31,67,Travel,Personal,67,Travel,Personal,,,,,
2023-06-06,2023,6,Capital One CC,CC uploads,FLORAL SUPPLY SYND #1,FLORAL SUPPLY SYND #1,-177.5,11,Flowers,Business,11,Flowers,Business,,,,,
2026-06-02,2026,6,Capital One CC,CC uploads,Miguel Flowers,SQ *MIGUEL FLOWERS,-177.92,11,Flowers,Business,11,Flowers,Business,,,,,
2024-09-26,2024,9,Capital One CC,2024.xlsx Capital 1 Clean,Mayesh Wholesale Flowers,Mayesh San Francisco,-178.5,11,Flowers,Business,11,Flowers,Business,,,,,
2023-10-02,2023,10,Bank of Marin,BoM master,Maison Bouche Httpsmais Ca,Maison Bouche Httpsmais Ca,-178.75,65,Entertainment,Personal,65,Entertainment,Personal,,,,,
2024-12-08,2024,12,Capital One CC,2024.xlsx Capital 1 Clean,FELT SO GOOD FAIRE,FELT SO GOOD FAIRE,-178.89,11,Flowers,Business,11,Flowers,Business,,,,,
2026-07-21,2026,7,Capital One CC,CC uploads,Miguel Flowers,SQ *MIGUEL FLOWERS,-178.94,11,Flowers,Business,11,Flowers,Business,,,,,
2025-04-11,2025,4,Capital One CC,2025 v3.xlsx,Grace Nursery,GRACE NURSERY INC,-179.38,11,Flowers,Business,11,Flowers,Business,,,,,
2025-02-07,2025,2,Bank of Marin,2025 v3.xlsx,Grace Nursery,Grace Nursery Inc,-179.38,11,Flowers,Business,11,Flowers,Business,,,,,
2023-03-22,2023,3,Bank of Marin,BoM master,Neve Bros,Neve Bros,-179.38,11,Flowers,Business,11,Flowers,Business,,,,,
2026-07-02,2026,7,Capital One CC,CC uploads,Torchio Nursery,TORCHIO NURSERY COMPAN,-179.5,11,Flowers,Business,11,Flowers,Business,,,,,
2024-12-08,2024,12,Capital One CC,2024.xlsx Capital 1 Clean,TST*PARCHE - OAKLAND,TST*PARCHE - OAKLAND,-179.9,43,Food,Business,43,Food,Business,,,,,
2024-11-25,2024,11,Capital One CC,2024.xlsx Capital 1 Clean,SP MAISON BOUCHE,SP MAISON BOUCHE,-180.0,43,Food,Business,43,Food,Business,,,,,
2025-02-11,2025,2,Bank of Marin,2025 v3.xlsx,Rafa's Wholesale Flowers,Rafas Wholesale Fl Owers,-180.0,11,Flowers,Business,11,Flowers,Business,,,,,
2026-05-21,2026,5,Capital One CC,CC uploads,Grace Nursery,GRACE NURSERY INC,-180.19,11,Flowers,Business,11,Flowers,Business,,,,,
2023-08-18,2023,8,Capital One CC,CC uploads,Torchio Nursery,TORCHIO NURSERY COMPAN,-180.5,11,Flowers,Business,11,Flowers,Business,,,,,
2024-03-21,2024,3,Capital One CC,2024.xlsx Capital 1 Clean,Torchio Nursery,TORCHIO NURSERY COMPAN,-181.0,11,Flowers,Business,11,Flowers,Business,,,,,
2023-10-19,2023,10,Capital One CC,CC uploads,Lupe Farm,LUPE FARM,-181.43,11,Flowers,Business,11,Flowers,Business,,,,,
2025-12-03,2025,12,Capital One CC,2025 v3.xlsx,Grace Nursery,GRACE NURSERY INC,-181.53,11,Flowers,Business,11,Flowers,Business,,,,,
2026-07-07,2026,7,Capital One CC,CC uploads,FLORAL SUPPLY SYND #1,FLORAL SUPPLY SYND #1,-181.85,11,Flowers,Business,11,Flowers,Business,,,,,
2025-07-29,2025,7,Bank of Marin,2025 v3.xlsx,Venmo — RECIPIENT UNKNOWN,Transfer to Venmo,-183.0,22,Venmo,Business,22,Venmo,Business,,,,,
2026-06-13,2026,6,Capital One CC,CC uploads,SOULSILK FAIRE,SOULSILK FAIRE,-183.6,11,Flowers,Business,11,Flowers,Business,,,,,
2026-02-06,2026,2,Capital One CC,CC uploads,GIRL W KNIFE FAIRE,GIRL W KNIFE FAIRE,-183.6,11,Flowers,Business,11,Flowers,Business,,,,,
2024-07-24,2024,7,Bank of Marin,2024.xlsx Marin clean,Venmo — RECIPIENT UNKNOWN,Transfer to Venmo,-184.0,22,Venmo,Business,22,Venmo,Business,,,,,
2025-04-05,2025,4,Capital One CC,2025 v3.xlsx,AMAZON MKTPL*DX7HI41B3,AMAZON MKTPL*DX7HI41B3,-184.2,62,Amazon,Personal,62,Amazon,Personal,,,,,
2023-08-10,2023,8,Bank of Marin,BoM master,Neve Bros,Neve Bros,-184.5,11,Flowers,Business,11,Flowers,Business,,,,,
2024-07-25,2024,7,Capital One CC,2024.xlsx Capital 1 Clean,Mayesh Wholesale Flowers,Mayesh San Francisco,-184.62,11,Flowers,Business,11,Flowers,Business,,,,,
2026-07-17,2026,7,Bank of Marin,BoM master,Grace Nursery,Grace Nursery Inc,-185.39,11,Flowers,Business,11,Flowers,Business,,,,,
2026-01-08,2026,1,Capital One CC,CC uploads,GLASSONS,GLASSONS,-185.46,15,Merchandise,Business,15,Merchandise,Business,,,,,
2024-08-01,2024,8,Capital One CC,2024.xlsx Capital 1 Clean,YELLOWTAIL JAPANESE BI,YELLOWTAIL JAPANESE BI,-185.85,43,Food,Business,43,Food,Business,,,,,
2024-01-04,2024,1,Capital One CC,2024.xlsx Capital 1 Clean,Mayesh Wholesale Flowers,Mayesh San Francisco,-186.66,11,Flowers,Business,11,Flowers,Business,,,,,
2026-07-21,2026,7,Capital One CC,CC uploads,Grace Nursery,GRACE NURSERY INC,-186.98,11,Flowers,Business,11,Flowers,Business,,,,,
2026-04-23,2026,4,Capital One CC,CC uploads,FLORAL SUPPLY SYND #1,FLORAL SUPPLY SYND #1,-187.0,11,Flowers,Business,11,Flowers,Business,,,,,
2024-02-22,2024,2,Capital One CC,2024.xlsx Capital 1 Clean,Torchio Nursery,TORCHIO NURSERY COMPAN,-187.5,11,Flowers,Business,11,Flowers,Business,,,,,
2026-07-16,2026,7,Bank of Marin,BoM master,Neve Bros Inc Sf San Franc Ca,Neve Bros Inc Sf San Franc Ca,-187.5,11,Flowers,Business,11,Flowers,Business,,,,,
2023-02-01,2023,2,Bank of Marin,BoM master,Neve Bros,Neve Bros,-187.58,11,Flowers,Business,11,Flowers,Business,,,,,
2024-11-07,2024,11,Capital One CC,2024.xlsx Capital 1 Clean,FLORAL SUPPLY SYND #1,FLORAL SUPPLY SYND #1,-187.75,11,Flowers,Business,11,Flowers,Business,,,,,
2023-03-29,2023,3,Bank of Marin,BoM master,Neve Bros,Neve Bros,-188.6,11,Flowers,Business,11,Flowers,Business,,,,,
2023-12-08,2023,12,Capital One CC,CC uploads,Mayesh Wholesale Flowers,Mayesh San Francisco,-188.7,11,Flowers,Business,11,Flowers,Business,,,,,
2023-06-02,2023,6,Capital One CC,CC uploads,Torchio Nursery,TORCHIO NURSERY COMPAN,-189.0,11,Flowers,Business,11,Flowers,Business,,,,,
2023-09-18,2023,9,Capital One CC,CC uploads,TJ MAXX #1084,TJ MAXX #1084,-189.35,15,Merchandise,Business,15,Merchandise,Business,,,,,
2025-02-20,2025,2,Bank of Marin,2025 v3.xlsx,Neve Bros Inc Sf San Franc Ca,Neve Bros Inc Sf San Franc Ca,-189.5,11,Flowers,Business,11,Flowers,Business,,,,,
2026-03-07,2026,3,Capital One CC,CC uploads,SP MOLLY AND STITCH,SP MOLLY AND STITCH,-189.61,15,Merchandise,Business,15,Merchandise,Business,,,,,
2023-08-21,2023,8,Bank of Marin,BoM master,Neve Bros,Neve Bros,-189.63,11,Flowers,Business,11,Flowers,Business,,,,,
2024-06-26,2024,6,Bank of Marin,2024.xlsx Marin clean,Venmo — RECIPIENT UNKNOWN,Transfer to Venmo,-190.0,22,Venmo,Business,22,Venmo,Business,,,,,
2023-12-13,2023,12,Bank of Marin,BoM master,Check #5104 — PAYEE UNKNOWN,Check #5104,-190.0,11,Flowers,Business,11,Flowers,Business,,,,,
2023-11-27,2023,11,Capital One CC,CC uploads,Mayesh Wholesale Flowers,Mayesh San Francisco,-190.23,11,Flowers,Business,11,Flowers,Business,,,,,
2023-06-26,2023,6,Bank of Marin,BoM master,Hobnob,Hobnob,-190.37,42,Misc,Business,42,Misc,Business,,,,,
2025-09-29,2025,9,Bank of Marin,2025 v3.xlsx,Alameda Muni,Alameda Muni,-190.59,33,Utilities,Business,33,Utilities,Business,,,,,
2026-03-17,2026,3,Capital One CC,CC uploads,"THE REALREAL, INC","THE REALREAL, INC",-192.05,15,Merchandise,Business,15,Merchandise,Business,,,,,
2023-05-26,2023,5,Capital One CC,CC uploads,EAST OCEAN SEAFOOD RES,EAST OCEAN SEAFOOD RES,-192.2,43,Food,Business,43,Food,Business,,,,,
2025-11-14,2025,11,Capital One CC,2025 v3.xlsx,Miguel Flowers,SQ *MIGUEL FLOWERS,-192.23,11,Flowers,Business,11,Flowers,Business,,,,,
2024-11-07,2024,11,Capital One CC,2024.xlsx Capital 1 Clean,Mayesh Wholesale Flowers,Mayesh San Francisco,-192.27,11,Flowers,Business,11,Flowers,Business,,,,,
2025-11-21,2025,11,Capital One CC,2025 v3.xlsx,SP LUNYA SLEEPWEAR,SP LUNYA SLEEPWEAR,-192.27,15,Merchandise,Business,15,Merchandise,Business,,,,,
2023-12-27,2023,12,Capital One CC,CC uploads,Mayesh Wholesale Flowers,Mayesh San Francisco,-192.27,11,Flowers,Business,11,Flowers,Business,,,,,
2024-04-17,2024,4,Capital One CC,2024.xlsx Capital 1 Clean,TST* SALTBREAKER,TST* SALTBREAKER,-192.58,43,Food,Business,43,Food,Business,,,,,
2023-10-20,2023,10,Bank of Marin,BoM master,Neve Bros,Neve Bros,-192.7,11,Flowers,Business,11,Flowers,Business,,,,,
2023-10-10,2023,10,Bank of Marin,BoM master,Neve Bros,Neve Bros,-193.21,11,Flowers,Business,11,Flowers,Business,,,,,
2026-06-21,2026,6,Capital One CC,CC uploads,BLACK AND JANE FAIRE,BLACK AND JANE FAIRE,-193.3,11,Flowers,Business,11,Flowers,Business,,,,,
2023-02-23,2023,2,Bank of Marin,BoM master,Check #5061 — PAYEE UNKNOWN,Check #5061,-193.47,11,Flowers,Business,11,Flowers,Business,,,,,
2025-10-20,2025,10,Capital One CC,2025 v3.xlsx,TOPS MALIBU FAIRE,TOPS MALIBU FAIRE,-193.5,11,Flowers,Business,11,Flowers,Business,,,,,
2024-02-29,2024,2,Capital One CC,2024.xlsx Capital 1 Clean,FLORAL SUPPLY SYND #1,FLORAL SUPPLY SYND #1,-194.3,11,Flowers,Business,11,Flowers,Business,,,,,
2024-09-19,2024,9,Capital One CC,2024.xlsx Capital 1 Clean,Grace Nursery,GRACE NURSERY INC,-194.85,11,Flowers,Business,11,Flowers,Business,,,,,
2025-02-03,2025,2,Bank of Marin,2025 v3.xlsx,Venmo — RECIPIENT UNKNOWN,Transfer to Venmo,-195.0,22,Venmo,Business,22,Venmo,Business,,,,,
2023-01-31,2023,1,Capital One CC,CC uploads,COAST WHOLESALE FLORIS,COAST WHOLESALE FLORIS,-195.0,11,Flowers,Business,11,Flowers,Business,,,,,
2023-03-30,2023,3,Capital One CC,CC uploads,Torchio Nursery,TORCHIO NURSERY COMPAN,-195.5,11,Flowers,Business,11,Flowers,Business,,,,,
2026-01-06,2026,1,Capital One CC,CC uploads,Grace Nursery,GRACE NURSERY INC,-196.08,11,Flowers,Business,11,Flowers,Business,,,,,
2026-06-04,2026,6,Capital One CC,CC uploads,FLORAL SUPPLY SYND #1,FLORAL SUPPLY SYND #1,-196.6,11,Flowers,Business,11,Flowers,Business,,,,,
2023-04-14,2023,4,Capital One CC,CC uploads,Lupe Farm,LUPE FARM,-196.8,11,Flowers,Business,11,Flowers,Business,,,,,
2025-12-10,2025,12,Capital One CC,2025 v3.xlsx,Grace Nursery,GRACE NURSERY INC,-197.11,11,Flowers,Business,11,Flowers,Business,,,,,
2023-12-13,2023,12,Capital One CC,CC uploads,LEATHEROLOGY,LEATHEROLOGY,-197.2,15,Merchandise,Business,15,Merchandise,Business,,,,,
2023-11-01,2023,11,Capital One CC,CC uploads,Google ADS7942272052,Google ADS7942272052,-197.24,23,Ads & Subscriptions,Business,23,Ads & Subscriptions,Business,,,,,
2024-05-01,2024,5,Capital One CC,2024.xlsx Capital 1 Clean,GOOGLE *ADS7942272052,GOOGLE *ADS7942272052,-197.35,23,Ads & Subscriptions,Business,23,Ads & Subscriptions,Business,,,,,
2024-03-01,2024,3,Capital One CC,2024.xlsx Capital 1 Clean,GOOGLE*ADS7942272052,GOOGLE*ADS7942272052,-197.37,23,Ads & Subscriptions,Business,23,Ads & Subscriptions,Business,,,,,
2024-11-26,2024,11,Bank of Marin,2024.xlsx Marin clean,Beyond Yoga,Beyond Yoga,-197.7,53,Health,Personal,53,Health,Personal,,,,,
2023-06-01,2023,6,Capital One CC,CC uploads,Lupe Farm,LUPE FARM,-197.83,11,Flowers,Business,11,Flowers,Business,,,,,
2025-03-03,2025,3,Capital One CC,2025 v3.xlsx,GOOGLE *ADS5237369439,GOOGLE *ADS5237369439,-198.09,23,Ads & Subscriptions,Business,23,Ads & Subscriptions,Business,,,,,
2026-07-09,2026,7,Capital One CC,CC uploads,Miguel Flowers,SQ *MIGUEL FLOWERS,-198.36,11,Flowers,Business,11,Flowers,Business,,,,,
2024-01-20,2024,1,Capital One CC,2024.xlsx Capital 1 Clean,ALO MOVES,ALO MOVES,-199.0,65,Entertainment,Personal,65,Entertainment,Personal,,,,,
2023-01-20,2023,1,Capital One CC,CC uploads,ALO MOVES,ALO MOVES,-199.0,65,Entertainment,Personal,65,Entertainment,Personal,,,,,
2024-10-01,2024,10,Capital One CC,2024.xlsx Capital 1 Clean,GOOGLE*ADS5237369439,GOOGLE*ADS5237369439,-199.88,23,Ads & Subscriptions,Business,23,Ads & Subscriptions,Business,,,,,
2024-09-19,2024,9,Bank of Marin,2024.xlsx Marin clean,Venmo — RECIPIENT UNKNOWN,Transfer to Venmo,-200.0,22,Venmo,Business,22,Venmo,Business,,,,,
2025-02-04,2025,2,Bank of Marin,2025 v3.xlsx,Venmo — RECIPIENT UNKNOWN,Transfer to Venmo,-200.0,22,Venmo,Business,22,Venmo,Business,,,,,
2025-03-27,2025,3,Bank of Marin,2025 v3.xlsx,Venmo — RECIPIENT UNKNOWN,Transfer to Venmo,-200.0,22,Venmo,Business,22,Venmo,Business,,,,,
2025-06-25,2025,6,Bank of Marin,2025 v3.xlsx,Venmo — RECIPIENT UNKNOWN,Transfer to Venmo,-200.0,22,Venmo,Business,22,Venmo,Business,,,,,
2025-09-03,2025,9,Bank of Marin,2025 v3.xlsx,Venmo — RECIPIENT UNKNOWN,Transfer to Venmo,-200.0,22,Venmo,Business,22,Venmo,Business,,,,,
2023-09-14,2023,9,Bank of Marin,BoM master,Check #5081 — PAYEE UNKNOWN,Check #5081,-200.0,11,Flowers,Business,11,Flowers,Business,,,,,
2023-06-09,2023,6,Bank of Marin,BoM master,Neve Bros,Neve Bros,-200.0,11,Flowers,Business,11,Flowers,Business,,,,,
2023-09-29,2023,9,Capital One CC,CC uploads,Google ADS7942272052,Google ADS7942272052,-200.0,23,Ads & Subscriptions,Business,23,Ads & Subscriptions,Business,,,,,
2023-09-21,2023,9,Capital One CC,CC uploads,Google ADS5237369439,Google ADS5237369439,-200.0,23,Ads & Subscriptions,Business,23,Ads & Subscriptions,Business,,,,,
2024-09-10,2024,9,Capital One CC,2024.xlsx Capital 1 Clean,FLORAL SUPPLY SYND #1,FLORAL SUPPLY SYND #1,-200.9,11,Flowers,Business,11,Flowers,Business,,,,,
2025-10-03,2025,10,Capital One CC,2025 v3.xlsx,Miguel Flowers,SQ *MIGUEL FLOWERS,-200.92,11,Flowers,Business,11,Flowers,Business,,,,,
2025-01-31,2025,1,Capital One CC,2025 v3.xlsx,SP MAISON BOUCHE,SP MAISON BOUCHE,-202.5,43,Food,Business,43,Food,Business,,,,,
2023-05-03,2023,5,Capital One CC,CC uploads,MISSIVE FAIRE,MISSIVE FAIRE,-202.5,11,Flowers,Business,11,Flowers,Business,,,,,
2023-08-07,2023,8,Capital One CC,CC uploads,SHERWIN WILLIAMS 70868,SHERWIN WILLIAMS 70868,-202.89,15,Merchandise,Business,15,Merchandise,Business,,,,,
2024-10-09,2024,10,Bank of Marin,2024.xlsx Marin clean,Venmo — RECIPIENT UNKNOWN,Transfer to Venmo,-203.0,22,Venmo,Business,22,Venmo,Business,,,,,
2025-10-30,2025,10,Bank of Marin,2025 v3.xlsx,Alameda Muni,Alameda Muni,-203.27,33,Utilities,Business,33,Utilities,Business,,,,,
2024-04-11,2024,4,Capital One CC,2024.xlsx Capital 1 Clean,Torchio Nursery,TORCHIO NURSERY COMPAN,-203.5,11,Flowers,Business,11,Flowers,Business,,,,,
2023-04-30,2023,4,Capital One CC,CC uploads,LS BELL & HOOK,LS BELL & HOOK,-203.51,15,Merchandise,Business,15,Merchandise,Business,,,,,
2026-05-05,2026,5,Bank of Marin,BoM master,Verizon,Verizon,-203.64,33,Utilities,Business,33,Utilities,Business,,,,,
2023-03-30,2023,3,Bank of Marin,BoM master,Check #5017 — PAYEE UNKNOWN,Check #5017,-203.7,11,Flowers,Business,11,Flowers,Business,,,,,
2026-04-06,2026,4,Bank of Marin,BoM master,Verizon,Verizon,-203.77,33,Utilities,Business,33,Utilities,Business,,,,,
2026-02-05,2026,2,Bank of Marin,BoM master,Verizon,Verizon,-203.77,33,Utilities,Business,33,Utilities,Business,,,,,
2024-05-01,2024,5,Bank of Marin,2024.xlsx Marin clean,Venmo — RECIPIENT UNKNOWN,Transfer to Venmo,-204.0,22,Venmo,Business,22,Venmo,Business,,,,,
2023-04-27,2023,4,Bank of Marin,BoM master,Check #5027 — PAYEE UNKNOWN,Check #5027,-204.8,11,Flowers,Business,11,Flowers,Business,,,,,
2023-09-07,2023,9,Bank of Marin,BoM master,Neve Bros,Neve Bros,-205.0,11,Flowers,Business,11,Flowers,Business,,,,,
2023-01-04,2023,1,Bank of Marin,BoM master,Neve Bros,Neve Bros,-205.0,11,Flowers,Business,11,Flowers,Business,,,,,
2026-03-10,2026,3,Capital One CC,CC uploads,123 FARM FAIRE,123 FARM FAIRE,-205.0,11,Flowers,Business,11,Flowers,Business,,,,,
2025-10-31,2025,10,Capital One CC,2025 v3.xlsx,Miguel Flowers,SQ *MIGUEL FLOWERS,-205.01,11,Flowers,Business,11,Flowers,Business,,,,,
2024-04-10,2024,4,Capital One CC,2024.xlsx Capital 1 Clean,EXPEDIA 72802066585074,EXPEDIA 72802066585074,-205.5,67,Travel,Personal,67,Travel,Personal,,,,,
2026-06-30,2026,6,Capital One CC,CC uploads,Miguel Flowers,SQ *MIGUEL FLOWERS,-205.52,11,Flowers,Business,11,Flowers,Business,,,,,
2023-12-01,2023,12,Capital One CC,CC uploads,Google ADS7942272052,Google ADS7942272052,-205.97,23,Ads & Subscriptions,Business,23,Ads & Subscriptions,Business,,,,,
2023-05-12,2023,5,Capital One CC,CC uploads,COAST WHOLESALE FLORIS,COAST WHOLESALE FLORIS,-206.0,11,Flowers,Business,11,Flowers,Business,,,,,
2023-10-19,2023,10,Capital One CC,CC uploads,Mayesh Wholesale Flowers,Mayesh San Francisco,-206.04,11,Flowers,Business,11,Flowers,Business,,,,,
2026-03-05,2026,3,Bank of Marin,BoM master,Verizon,Verizon,-206.72,33,Utilities,Business,33,Utilities,Business,,,,,
2024-02-01,2024,2,Capital One CC,2024.xlsx Capital 1 Clean,Google ADS7942272052,Google ADS7942272052,-206.77,23,Ads & Subscriptions,Business,23,Ads & Subscriptions,Business,,,,,
2026-06-05,2026,6,Bank of Marin,BoM master,Verizon,Verizon,-206.9,33,Utilities,Business,33,Utilities,Business,,,,,
2025-04-02,2025,4,Capital One CC,2025 v3.xlsx,GOOGLE *ADS5237369439,GOOGLE *ADS5237369439,-206.93,23,Ads & Subscriptions,Business,23,Ads & Subscriptions,Business,,,,,
2025-08-04,2025,8,Capital One CC,2025 v3.xlsx,FELT SO GOOD FAIRE,FELT SO GOOD FAIRE,-207.03,11,Flowers,Business,11,Flowers,Business,,,,,
2026-05-28,2026,5,Capital One CC,CC uploads,FLORAL SUPPLY SYND #1,FLORAL SUPPLY SYND #1,-207.2,11,Flowers,Business,11,Flowers,Business,,,,,
2024-04-01,2024,4,Capital One CC,2024.xlsx Capital 1 Clean,Google ADS7942272052,Google ADS7942272052,-207.37,23,Ads & Subscriptions,Business,23,Ads & Subscriptions,Business,,,,,
2023-05-23,2023,5,Capital One CC,CC uploads,Torchio Nursery,TORCHIO NURSERY COMPAN,-207.5,11,Flowers,Business,11,Flowers,Business,,,,,
2024-03-14,2024,3,Capital One CC,2024.xlsx Capital 1 Clean,FLORAL SUPPLY SYND #1,FLORAL SUPPLY SYND #1,-207.55,11,Flowers,Business,11,Flowers,Business,,,,,
2025-11-05,2025,11,Bank of Marin,2025 v3.xlsx,Verizon,Verizon,-207.57,33,Utilities,Business,33,Utilities,Business,,,,,
2026-07-06,2026,7,Bank of Marin,BoM master,Verizon,Verizon,-207.98,33,Utilities,Business,33,Utilities,Business,,,,,
2024-04-24,2024,4,Bank of Marin,2024.xlsx Marin clean,Venmo — RECIPIENT UNKNOWN,Transfer to Venmo,-208.0,22,Venmo,Business,22,Venmo,Business,,,,,
2025-11-21,2025,11,Bank of Marin,2025 v3.xlsx,Neve Bros Inc Sf San Franc Ca,Neve Bros Inc Sf San Franc Ca,-208.0,11,Flowers,Business,11,Flowers,Business,,,,,
2023-11-16,2023,11,Capital One CC,CC uploads,Torchio Nursery,TORCHIO NURSERY COMPAN,-208.5,11,Flowers,Business,11,Flowers,Business,,,,,
2024-01-01,2024,1,Capital One CC,2024.xlsx Capital 1 Clean,Google ADS7942272052,Google ADS7942272052,-208.97,23,Ads & Subscriptions,Business,23,Ads & Subscriptions,Business,,,,,
2023-09-15,2023,9,Bank of Marin,BoM master,Check #5089 — PAYEE UNKNOWN,Check #5089,-209.0,11,Flowers,Business,11,Flowers,Business,,,,,
2023-08-04,2023,8,Bank of Marin,BoM master,Neve Bros,Neve Bros,-209.1,11,Flowers,Business,11,Flowers,Business,,,,,
2024-11-19,2024,11,Bank of Marin,2024.xlsx Marin clean,AT&T,AT&T,-209.32,33,Utilities,Business,33,Utilities,Business,,,,,
2024-11-26,2024,11,Bank of Marin,2024.xlsx Marin clean,Check #5202 — PAYEE UNKNOWN,Check #5202,-209.5,11,Flowers,Business,11,Flowers,Business,,,,,
2025-01-22,2025,1,Capital One CC,2025 v3.xlsx,Grace Nursery,GRACE NURSERY INC,-209.87,11,Flowers,Business,11,Flowers,Business,,,,,
2025-08-25,2025,8,Capital One CC,2025 v3.xlsx,AAA MEMBERSHIP,AAA MEMBERSHIP,-209.98,31,Car (shop),Business,31,Car (shop),Business,,,,,
2024-05-22,2024,5,Bank of Marin,2024.xlsx Marin clean,Venmo — RECIPIENT UNKNOWN,Transfer to Venmo,-210.0,22,Venmo,Business,22,Venmo,Business,,,,,
2026-06-23,2026,6,Capital One CC,CC uploads,SEEDLINGS FAIRE,SEEDLINGS FAIRE,-210.0,11,Flowers,Business,11,Flowers,Business,,,,,
2024-06-06,2024,6,Capital One CC,2024.xlsx Capital 1 Clean,Mayesh Wholesale Flowers,Mayesh San Francisco,-210.12,11,Flowers,Business,11,Flowers,Business,,,,,
2023-05-31,2023,5,Bank of Marin,BoM master,Neve Bros,Neve Bros,-210.13,11,Flowers,Business,11,Flowers,Business,,,,,
2026-01-05,2026,1,Bank of Marin,BoM master,Verizon,Verizon,-210.53,33,Utilities,Business,33,Utilities,Business,,,,,
2023-03-10,2023,3,Bank of Marin,BoM master,Neve Bros,Neve Bros,-210.64,11,Flowers,Business,11,Flowers,Business,,,,,
2024-09-18,2024,9,Bank of Marin,2024.xlsx Marin clean,Venmo — RECIPIENT UNKNOWN,Transfer to Venmo,-211.0,22,Venmo,Business,22,Venmo,Business,,,,,
2025-05-07,2025,5,Capital One CC,2025 v3.xlsx,FELT SO GOOD FAIRE,FELT SO GOOD FAIRE,-211.11,11,Flowers,Business,11,Flowers,Business,,,,,
2023-08-03,2023,8,Capital One CC,CC uploads,Mayesh Wholesale Flowers,Mayesh San Francisco,-211.14,11,Flowers,Business,11,Flowers,Business,,,,,
2023-12-15,2023,12,Bank of Marin,BoM master,Torchio Nursery,Torchio Nursery Co Mpany,-211.5,11,Flowers,Business,11,Flowers,Business,,,,,
2026-02-05,2026,2,Capital One CC,CC uploads,FLORAL SUPPLY SYND #1,FLORAL SUPPLY SYND #1,-211.5,11,Flowers,Business,11,Flowers,Business,,,,,
2023-10-23,2023,10,Bank of Marin,BoM master,Neve Bros,Neve Bros,-211.66,11,Flowers,Business,11,Flowers,Business,,,,,
2023-08-23,2023,8,Bank of Marin,BoM master,CA Dept of Tax (CDTFA),CDTFA Tax Payment,-211.75,12,Tax,Business,12,Tax,Business,,,,,
2023-06-22,2023,6,Capital One CC,CC uploads,Torchio Nursery,TORCHIO NURSERY COMPAN,-212.5,11,Flowers,Business,11,Flowers,Business,,,,,
2025-05-05,2025,5,Capital One CC,2025 v3.xlsx,GOOGLE *ADS5237369439,GOOGLE *ADS5237369439,-213.0,23,Ads & Subscriptions,Business,23,Ads & Subscriptions,Business,,,,,
2025-12-05,2025,12,Bank of Marin,2025 v3.xlsx,Verizon,Verizon,-213.49,33,Utilities,Business,33,Utilities,Business,,,,,
2024-09-26,2024,9,Capital One CC,2024.xlsx Capital 1 Clean,MT. EDEN FLORAL COMPAN,MT. EDEN FLORAL COMPAN,-214.04,15,Merchandise,Business,15,Merchandise,Business,,,,,
2024-12-19,2024,12,Bank of Marin,2024.xlsx Marin clean,AT&T,AT&T,-214.32,33,Utilities,Business,33,Utilities,Business,,,,,
2026-04-07,2026,4,Capital One CC,CC uploads,Grace Nursery,GRACE NURSERY INC,-214.7,11,Flowers,Business,11,Flowers,Business,,,,,
2024-08-01,2024,8,Capital One CC,2024.xlsx Capital 1 Clean,Mayesh Wholesale Flowers,Mayesh San Francisco,-214.71,11,Flowers,Business,11,Flowers,Business,,,,,
2024-06-07,2024,6,Capital One CC,2024.xlsx Capital 1 Clean,Mayesh Wholesale Flowers,Mayesh San Francisco,-214.72,11,Flowers,Business,11,Flowers,Business,,,,,
2024-02-02,2024,2,Capital One CC,2024.xlsx Capital 1 Clean,SPEEDPRO EAST BAY,SPEEDPRO EAST BAY,-214.86,14,Materials,Business,14,Materials,Business,,,,,
2025-08-27,2025,8,Bank of Marin,2025 v3.xlsx,Venmo — RECIPIENT UNKNOWN,Transfer to Venmo,-215.0,22,Venmo,Business,22,Venmo,Business,,,,,
2024-02-29,2024,2,Capital One CC,2024.xlsx Capital 1 Clean,WAKI SUSHI,WAKI SUSHI,-215.01,43,Food,Business,43,Food,Business,,,,,
2025-08-04,2025,8,Capital One CC,2025 v3.xlsx,LOVEJOY FARMS PR FAIRE,LOVEJOY FARMS PR FAIRE,-215.16,11,Flowers,Business,11,Flowers,Business,,,,,
2023-03-31,2023,3,Bank of Marin,BoM master,Neve Bros,Neve Bros,-215.25,11,Flowers,Business,11,Flowers,Business,,,,,
2024-04-17,2024,4,Bank of Marin,2024.xlsx Marin clean,Venmo — RECIPIENT UNKNOWN,Transfer to Venmo,-216.0,22,Venmo,Business,22,Venmo,Business,,,,,
2024-04-03,2024,4,Capital One CC,2024.xlsx Capital 1 Clean,MINOR HISTORY FAIRE,MINOR HISTORY FAIRE,-216.76,11,Flowers,Business,11,Flowers,Business,,,,,
2026-03-12,2026,3,Capital One CC,CC uploads,Mayesh Wholesale Flowers,Mayesh San Francisco,-217.26,11,Flowers,Business,11,Flowers,Business,,,,,
2023-04-06,2023,4,Capital One CC,CC uploads,Lupe Farm,LUPE FARM,-217.3,11,Flowers,Business,11,Flowers,Business,,,,,
2023-06-22,2023,6,Capital One CC,CC uploads,FLORAL SUPPLY SYND #1,FLORAL SUPPLY SYND #1,-217.4,11,Flowers,Business,11,Flowers,Business,,,,,
2024-02-15,2024,2,Capital One CC,2024.xlsx Capital 1 Clean,FLORAL SUPPLY SYND #1,FLORAL SUPPLY SYND #1,-217.5,11,Flowers,Business,11,Flowers,Business,,,,,
2023-06-22,2023,6,Capital One CC,CC uploads,Mayesh Wholesale Flowers,Mayesh San Francisco,-218.28,11,Flowers,Business,11,Flowers,Business,,,,,
2026-05-19,2026,5,Capital One CC,CC uploads,Miguel Flowers,SQ *MIGUEL FLOWERS,-218.3,11,Flowers,Business,11,Flowers,Business,,,,,
2024-10-10,2024,10,Capital One CC,2024.xlsx Capital 1 Clean,Grace Nursery,GRACE NURSERY INC,-218.84,11,Flowers,Business,11,Flowers,Business,,,,,
2024-03-14,2024,3,Capital One CC,2024.xlsx Capital 1 Clean,Grace Nursery,GRACE NURSERY INC,-219.35,11,Flowers,Business,11,Flowers,Business,,,,,
2023-11-17,2023,11,Bank of Marin,BoM master,Neve Bros,Neve Bros,-219.35,11,Flowers,Business,11,Flowers,Business,,,,,
2026-02-28,2026,2,Capital One CC,CC uploads,SP LUNYA SLEEPWEAR,SP LUNYA SLEEPWEAR,-219.72,15,Merchandise,Business,15,Merchandise,Business,,,,,
2025-11-22,2025,11,Capital One CC,2025 v3.xlsx,Torchio Nursery,TORCHIO NURSERY COMPAN,-220.0,11,Flowers,Business,11,Flowers,Business,,,,,
2026-07-15,2026,7,Bank of Marin,BoM master,Venmo — RECIPIENT UNKNOWN,Transfer to Venmo,-220.0,22,Venmo,Business,22,Venmo,Business,,,,,
2026-02-02,2026,2,Bank of Marin,BoM master,Venmo — RECIPIENT UNKNOWN,Transfer to Venmo,-220.0,22,Venmo,Business,22,Venmo,Business,,,,,
2026-01-29,2026,1,Bank of Marin,BoM master,Venmo — RECIPIENT UNKNOWN,Transfer to Venmo,-220.0,22,Venmo,Business,22,Venmo,Business,,,,,
2023-11-28,2023,11,Bank of Marin,BoM master,Check #5162 — PAYEE UNKNOWN,Check #5162,-220.0,11,Flowers,Business,11,Flowers,Business,,,,,
2023-10-31,2023,10,Capital One CC,CC uploads,FLORAL SUPPLY SYND #1,FLORAL SUPPLY SYND #1,-220.0,11,Flowers,Business,11,Flowers,Business,,,,,
2023-03-13,2023,3,Bank of Marin,BoM master,Check #5067 — PAYEE UNKNOWN,Check #5067,-220.2,11,Flowers,Business,11,Flowers,Business,,,,,
2023-04-05,2023,4,Bank of Marin,BoM master,Neve Bros,Neve Bros,-220.38,11,Flowers,Business,11,Flowers,Business,,,,,
2023-03-31,2023,3,Capital One CC,CC uploads,Lupe Farm,LUPE FARM,-220.38,11,Flowers,Business,11,Flowers,Business,,,,,
2023-02-13,2023,2,Capital One CC,CC uploads,Mayesh Wholesale Flowers,Mayesh San Francisco,-220.83,11,Flowers,Business,11,Flowers,Business,,,,,
2025-06-02,2025,6,Capital One CC,2025 v3.xlsx,NATURALIZER,NATURALIZER,-221.48,15,Merchandise,Business,15,Merchandise,Business,,,,,
2024-07-11,2024,7,Capital One CC,2024.xlsx Capital 1 Clean,Mayesh Wholesale Flowers,Mayesh San Francisco,-221.85,11,Flowers,Business,11,Flowers,Business,,,,,
2025-08-22,2025,8,Capital One CC,2025 v3.xlsx,Grace Nursery,GRACE NURSERY INC,-222.27,11,Flowers,Business,11,Flowers,Business,,,,,
2024-11-21,2024,11,Capital One CC,2024.xlsx Capital 1 Clean,Grace Nursery,GRACE NURSERY INC,-222.43,11,Flowers,Business,11,Flowers,Business,,,,,
2024-01-13,2024,1,Capital One CC,2024.xlsx Capital 1 Clean,EXPEDIA 72735564145049,EXPEDIA 72735564145049,-222.75,67,Travel,Personal,67,Travel,Personal,,,,,
2026-07-23,2026,7,Capital One CC,CC uploads,Torchio Nursery,TORCHIO NURSERY COMPAN,-223.0,11,Flowers,Business,11,Flowers,Business,,,,,
2023-07-11,2023,7,Capital One CC,CC uploads,FLORAL SUPPLY SYND #1,FLORAL SUPPLY SYND #1,-223.05,11,Flowers,Business,11,Flowers,Business,,,,,
2023-09-28,2023,9,Capital One CC,CC uploads,FLORAL SUPPLY SYND #1,FLORAL SUPPLY SYND #1,-223.25,11,Flowers,Business,11,Flowers,Business,,,,,
2026-03-03,2026,3,Capital One CC,CC uploads,Grace Nursery,GRACE NURSERY INC,-223.71,11,Flowers,Business,11,Flowers,Business,,,,,
2024-01-25,2024,1,Capital One CC,2024.xlsx Capital 1 Clean,Torchio Nursery,TORCHIO NURSERY COMPAN,-224.0,11,Flowers,Business,11,Flowers,Business,,,,,
2023-11-16,2023,11,Capital One CC,CC uploads,Grace Nursery,GRACE NURSERY INC,-224.48,11,Flowers,Business,11,Flowers,Business,,,,,
2025-08-22,2025,8,Capital One CC,2025 v3.xlsx,Mayesh Wholesale Flowers,Mayesh San Francisco,-224.91,11,Flowers,Business,11,Flowers,Business,,,,,
2023-06-01,2023,6,Capital One CC,CC uploads,Mayesh Wholesale Flowers,Mayesh San Francisco,-224.91,11,Flowers,Business,11,Flowers,Business,,,,,
2026-07-06,2026,7,Bank of Marin,BoM master,Venmo — RECIPIENT UNKNOWN,Transfer to Venmo,-225.0,22,Venmo,Business,22,Venmo,Business,,,,,
2024-02-06,2024,2,Capital One CC,2024.xlsx Capital 1 Clean,Torchio Nursery,TORCHIO NURSERY COMPAN,-225.5,11,Flowers,Business,11,Flowers,Business,,,,,
2025-09-17,2025,9,Bank of Marin,2025 v3.xlsx,Venmo — RECIPIENT UNKNOWN,Transfer to Venmo,-227.0,22,Venmo,Business,22,Venmo,Business,,,,,
2023-11-03,2023,11,Bank of Marin,BoM master,Neve Bros,Neve Bros,-227.55,11,Flowers,Business,11,Flowers,Business,,,,,
2024-02-06,2024,2,Bank of Marin,2024.xlsx Marin clean,Check #5113 — PAYEE UNKNOWN,Check #5113,-228.0,11,Flowers,Business,11,Flowers,Business,,,,,
2025-02-12,2025,2,Capital One CC,2025 v3.xlsx,Rafa's Wholesale Flowers,RAFAS WHOLESALE FLOWER,-228.66,11,Flowers,Business,11,Flowers,Business,,,,,
2023-05-18,2023,5,Capital One CC,CC uploads,MT. EDEN FLORAL COMPAN,MT. EDEN FLORAL COMPAN,-228.91,15,Merchandise,Business,15,Merchandise,Business,,,,,
2023-04-21,2023,4,Capital One CC,CC uploads,Mayesh Wholesale Flowers,Mayesh San Francisco,-228.99,11,Flowers,Business,11,Flowers,Business,,,,,
2025-03-14,2025,3,Bank of Marin,2025 v3.xlsx,Neve Bros Inc,Neve Bros Inc,-229.0,11,Flowers,Business,11,Flowers,Business,,,,,
2024-03-18,2024,3,Bank of Marin,2024.xlsx Marin clean,Encinal Market,Encinal Market,-229.23,63,Groceries,Personal,63,Groceries,Personal,,,,,
2024-03-01,2024,3,Capital One CC,2024.xlsx Capital 1 Clean,GOOGLE*ADS5237369439,GOOGLE*ADS5237369439,-229.85,23,Ads & Subscriptions,Business,23,Ads & Subscriptions,Business,,,,,
2023-07-23,2023,7,Capital One CC,CC uploads,POTAGER SOAP COM FAIRE,POTAGER SOAP COM FAIRE,-229.92,11,Flowers,Business,11,Flowers,Business,,,,,
2024-12-23,2024,12,Bank of Marin,2024.xlsx Marin clean,Venmo — RECIPIENT UNKNOWN,Transfer to Venmo,-230.0,22,Venmo,Business,22,Venmo,Business,,,,,
2025-06-09,2025,6,Bank of Marin,2025 v3.xlsx,Venmo — RECIPIENT UNKNOWN,Transfer to Venmo,-230.0,22,Venmo,Business,22,Venmo,Business,,,,,
2025-07-09,2025,7,Bank of Marin,2025 v3.xlsx,Venmo — RECIPIENT UNKNOWN,Transfer to Venmo,-230.0,22,Venmo,Business,22,Venmo,Business,,,,,
2025-11-26,2025,11,Bank of Marin,2025 v3.xlsx,Venmo — RECIPIENT UNKNOWN,Transfer to Venmo,-230.0,22,Venmo,Business,22,Venmo,Business,,,,,
2026-05-27,2026,5,Bank of Marin,BoM master,Venmo — RECIPIENT UNKNOWN,Transfer to Venmo,-230.0,22,Venmo,Business,22,Venmo,Business,,,,,
2026-04-29,2026,4,Bank of Marin,BoM master,Venmo — RECIPIENT UNKNOWN,Transfer to Venmo,-230.0,22,Venmo,Business,22,Venmo,Business,,,,,
2025-06-04,2025,6,Capital One CC,2025 v3.xlsx,Grace Nursery,GRACE NURSERY INC,-230.37,11,Flowers,Business,11,Flowers,Business,,,,,
2023-03-17,2023,3,Capital One CC,CC uploads,Lupe Farm,LUPE FARM,-230.62,11,Flowers,Business,11,Flowers,Business,,,,,
2024-10-30,2024,10,Bank of Marin,2024.xlsx Marin clean,Venmo — RECIPIENT UNKNOWN,Transfer to Venmo,-231.0,22,Venmo,Business,22,Venmo,Business,,,,,
2024-01-23,2024,1,Capital One CC,2024.xlsx Capital 1 Clean,Torchio Nursery,TORCHIO NURSERY COMPAN,-231.5,11,Flowers,Business,11,Flowers,Business,,,,,
2024-03-07,2024,3,Capital One CC,2024.xlsx Capital 1 Clean,Torchio Nursery,TORCHIO NURSERY COMPAN,-232.0,11,Flowers,Business,11,Flowers,Business,,,,,
2025-04-07,2025,4,Bank of Marin,2025 v3.xlsx,Venmo — RECIPIENT UNKNOWN,Transfer to Venmo,-232.0,22,Venmo,Business,22,Venmo,Business,,,,,
2024-02-14,2024,2,Capital One CC,2024.xlsx Capital 1 Clean,MT. EDEN FLORAL COMPAN,MT. EDEN FLORAL COMPAN,-232.08,15,Merchandise,Business,15,Merchandise,Business,,,,,
2024-04-18,2024,4,Bank of Marin,2024.xlsx Marin clean,AT&T,AT&T,-232.11,33,Utilities,Business,33,Utilities,Business,,,,,
2023-11-02,2023,11,Capital One CC,CC uploads,Mayesh Wholesale Flowers,Mayesh San Francisco,-233.07,11,Flowers,Business,11,Flowers,Business,,,,,
2023-10-23,2023,10,Bank of Marin,BoM master,AT&T,AT&T,-233.11,33,Utilities,Business,33,Utilities,Business,,,,,
2023-03-13,2023,3,Bank of Marin,BoM master,Check #5068 — PAYEE UNKNOWN,Check #5068,-233.15,11,Flowers,Business,11,Flowers,Business,,,,,
2024-02-29,2024,2,Capital One CC,2024.xlsx Capital 1 Clean,Torchio Nursery,TORCHIO NURSERY COMPAN,-233.5,11,Flowers,Business,11,Flowers,Business,,,,,
2026-01-20,2026,1,Bank of Marin,BoM master,The Home Depot,The Home Depot,-233.63,42,Misc,Business,42,Misc,Business,,,,,
2024-03-27,2024,3,Bank of Marin,2024.xlsx Marin clean,Venmo — RECIPIENT UNKNOWN,Transfer to Venmo,-234.0,22,Venmo,Business,22,Venmo,Business,,,,,
2023-06-14,2023,6,Bank of Marin,BoM master,Floral Supply Synd,Floral Supply Synd,-234.5,11,Flowers,Business,11,Flowers,Business,,,,,
2025-04-22,2025,4,Bank of Marin,2025 v3.xlsx,Venmo — RECIPIENT UNKNOWN,Transfer to Venmo,-235.0,22,Venmo,Business,22,Venmo,Business,,,,,
2025-05-05,2025,5,Bank of Marin,2025 v3.xlsx,Venmo — RECIPIENT UNKNOWN,Transfer to Venmo,-235.0,22,Venmo,Business,22,Venmo,Business,,,,,
2025-10-29,2025,10,Bank of Marin,2025 v3.xlsx,Venmo — RECIPIENT UNKNOWN,Transfer to Venmo,-235.0,22,Venmo,Business,22,Venmo,Business,,,,,
2025-11-19,2025,11,Bank of Marin,2025 v3.xlsx,Venmo — RECIPIENT UNKNOWN,Transfer to Venmo,-235.0,22,Venmo,Business,22,Venmo,Business,,,,,
2023-01-03,2023,1,Capital One CC,CC uploads,COAST WHOLESALE FLORIS,COAST WHOLESALE FLORIS,-235.0,11,Flowers,Business,11,Flowers,Business,,,,,
2023-07-07,2023,7,Bank of Marin,BoM master,Neve Bros,Neve Bros,-235.75,11,Flowers,Business,11,Flowers,Business,,,,,
2023-05-03,2023,5,Bank of Marin,BoM master,Neve Bros,Neve Bros,-235.75,11,Flowers,Business,11,Flowers,Business,,,,,
2024-03-13,2024,3,Capital One CC,2024.xlsx Capital 1 Clean,PAYPAL *DAVIS FARMS,PAYPAL *DAVIS FARMS,-236.0,15,Merchandise,Business,15,Merchandise,Business,,,,,
2026-01-22,2026,1,Capital One CC,CC uploads,Miguel Flowers,SQ *MIGUEL FLOWERS,-237.22,11,Flowers,Business,11,Flowers,Business,,,,,
2023-11-16,2023,11,Capital One CC,CC uploads,FLORAL SUPPLY SYND #1,FLORAL SUPPLY SYND #1,-237.25,11,Flowers,Business,11,Flowers,Business,,,,,
2023-06-30,2023,6,Capital One CC,CC uploads,Lupe Farm,LUPE FARM,-237.8,11,Flowers,Business,11,Flowers,Business,,,,,
2023-06-23,2023,6,Capital One CC,CC uploads,Lupe Farm,LUPE FARM,-237.8,11,Flowers,Business,11,Flowers,Business,,,,,
2024-11-20,2024,11,Bank of Marin,2024.xlsx Marin clean,Venmo — RECIPIENT UNKNOWN,Transfer to Venmo,-238.0,22,Venmo,Business,22,Venmo,Business,,,,,
2023-10-10,2023,10,Capital One CC,CC uploads,FLORAL SUPPLY SYND #1,FLORAL SUPPLY SYND #1,-238.5,11,Flowers,Business,11,Flowers,Business,,,,,
2024-09-05,2024,9,Capital One CC,2024.xlsx Capital 1 Clean,Mayesh Wholesale Flowers,Mayesh San Francisco,-238.68,11,Flowers,Business,11,Flowers,Business,,,,,
2024-05-21,2024,5,Bank of Marin,2024.xlsx Marin clean,AT&T,AT&T,-239.09,33,Utilities,Business,33,Utilities,Business,,,,,
2024-07-19,2024,7,Bank of Marin,2024.xlsx Marin clean,AT&T,AT&T,-239.09,33,Utilities,Business,33,Utilities,Business,,,,,
2024-08-19,2024,8,Bank of Marin,2024.xlsx Marin clean,AT&T,AT&T,-239.57,33,Utilities,Business,33,Utilities,Business,,,,,
2023-03-24,2023,3,Capital One CC,CC uploads,Lupe Farm,LUPE FARM,-239.85,11,Flowers,Business,11,Flowers,Business,,,,,
2024-12-08,2024,12,Capital One CC,2024.xlsx Capital 1 Clean,TONO  CO FAIRE,TONO  CO FAIRE,-239.9,11,Flowers,Business,11,Flowers,Business,,,,,
2024-03-05,2024,3,Bank of Marin,2024.xlsx Marin clean,Check #5121 — PAYEE UNKNOWN,Check #5121,-240.0,11,Flowers,Business,11,Flowers,Business,,,,,
2024-10-23,2024,10,Bank of Marin,2024.xlsx Marin clean,Venmo — RECIPIENT UNKNOWN,Transfer to Venmo,-240.0,22,Venmo,Business,22,Venmo,Business,,,,,
2025-01-22,2025,1,Bank of Marin,2025 v3.xlsx,Venmo — RECIPIENT UNKNOWN,Transfer to Venmo,-240.0,22,Venmo,Business,22,Venmo,Business,,,,,
2025-06-25,2025,6,Bank of Marin,2025 v3.xlsx,Venmo — RECIPIENT UNKNOWN,Transfer to Venmo,-240.0,22,Venmo,Business,22,Venmo,Business,,,,,
2026-06-17,2026,6,Bank of Marin,BoM master,Venmo — RECIPIENT UNKNOWN,Transfer to Venmo,-240.0,22,Venmo,Business,22,Venmo,Business,,,,,
2026-05-20,2026,5,Bank of Marin,BoM master,Venmo — RECIPIENT UNKNOWN,Transfer to Venmo,-240.0,22,Venmo,Business,22,Venmo,Business,,,,,
2023-01-19,2023,1,Bank of Marin,BoM master,AT&T,AT&T,-240.04,33,Utilities,Business,33,Utilities,Business,,,,,
2023-07-07,2023,7,Capital One CC,CC uploads,Mayesh Wholesale Flowers,Mayesh San Francisco,-240.22,11,Flowers,Business,11,Flowers,Business,,,,,
2023-03-22,2023,3,Bank of Marin,BoM master,AT&T,AT&T,-240.72,33,Utilities,Business,33,Utilities,Business,,,,,
2024-04-11,2024,4,Capital One CC,2024.xlsx Capital 1 Clean,MT. EDEN FLORAL COMPAN,MT. EDEN FLORAL COMPAN,-240.76,15,Merchandise,Business,15,Merchandise,Business,,,,,
2023-06-29,2023,6,Bank of Marin,BoM master,Neve Bros,Neve Bros,-240.88,11,Flowers,Business,11,Flowers,Business,,,,,
2023-06-21,2023,6,Bank of Marin,BoM master,Neve Bros,Neve Bros,-240.88,11,Flowers,Business,11,Flowers,Business,,,,,
2023-07-13,2023,7,Capital One CC,CC uploads,Lupe Farm,LUPE FARM,-240.88,11,Flowers,Business,11,Flowers,Business,,,,,
2023-11-20,2023,11,Bank of Marin,BoM master,Encinal Market,Encinal Market,-240.99,42,Misc,Business,42,Misc,Business,,,,,
2023-03-27,2023,3,Bank of Marin,BoM master,Check #5015 — PAYEE UNKNOWN,Check #5015,-241.0,11,Flowers,Business,11,Flowers,Business,,,,,
2023-08-03,2023,8,Capital One CC,CC uploads,Lupe Farm,LUPE FARM,-241.9,11,Flowers,Business,11,Flowers,Business,,,,,
2024-07-31,2024,7,Bank of Marin,2024.xlsx Marin clean,Venmo — RECIPIENT UNKNOWN,Transfer to Venmo,-242.0,22,Venmo,Business,22,Venmo,Business,,,,,
2023-06-27,2023,6,Capital One CC,CC uploads,Torchio Nursery,TORCHIO NURSERY COMPAN,-242.5,11,Flowers,Business,11,Flowers,Business,,,,,
2024-02-01,2024,2,Capital One CC,2024.xlsx Capital 1 Clean,Mayesh Wholesale Flowers,Mayesh San Francisco,-242.76,11,Flowers,Business,11,Flowers,Business,,,,,
2024-10-02,2024,10,Bank of Marin,2024.xlsx Marin clean,Venmo — RECIPIENT UNKNOWN,Transfer to Venmo,-243.0,22,Venmo,Business,22,Venmo,Business,,,,,
2024-12-22,2024,12,Capital One CC,2024.xlsx Capital 1 Clean,WANDERLUST PAPER FAIRE,WANDERLUST PAPER FAIRE,-243.11,11,Flowers,Business,11,Flowers,Business,,,,,
2023-05-25,2023,5,Capital One CC,CC uploads,Mayesh Wholesale Flowers,Mayesh San Francisco,-243.27,11,Flowers,Business,11,Flowers,Business,,,,,
2023-02-08,2023,2,Bank of Marin,BoM master,Neve Bros,Neve Bros,-243.44,11,Flowers,Business,11,Flowers,Business,,,,,
2023-03-23,2023,3,Capital One CC,CC uploads,Torchio Nursery,TORCHIO NURSERY COMPAN,-243.5,11,Flowers,Business,11,Flowers,Business,,,,,
2023-09-28,2023,9,Capital One CC,CC uploads,Mayesh Wholesale Flowers,Mayesh San Francisco,-243.78,11,Flowers,Business,11,Flowers,Business,,,,,
2025-03-19,2025,3,Bank of Marin,2025 v3.xlsx,Venmo — RECIPIENT UNKNOWN,Transfer to Venmo,-244.0,22,Venmo,Business,22,Venmo,Business,,,,,
2023-03-02,2023,3,Bank of Marin,BoM master,Rabat Shoes Inc,Rabat Shoes Inc,-244.75,66,Clothing,Personal,66,Clothing,Personal,,,,,
2024-01-30,2024,1,Capital One CC,2024.xlsx Capital 1 Clean,Torchio Nursery,TORCHIO NURSERY COMPAN,-245.5,11,Flowers,Business,11,Flowers,Business,,,,,
2023-09-21,2023,9,Capital One CC,CC uploads,Torchio Nursery,TORCHIO NURSERY COMPAN,-245.5,11,Flowers,Business,11,Flowers,Business,,,,,
2023-03-09,2023,3,Capital One CC,CC uploads,Torchio Nursery,TORCHIO NURSERY COMPAN,-246.5,11,Flowers,Business,11,Flowers,Business,,,,,
2025-01-15,2025,1,Bank of Marin,2025 v3.xlsx,Venmo — RECIPIENT UNKNOWN,Transfer to Venmo,-247.0,22,Venmo,Business,22,Venmo,Business,,,,,
2024-03-21,2024,3,Bank of Marin,2024.xlsx Marin clean,AT&T,AT&T,-247.46,33,Utilities,Business,33,Utilities,Business,,,,,
2024-01-18,2024,1,Bank of Marin,2024.xlsx Marin clean,AT&T,AT&T,-247.67,33,Utilities,Business,33,Utilities,Business,,,,,
2023-12-20,2023,12,Bank of Marin,BoM master,AT&T,AT&T,-247.67,33,Utilities,Business,33,Utilities,Business,,,,,
2023-11-20,2023,11,Bank of Marin,BoM master,AT&T,AT&T,-247.67,33,Utilities,Business,33,Utilities,Business,,,,,
2023-08-30,2023,8,Bank of Marin,BoM master,Mayesh Wholesale Flowers,Mayesh San Francis Co,-247.86,11,Flowers,Business,11,Flowers,Business,,,,,
2023-11-10,2023,11,Capital One CC,CC uploads,Mayesh Wholesale Flowers,Mayesh San Francisco,-247.86,11,Flowers,Business,11,Flowers,Business,,,,,
2023-04-26,2023,4,Bank of Marin,BoM master,Neve Bros,Neve Bros,-248.56,11,Flowers,Business,11,Flowers,Business,,,,,
2026-05-26,2026,5,Capital One CC,CC uploads,Miguel Flowers,SQ *MIGUEL FLOWERS,-248.98,11,Flowers,Business,11,Flowers,Business,,,,,
2024-06-13,2024,6,Capital One CC,2024.xlsx Capital 1 Clean,Mayesh Wholesale Flowers,Mayesh San Francisco,-248.99,11,Flowers,Business,11,Flowers,Business,,,,,
2023-05-19,2023,5,Capital One CC,CC uploads,Mayesh Wholesale Flowers,Mayesh San Francisco,-249.39,11,Flowers,Business,11,Flowers,Business,,,,,
2024-02-16,2024,2,Bank of Marin,2024.xlsx Marin clean,Check #5119 — PAYEE UNKNOWN,Check #5119,-250.0,11,Flowers,Business,11,Flowers,Business,,,,,
2025-08-25,2025,8,Bank of Marin,2025 v3.xlsx,Check #5241 — PAYEE UNKNOWN,Check #5241,-250.0,11,Flowers,Business,11,Flowers,Business,,,,,
2025-04-02,2025,4,Bank of Marin,2025 v3.xlsx,Venmo — RECIPIENT UNKNOWN,Transfer to Venmo,-250.0,22,Venmo,Business,22,Venmo,Business,,,,,
2025-05-07,2025,5,Bank of Marin,2025 v3.xlsx,Venmo — RECIPIENT UNKNOWN,Transfer to Venmo,-250.0,22,Venmo,Business,22,Venmo,Business,,,,,
2025-10-22,2025,10,Bank of Marin,2025 v3.xlsx,Venmo — RECIPIENT UNKNOWN,Transfer to Venmo,-250.0,22,Venmo,Business,22,Venmo,Business,,,,,
2026-03-04,2026,3,Bank of Marin,BoM master,Venmo — RECIPIENT UNKNOWN,Transfer to Venmo,-250.0,22,Venmo,Business,22,Venmo,Business,,,,,
2023-04-19,2023,4,Bank of Marin,BoM master,AT&T,AT&T,-250.81,33,Utilities,Business,33,Utilities,Business,,,,,
2024-02-20,2024,2,Capital One CC,2024.xlsx Capital 1 Clean,Lupe Farm,LUPE FARM,-251.13,11,Flowers,Business,11,Flowers,Business,,,,,
2023-11-16,2023,11,Capital One CC,CC uploads,FLORAL SUPPLY SYND #1,FLORAL SUPPLY SYND #1,-252.1,11,Flowers,Business,11,Flowers,Business,,,,,
2025-07-18,2025,7,Capital One CC,2025 v3.xlsx,Miguel Flowers,SQ *MIGUEL FLOWERS,-252.56,11,Flowers,Business,11,Flowers,Business,,,,,
2023-10-09,2023,10,Capital One CC,CC uploads,FLORAL SUPPLY SYND #1,FLORAL SUPPLY SYND #1,-252.75,11,Flowers,Business,11,Flowers,Business,,,,,
2023-06-15,2023,6,Bank of Marin,BoM master,Neve Bros,Neve Bros,-253.18,11,Flowers,Business,11,Flowers,Business,,,,,
2024-07-01,2024,7,Capital One CC,2024.xlsx Capital 1 Clean,Google ADS5237369439,Google ADS5237369439,-253.46,23,Ads & Subscriptions,Business,23,Ads & Subscriptions,Business,,,,,
2023-10-13,2023,10,Bank of Marin,BoM master,Anthropologie,Anthropologie,-253.62,66,Clothing,Personal,66,Clothing,Personal,,,,,
2024-07-17,2024,7,Bank of Marin,2024.xlsx Marin clean,Venmo — RECIPIENT UNKNOWN,Transfer to Venmo,-254.0,22,Venmo,Business,22,Venmo,Business,,,,,
2025-01-02,2025,1,Bank of Marin,2025 v3.xlsx,Encinal Nursery,Encinal Nursery,-254.16,11,Flowers,Business,11,Flowers,Business,,,,,
2026-01-07,2026,1,Capital One CC,CC uploads,FLORAL SUPPLY SYND #1,FLORAL SUPPLY SYND #1,-254.45,11,Flowers,Business,11,Flowers,Business,,,,,
2024-05-09,2024,5,Capital One CC,2024.xlsx Capital 1 Clean,FLORAL SUPPLY SYND #1,FLORAL SUPPLY SYND #1,-254.8,11,Flowers,Business,11,Flowers,Business,,,,,
2024-03-12,2024,3,Bank of Marin,2024.xlsx Marin clean,Check #5130 — PAYEE UNKNOWN,Check #5130,-255.0,11,Flowers,Business,11,Flowers,Business,,,,,
2026-01-20,2026,1,Bank of Marin,BoM master,Venmo — RECIPIENT UNKNOWN,Transfer to Venmo,-255.0,22,Venmo,Business,22,Venmo,Business,,,,,
2023-04-27,2023,4,Capital One CC,CC uploads,Mayesh Wholesale Flowers,Mayesh San Francisco,-255.51,11,Flowers,Business,11,Flowers,Business,,,,,
2026-04-02,2026,4,Capital One CC,CC uploads,Miguel Flowers,SQ *MIGUEL FLOWERS,-255.62,11,Flowers,Business,11,Flowers,Business,,,,,
2024-06-20,2024,6,Bank of Marin,2024.xlsx Marin clean,Venmo — RECIPIENT UNKNOWN,Transfer to Venmo,-256.0,22,Venmo,Business,22,Venmo,Business,,,,,
2023-11-01,2023,11,Bank of Marin,BoM master,Neve Bros,Neve Bros,-256.25,11,Flowers,Business,11,Flowers,Business,,,,,
2023-04-19,2023,4,Bank of Marin,BoM master,Neve Bros,Neve Bros,-256.25,11,Flowers,Business,11,Flowers,Business,,,,,
2023-08-28,2023,8,Bank of Marin,BoM master,Apple,Apple,-256.45,65,Entertainment,Personal,65,Entertainment,Personal,,,,,
2025-12-17,2025,12,Bank of Marin,2025 v3.xlsx,Venmo — RECIPIENT UNKNOWN,Transfer to Venmo,-257.0,22,Venmo,Business,22,Venmo,Business,,,,,
2026-05-05,2026,5,Bank of Marin,BoM master,California Department of Motor Vehicles,California Department of Motor Vehicles,-257.0,44,Car,Business,44,Car,Business,,,,,
2023-02-23,2023,2,Capital One CC,CC uploads,Mayesh Wholesale Flowers,Mayesh San Francisco,-257.05,11,Flowers,Business,11,Flowers,Business,,,,,
2024-06-01,2024,6,Capital One CC,2024.xlsx Capital 1 Clean,COSTANOA LODGE,COSTANOA LODGE,-257.15,67,Travel,Personal,67,Travel,Personal,,,,,
2026-02-05,2026,2,Capital One CC,CC uploads,SKIPPY COTTON FAIRE,SKIPPY COTTON FAIRE,-258.0,11,Flowers,Business,11,Flowers,Business,,,,,
2025-03-28,2025,3,Capital One CC,2025 v3.xlsx,Mayesh Wholesale Flowers,Mayesh San Francisco,-258.57,11,Flowers,Business,11,Flowers,Business,,,,,
2025-07-18,2025,7,Capital One CC,2025 v3.xlsx,Torchio Nursery,TORCHIO NURSERY COMPAN,-259.5,11,Flowers,Business,11,Flowers,Business,,,,,
2024-07-03,2024,7,Bank of Marin,2024.xlsx Marin clean,Venmo — RECIPIENT UNKNOWN,Transfer to Venmo,-260.0,22,Venmo,Business,22,Venmo,Business,,,,,
2025-06-30,2025,6,Bank of Marin,2025 v3.xlsx,Venmo — RECIPIENT UNKNOWN,Transfer to Venmo,-260.0,22,Venmo,Business,22,Venmo,Business,,,,,
2025-07-22,2025,7,Bank of Marin,2025 v3.xlsx,Venmo — RECIPIENT UNKNOWN,Transfer to Venmo,-260.0,22,Venmo,Business,22,Venmo,Business,,,,,
2023-09-21,2023,9,Capital One CC,CC uploads,FLORAL SUPPLY SYND #1,FLORAL SUPPLY SYND #1,-262.1,11,Flowers,Business,11,Flowers,Business,,,,,
2026-05-21,2026,5,Capital One CC,CC uploads,FLORAL SUPPLY SYND #1,FLORAL SUPPLY SYND #1,-262.5,11,Flowers,Business,11,Flowers,Business,,,,,
2025-04-22,2025,4,Capital One CC,2025 v3.xlsx,RINGCENTRAL INC.,RINGCENTRAL INC.,-262.69,61,Subscriptions,Personal,61,Subscriptions,Personal,,,,,
2023-09-19,2023,9,Bank of Marin,BoM master,AT&T,AT&T,-263.86,33,Utilities,Business,33,Utilities,Business,,,,,
2025-06-20,2025,6,Capital One CC,2025 v3.xlsx,Torchio Nursery,TORCHIO NURSERY COMPAN,-264.0,11,Flowers,Business,11,Flowers,Business,,,,,
2023-08-17,2023,8,Bank of Marin,BoM master,Neve Bros,Neve Bros,-264.45,11,Flowers,Business,11,Flowers,Business,,,,,
2024-11-25,2024,11,Capital One CC,2024.xlsx Capital 1 Clean,FLORAL SUPPLY SYND #1,FLORAL SUPPLY SYND #1,-264.75,11,Flowers,Business,11,Flowers,Business,,,,,
2023-12-18,2023,12,Bank of Marin,BoM master,Neve Bros,Neve Bros,-264.96,11,Flowers,Business,11,Flowers,Business,,,,,
2023-03-02,2023,3,Capital One CC,CC uploads,Mayesh Wholesale Flowers,Mayesh San Francisco,-265.2,11,Flowers,Business,11,Flowers,Business,,,,,
2026-02-04,2026,2,Capital One CC,CC uploads,FLORAL SUPPLY SYND #1,FLORAL SUPPLY SYND #1,-265.25,11,Flowers,Business,11,Flowers,Business,,,,,
2025-11-22,2025,11,Capital One CC,2025 v3.xlsx,Miguel Flowers,SQ *MIGUEL FLOWERS,-265.85,11,Flowers,Business,11,Flowers,Business,,,,,
2024-11-27,2024,11,Bank of Marin,2024.xlsx Marin clean,Venmo — RECIPIENT UNKNOWN,Transfer to Venmo,-266.0,22,Venmo,Business,22,Venmo,Business,,,,,
2025-12-10,2025,12,Bank of Marin,2025 v3.xlsx,Venmo — RECIPIENT UNKNOWN,Transfer to Venmo,-266.0,22,Venmo,Business,22,Venmo,Business,,,,,
2023-09-14,2023,9,Bank of Marin,BoM master,Neve Bros,Neve Bros,-266.5,11,Flowers,Business,11,Flowers,Business,,,,,
2023-12-08,2023,12,Capital One CC,CC uploads,Torchio Nursery,TORCHIO NURSERY COMPAN,-266.5,11,Flowers,Business,11,Flowers,Business,,,,,
2023-07-19,2023,7,Bank of Marin,BoM master,AT&T,AT&T,-266.68,33,Utilities,Business,33,Utilities,Business,,,,,
2023-06-20,2023,6,Bank of Marin,BoM master,AT&T,AT&T,-266.68,33,Utilities,Business,33,Utilities,Business,,,,,
2024-05-30,2024,5,Capital One CC,2024.xlsx Capital 1 Clean,COSTANOA LODGE,COSTANOA LODGE,-267.15,67,Travel,Personal,67,Travel,Personal,,,,,
2025-07-02,2025,7,Capital One CC,2025 v3.xlsx,Miguel Flowers,SQ *MIGUEL FLOWERS,-267.38,11,Flowers,Business,11,Flowers,Business,,,,,
2024-05-02,2024,5,Capital One CC,2024.xlsx Capital 1 Clean,FLORAL SUPPLY SYND #1,FLORAL SUPPLY SYND #1,-267.45,11,Flowers,Business,11,Flowers,Business,,,,,
2026-07-23,2026,7,Capital One CC,CC uploads,Grace Nursery,GRACE NURSERY INC,-267.92,11,Flowers,Business,11,Flowers,Business,,,,,
2024-03-26,2024,3,Bank of Marin,2024.xlsx Marin clean,Check #5133 — PAYEE UNKNOWN,Check #5133,-268.0,11,Flowers,Business,11,Flowers,Business,,,,,
2025-08-20,2025,8,Bank of Marin,2025 v3.xlsx,Venmo — RECIPIENT UNKNOWN,Transfer to Venmo,-268.0,22,Venmo,Business,22,Venmo,Business,,,,,
2023-04-21,2023,4,Capital One CC,CC uploads,Lupe Farm,LUPE FARM,-268.55,11,Flowers,Business,11,Flowers,Business,,,,,
2025-08-27,2025,8,Capital One CC,2025 v3.xlsx,Mayesh Wholesale Flowers,Mayesh San Francisco,-269.28,11,Flowers,Business,11,Flowers,Business,,,,,
2023-07-13,2023,7,Capital One CC,CC uploads,Mayesh Wholesale Flowers,Mayesh San Francisco,-269.28,11,Flowers,Business,11,Flowers,Business,,,,,
2023-05-22,2023,5,Bank of Marin,BoM master,AT&T,AT&T,-269.42,33,Utilities,Business,33,Utilities,Business,,,,,
2024-04-03,2024,4,Bank of Marin,2024.xlsx Marin clean,Venmo — RECIPIENT UNKNOWN,Transfer to Venmo,-270.0,22,Venmo,Business,22,Venmo,Business,,,,,
2025-09-08,2025,9,Bank of Marin,2025 v3.xlsx,Venmo — RECIPIENT UNKNOWN,Transfer to Venmo,-270.0,22,Venmo,Business,22,Venmo,Business,,,,,
2025-09-24,2025,9,Bank of Marin,2025 v3.xlsx,Venmo — RECIPIENT UNKNOWN,Transfer to Venmo,-270.0,22,Venmo,Business,22,Venmo,Business,,,,,
2023-11-02,2023,11,Capital One CC,CC uploads,Grace Nursery,GRACE NURSERY INC,-270.6,11,Flowers,Business,11,Flowers,Business,,,,,
2024-04-18,2024,4,Capital One CC,2024.xlsx Capital 1 Clean,FLORAL SUPPLY SYND #1,FLORAL SUPPLY SYND #1,-270.9,11,Flowers,Business,11,Flowers,Business,,,,,
2025-04-01,2025,4,Capital One CC,2025 v3.xlsx,SP LUNYA SLEEPWEAR,SP LUNYA SLEEPWEAR,-271.11,15,Merchandise,Business,15,Merchandise,Business,,,,,
2024-10-21,2024,10,Bank of Marin,2024.xlsx Marin clean,AT&T,AT&T,-271.33,33,Utilities,Business,33,Utilities,Business,,,,,
2024-11-13,2024,11,Bank of Marin,2024.xlsx Marin clean,Venmo — RECIPIENT UNKNOWN,Transfer to Venmo,-272.0,22,Venmo,Business,22,Venmo,Business,,,,,
2024-05-02,2024,5,Capital One CC,2024.xlsx Capital 1 Clean,Grace Nursery,GRACE NURSERY INC,-272.65,11,Flowers,Business,11,Flowers,Business,,,,,
2026-07-23,2026,7,Bank of Marin,BoM master,Neve Bros Inc Sf San Franc Ca,Neve Bros Inc Sf San Franc Ca,-273.0,11,Flowers,Business,11,Flowers,Business,,,,,
2023-03-07,2023,3,Capital One CC,CC uploads,Mayesh Wholesale Flowers,Mayesh San Francisco,-273.36,11,Flowers,Business,11,Flowers,Business,,,,,
2026-06-20,2026,6,Capital One CC,CC uploads,TST*AYAWASKA,TST*AYAWASKA,-273.41,43,Food,Business,43,Food,Business,,,,,
2026-03-12,2026,3,Capital One CC,CC uploads,FLORAL SUPPLY SYND #1,FLORAL SUPPLY SYND #1,-274.0,11,Flowers,Business,11,Flowers,Business,,,,,
2024-08-14,2024,8,Capital One CC,2024.xlsx Capital 1 Clean,GREENLAWNS,GREENLAWNS,-274.8,67,Travel,Personal,67,Travel,Personal,,,,,
2026-03-23,2026,3,Bank of Marin,BoM master,Venmo — RECIPIENT UNKNOWN,Transfer to Venmo,-275.0,22,Venmo,Business,22,Venmo,Business,,,,,
2024-10-15,2024,10,Bank of Marin,2024.xlsx Marin clean,Check #207 — PAYEE UNKNOWN,Check #207,-275.5,11,Flowers,Business,11,Flowers,Business,,,,,
2023-09-05,2023,9,Capital One CC,CC uploads,Torchio Nursery,TORCHIO NURSERY COMPAN,-276.0,11,Flowers,Business,11,Flowers,Business,,,,,
2023-11-06,2023,11,Bank of Marin,BoM master,Neve Bros,Neve Bros,-276.75,11,Flowers,Business,11,Flowers,Business,,,,,
2023-05-12,2023,5,Capital One CC,CC uploads,MT. EDEN FLORAL COMPAN,MT. EDEN FLORAL COMPAN,-276.81,15,Merchandise,Business,15,Merchandise,Business,,,,,
2023-09-14,2023,9,Capital One CC,CC uploads,FLORAL SUPPLY SYND #1,FLORAL SUPPLY SYND #1,-277.25,11,Flowers,Business,11,Flowers,Business,,,,,
2023-09-14,2023,9,Capital One CC,CC uploads,Mayesh Wholesale Flowers,Mayesh San Francisco,-277.44,11,Flowers,Business,11,Flowers,Business,,,,,
2025-07-17,2025,7,Bank of Marin,2025 v3.xlsx,Free People,Free People,-277.54,66,Clothing,Personal,66,Clothing,Personal,,,,,
2026-05-06,2026,5,Bank of Marin,BoM master,Floral Supply Synd,Floral Supply Synd,-277.59,11,Flowers,Business,11,Flowers,Business,,,,,
2025-04-14,2025,4,Bank of Marin,2025 v3.xlsx,Venmo — RECIPIENT UNKNOWN,Transfer to Venmo,-278.0,22,Venmo,Business,22,Venmo,Business,,,,,
2023-10-06,2023,10,Bank of Marin,BoM master,Neve Bros,Neve Bros,-278.29,11,Flowers,Business,11,Flowers,Business,,,,,
2024-05-11,2024,5,Capital One CC,2024.xlsx Capital 1 Clean,Mayesh Wholesale Flowers,Mayesh San Francisco,-278.46,11,Flowers,Business,11,Flowers,Business,,,,,
2024-01-07,2024,1,Capital One CC,2024.xlsx Capital 1 Clean,EUROPEAN SOAPS FAIRE,EUROPEAN SOAPS FAIRE,-279.0,11,Flowers,Business,11,Flowers,Business,,,,,
2023-05-08,2023,5,Capital One CC,CC uploads,LULULEMON BERKELEY,LULULEMON BERKELEY,-279.26,15,Merchandise,Business,15,Merchandise,Business,,,,,
2024-05-29,2024,5,Bank of Marin,2024.xlsx Marin clean,Venmo — RECIPIENT UNKNOWN,Transfer to Venmo,-280.0,22,Venmo,Business,22,Venmo,Business,,,,,
2024-08-12,2024,8,Bank of Marin,2024.xlsx Marin clean,Venmo — RECIPIENT UNKNOWN,Transfer to Venmo,-280.0,22,Venmo,Business,22,Venmo,Business,,,,,
2024-12-11,2024,12,Bank of Marin,2024.xlsx Marin clean,Venmo — RECIPIENT UNKNOWN,Transfer to Venmo,-280.0,22,Venmo,Business,22,Venmo,Business,,,,,
2026-06-23,2026,6,Bank of Marin,BoM master,Venmo — RECIPIENT UNKNOWN,Transfer to Venmo,-280.0,22,Venmo,Business,22,Venmo,Business,,,,,
2025-06-02,2025,6,Bank of Marin,2025 v3.xlsx,Venmo — RECIPIENT UNKNOWN,Transfer to Venmo,-281.0,22,Venmo,Business,22,Venmo,Business,,,,,
2023-08-31,2023,8,Bank of Marin,BoM master,Neve Bros,Neve Bros,-281.36,11,Flowers,Business,11,Flowers,Business,,,,,
2024-11-26,2024,11,Capital One CC,2024.xlsx Capital 1 Clean,Mayesh Wholesale Flowers,Mayesh San Francisco,-281.52,11,Flowers,Business,11,Flowers,Business,,,,,
2024-11-12,2024,11,Capital One CC,2024.xlsx Capital 1 Clean,BLUE PACIFIC FAIRE,BLUE PACIFIC FAIRE,-282.73,11,Flowers,Business,11,Flowers,Business,,,,,
2024-12-10,2024,12,Capital One CC,2024.xlsx Capital 1 Clean,Mayesh Wholesale Flowers,Mayesh San Francisco,-283.05,11,Flowers,Business,11,Flowers,Business,,,,,
2026-03-20,2026,3,Bank of Marin,BoM master,Mayesh Wholesale Flowers,Mayesh San Francis Co,-283.05,11,Flowers,Business,11,Flowers,Business,,,,,
2025-07-08,2025,7,Bank of Marin,2025 v3.xlsx,Neve Bros Inc Sf San Franc Ca,Neve Bros Inc Sf San Franc Ca,-284.0,11,Flowers,Business,11,Flowers,Business,,,,,
2025-11-05,2025,11,Bank of Marin,2025 v3.xlsx,Venmo — RECIPIENT UNKNOWN,Transfer to Venmo,-284.0,22,Venmo,Business,22,Venmo,Business,,,,,
2023-02-01,2023,2,Capital One CC,CC uploads,Torchio Nursery,TORCHIO NURSERY COMPAN,-284.0,11,Flowers,Business,11,Flowers,Business,,,,,
2024-04-25,2024,4,Capital One CC,2024.xlsx Capital 1 Clean,Mayesh Wholesale Flowers,Mayesh San Francisco,-284.07,11,Flowers,Business,11,Flowers,Business,,,,,
2024-11-01,2024,11,Capital One CC,2024.xlsx Capital 1 Clean,Mayesh Wholesale Flowers,Mayesh San Francisco,-284.59,11,Flowers,Business,11,Flowers,Business,,,,,
2025-10-24,2025,10,Capital One CC,2025 v3.xlsx,Miguel Flowers,SQ *MIGUEL FLOWERS,-284.77,11,Flowers,Business,11,Flowers,Business,,,,,
2024-05-02,2024,5,Bank of Marin,2024.xlsx Marin clean,Venmo — RECIPIENT UNKNOWN,Transfer to Venmo,-285.0,22,Venmo,Business,22,Venmo,Business,,,,,
2024-05-02,2024,5,Bank of Marin,2024.xlsx Marin clean,Venmo — RECIPIENT UNKNOWN,Transfer to Venmo,-285.0,22,Venmo,Business,22,Venmo,Business,,,,,
2023-12-04,2023,12,Capital One CC,CC uploads,ITOYA TOPDRAWER WEST B,ITOYA TOPDRAWER WEST B,-285.14,15,Merchandise,Business,15,Merchandise,Business,,,,,
2024-07-18,2024,7,Capital One CC,2024.xlsx Capital 1 Clean,Torchio Nursery,TORCHIO NURSERY COMPAN,-286.0,11,Flowers,Business,11,Flowers,Business,,,,,
2025-06-09,2025,6,Bank of Marin,2025 v3.xlsx,Venmo — RECIPIENT UNKNOWN,Transfer to Venmo,-286.0,22,Venmo,Business,22,Venmo,Business,,,,,
2023-05-04,2023,5,Capital One CC,CC uploads,Torchio Nursery,TORCHIO NURSERY COMPAN,-286.0,11,Flowers,Business,11,Flowers,Business,,,,,
2023-03-16,2023,3,Capital One CC,CC uploads,Torchio Nursery,TORCHIO NURSERY COMPAN,-286.0,11,Flowers,Business,11,Flowers,Business,,,,,
2026-05-08,2026,5,Capital One CC,CC uploads,Miguel Flowers,SQ *MIGUEL FLOWERS,-286.3,11,Flowers,Business,11,Flowers,Business,,,,,
2026-01-07,2026,1,Capital One CC,CC uploads,Miguel Flowers,SQ *MIGUEL FLOWERS,-286.3,11,Flowers,Business,11,Flowers,Business,,,,,
2024-11-06,2024,11,Bank of Marin,2024.xlsx Marin clean,Venmo — RECIPIENT UNKNOWN,Transfer to Venmo,-287.0,22,Venmo,Business,22,Venmo,Business,,,,,
2023-11-10,2023,11,Bank of Marin,BoM master,Neve Bros,Neve Bros,-287.51,11,Flowers,Business,11,Flowers,Business,,,,,
2023-05-04,2023,5,Capital One CC,CC uploads,FLORAL SUPPLY SYND #1,FLORAL SUPPLY SYND #1,-288.0,11,Flowers,Business,11,Flowers,Business,,,,,
2023-09-18,2023,9,Bank of Marin,BoM master,Neve Bros,Neve Bros,-288.03,11,Flowers,Business,11,Flowers,Business,,,,,
2023-11-16,2023,11,Capital One CC,CC uploads,Mayesh Wholesale Flowers,Mayesh San Francisco,-289.17,11,Flowers,Business,11,Flowers,Business,,,,,
2023-04-10,2023,4,Bank of Marin,BoM master,Floral Supply Synd,Floral Supply Synd,-289.65,11,Flowers,Business,11,Flowers,Business,,,,,
2024-06-05,2024,6,Capital One CC,2024.xlsx Capital 1 Clean,GOOGLE*ADS5237369439,GOOGLE*ADS5237369439,-289.85,23,Ads & Subscriptions,Business,23,Ads & Subscriptions,Business,,,,,
2024-04-01,2024,4,Capital One CC,2024.xlsx Capital 1 Clean,GOOGLE *ADS5237369439,GOOGLE *ADS5237369439,-289.94,23,Ads & Subscriptions,Business,23,Ads & Subscriptions,Business,,,,,
2025-08-12,2025,8,Bank of Marin,2025 v3.xlsx,Check #5246 — PAYEE UNKNOWN,Check #5246,-290.0,11,Flowers,Business,11,Flowers,Business,,,,,
2023-10-24,2023,10,Capital One CC,CC uploads,Torchio Nursery,TORCHIO NURSERY COMPAN,-290.5,11,Flowers,Business,11,Flowers,Business,,,,,
2026-07-06,2026,7,Bank of Marin,BoM master,CA Dept of Tax (CDTFA),CDTFA Tax Payment,-291.0,12,Tax,Business,12,Tax,Business,,,,,
2023-10-18,2023,10,Bank of Marin,BoM master,Neve Bros,Neve Bros,-291.1,11,Flowers,Business,11,Flowers,Business,,,,,
2023-08-08,2023,8,Capital One CC,CC uploads,Torchio Nursery,TORCHIO NURSERY COMPAN,-291.5,11,Flowers,Business,11,Flowers,Business,,,,,
2026-03-06,2026,3,Capital One CC,CC uploads,THE HOME DEPOT #1007,THE HOME DEPOT #1007,-291.84,15,Merchandise,Business,15,Merchandise,Business,,,,,
2024-10-07,2024,10,Bank of Marin,2024.xlsx Marin clean,Check #5189 — PAYEE UNKNOWN,Check #5189,-292.0,11,Flowers,Business,11,Flowers,Business,,,,,
2023-08-25,2023,8,Bank of Marin,BoM master,Neve Bros,Neve Bros,-292.13,11,Flowers,Business,11,Flowers,Business,,,,,
2024-04-18,2024,4,Capital One CC,2024.xlsx Capital 1 Clean,Mayesh Wholesale Flowers,Mayesh San Francisco,-292.23,11,Flowers,Business,11,Flowers,Business,,,,,
2025-04-16,2025,4,Capital One CC,2025 v3.xlsx,Mayesh Wholesale Flowers,Mayesh San Francisco,-292.23,11,Flowers,Business,11,Flowers,Business,,,,,
2025-09-12,2025,9,Capital One CC,2025 v3.xlsx,Torchio Nursery,TORCHIO NURSERY COMPAN,-292.5,11,Flowers,Business,11,Flowers,Business,,,,,
2023-11-20,2023,11,Bank of Marin,BoM master,Neve Bros,Neve Bros,-292.64,11,Flowers,Business,11,Flowers,Business,,,,,
2024-04-04,2024,4,Capital One CC,2024.xlsx Capital 1 Clean,Mayesh Wholesale Flowers,Mayesh San Francisco,-293.25,11,Flowers,Business,11,Flowers,Business,,,,,
2024-02-16,2024,2,Bank of Marin,2024.xlsx Marin clean,Check #5118 — PAYEE UNKNOWN,Check #5118,-294.0,11,Flowers,Business,11,Flowers,Business,,,,,
2024-03-28,2024,3,Capital One CC,2024.xlsx Capital 1 Clean,Torchio Nursery,TORCHIO NURSERY COMPAN,-294.0,11,Flowers,Business,11,Flowers,Business,,,,,
2023-08-15,2023,8,Capital One CC,CC uploads,FLORAL SUPPLY SYND #1,FLORAL SUPPLY SYND #1,-294.0,11,Flowers,Business,11,Flowers,Business,,,,,
2026-04-28,2026,4,Capital One CC,CC uploads,LOVEJOY FARMS PR FAIRE,LOVEJOY FARMS PR FAIRE,-294.21,11,Flowers,Business,11,Flowers,Business,,,,,
2026-04-14,2026,4,Capital One CC,CC uploads,Mayesh Wholesale Flowers,Mayesh - San Francisco,-294.27,11,Flowers,Business,11,Flowers,Business,,,,,
2026-01-07,2026,1,Capital One CC,CC uploads,Mayesh Wholesale Flowers,Mayesh San Francisco,-294.27,11,Flowers,Business,11,Flowers,Business,,,,,
2024-05-30,2024,5,Capital One CC,2024.xlsx Capital 1 Clean,Mayesh Wholesale Flowers,Mayesh San Francisco,-294.48,11,Flowers,Business,11,Flowers,Business,,,,,
2024-03-11,2024,3,Bank of Marin,2024.xlsx Marin clean,Check #5129 — PAYEE UNKNOWN,Check #5129,-295.0,11,Flowers,Business,11,Flowers,Business,,,,,
2023-11-10,2023,11,Bank of Marin,BoM master,Encinal Market,Encinal Market,-295.49,42,Misc,Business,42,Misc,Business,,,,,
2023-04-25,2023,4,Capital One CC,CC uploads,Torchio Nursery,TORCHIO NURSERY COMPAN,-295.5,11,Flowers,Business,11,Flowers,Business,,,,,
2024-10-17,2024,10,Capital One CC,2024.xlsx Capital 1 Clean,Mayesh Wholesale Flowers,Mayesh San Francisco,-295.8,11,Flowers,Business,11,Flowers,Business,,,,,
2024-06-27,2024,6,Bank of Marin,2024.xlsx Marin clean,Lunya Sleepwear Httpsluny Ca,Lunya Sleepwear Httpsluny Ca,-296.81,42,Misc,Business,42,Misc,Business,,,,,
2024-07-02,2024,7,Capital One CC,2024.xlsx Capital 1 Clean,Torchio Nursery,TORCHIO NURSERY COMPAN,-297.0,11,Flowers,Business,11,Flowers,Business,,,,,
2025-06-20,2025,6,Bank of Marin,2025 v3.xlsx,Neve Bros Inc Sf San Franc Ca,Neve Bros Inc Sf San Franc Ca,-297.5,11,Flowers,Business,11,Flowers,Business,,,,,
2025-01-10,2025,1,Capital One CC,2025 v3.xlsx,Torchio Nursery,TORCHIO NURSERY COMPAN,-298.0,11,Flowers,Business,11,Flowers,Business,,,,,
2023-01-31,2023,1,Capital One CC,CC uploads,Torchio Nursery,TORCHIO NURSERY COMPAN,-298.0,11,Flowers,Business,11,Flowers,Business,,,,,
2023-03-10,2023,3,Capital One CC,CC uploads,Lupe Farm,LUPE FARM,-298.28,11,Flowers,Business,11,Flowers,Business,,,,,
2025-11-28,2025,11,Capital One CC,2025 v3.xlsx,Torchio Nursery,TORCHIO NURSERY COMPAN,-298.5,11,Flowers,Business,11,Flowers,Business,,,,,
2023-08-01,2023,8,Capital One CC,CC uploads,MT. EDEN FLORAL COMPAN,MT. EDEN FLORAL COMPAN,-298.58,15,Merchandise,Business,15,Merchandise,Business,,,,,
2024-04-04,2024,4,Capital One CC,2024.xlsx Capital 1 Clean,FLORAL SUPPLY SYND #1,FLORAL SUPPLY SYND #1,-298.85,11,Flowers,Business,11,Flowers,Business,,,,,
2024-04-22,2024,4,Bank of Marin,2024.xlsx Marin clean,Venmo — RECIPIENT UNKNOWN,Transfer to Venmo,-300.0,22,Venmo,Business,22,Venmo,Business,,,,,
2024-05-14,2024,5,Bank of Marin,2024.xlsx Marin clean,Venmo — RECIPIENT UNKNOWN,Transfer to Venmo,-300.0,22,Venmo,Business,22,Venmo,Business,,,,,
2024-07-25,2024,7,Bank of Marin,2024.xlsx Marin clean,Venmo — RECIPIENT UNKNOWN,Transfer to Venmo,-300.0,22,Venmo,Business,22,Venmo,Business,,,,,
2024-09-25,2024,9,Bank of Marin,2024.xlsx Marin clean,Venmo — RECIPIENT UNKNOWN,Transfer to Venmo,-300.0,22,Venmo,Business,22,Venmo,Business,,,,,
2025-01-27,2025,1,Bank of Marin,2025 v3.xlsx,Venmo — RECIPIENT UNKNOWN,Transfer to Venmo,-300.0,22,Venmo,Business,22,Venmo,Business,,,,,
2025-03-12,2025,3,Bank of Marin,2025 v3.xlsx,Venmo — RECIPIENT UNKNOWN,Transfer to Venmo,-300.0,22,Venmo,Business,22,Venmo,Business,,,,,
2025-03-12,2025,3,Bank of Marin,2025 v3.xlsx,Venmo — RECIPIENT UNKNOWN,Transfer to Venmo,-300.0,22,Venmo,Business,22,Venmo,Business,,,,,
2025-07-16,2025,7,Bank of Marin,2025 v3.xlsx,Venmo — RECIPIENT UNKNOWN,Transfer to Venmo,-300.0,22,Venmo,Business,22,Venmo,Business,,,,,
2026-06-03,2026,6,Bank of Marin,BoM master,Venmo — RECIPIENT UNKNOWN,Transfer to Venmo,-300.0,22,Venmo,Business,22,Venmo,Business,,,,,
2023-02-28,2023,2,Bank of Marin,BoM master,Check #5003 — PAYEE UNKNOWN,Check #5003,-300.0,11,Flowers,Business,11,Flowers,Business,,,,,
2023-02-28,2023,2,Capital One CC,CC uploads,COAST WHOLESALE FLORIS,COAST WHOLESALE FLORIS,-300.0,11,Flowers,Business,11,Flowers,Business,,,,,
2026-02-15,2026,2,Capital One CC,CC uploads,THEFARMERSDOG.COM,THEFARMERSDOG.COM,-300.4,15,Merchandise,Business,15,Merchandise,Business,,,,,
2024-01-17,2024,1,Capital One CC,2024.xlsx Capital 1 Clean,Torchio Nursery,TORCHIO NURSERY COMPAN,-300.5,11,Flowers,Business,11,Flowers,Business,,,,,
2023-12-01,2023,12,Capital One CC,CC uploads,Google ADS5237369439,Google ADS5237369439,-300.53,23,Ads & Subscriptions,Business,23,Ads & Subscriptions,Business,,,,,
2023-05-04,2023,5,Capital One CC,CC uploads,FLORAL SUPPLY SYND #1,FLORAL SUPPLY SYND #1,-300.75,11,Flowers,Business,11,Flowers,Business,,,,,
2026-07-23,2026,7,Bank of Marin,BoM master,Neve Bros Inc Sf San Franc Ca,Neve Bros Inc Sf San Franc Ca,-301.0,11,Flowers,Business,11,Flowers,Business,,,,,
2026-07-16,2026,7,Bank of Marin,BoM master,Neve Bros Inc Sf San Franc Ca,Neve Bros Inc Sf San Franc Ca,-302.0,11,Flowers,Business,11,Flowers,Business,,,,,
2023-05-25,2023,5,Capital One CC,CC uploads,YURI VEBER DDS,YURI VEBER DDS,-302.5,42,Misc,Business,42,Misc,Business,,,,,
2023-11-01,2023,11,Capital One CC,CC uploads,Google ADS5237369439,Google ADS5237369439,-302.53,23,Ads & Subscriptions,Business,23,Ads & Subscriptions,Business,,,,,
2026-03-16,2026,3,Bank of Marin,BoM master,Venmo — RECIPIENT UNKNOWN,Transfer to Venmo,-303.0,22,Venmo,Business,22,Venmo,Business,,,,,
2024-01-01,2024,1,Capital One CC,2024.xlsx Capital 1 Clean,Google ADS5237369439,Google ADS5237369439,-303.32,23,Ads & Subscriptions,Business,23,Ads & Subscriptions,Business,,,,,
2026-03-15,2026,3,Capital One CC,CC uploads,AGENCIA RESERVACIONES,AGENCIA RESERVACIONES,-303.94,15,Merchandise,Business,15,Merchandise,Business,,,,,
2024-02-15,2024,2,Capital One CC,2024.xlsx Capital 1 Clean,Mayesh Wholesale Flowers,Mayesh San Francisco,-303.96,11,Flowers,Business,11,Flowers,Business,,,,,
2023-08-10,2023,8,Capital One CC,CC uploads,Mayesh Wholesale Flowers,Mayesh San Francisco,-303.96,11,Flowers,Business,11,Flowers,Business,,,,,
2024-03-19,2024,3,Bank of Marin,2024.xlsx Marin clean,Check #5125 — PAYEE UNKNOWN,Check #5125,-304.0,11,Flowers,Business,11,Flowers,Business,,,,,
2024-08-02,2024,8,Bank of Marin,2024.xlsx Marin clean,Check #5182 — PAYEE UNKNOWN,Check #5182,-304.0,11,Flowers,Business,11,Flowers,Business,,,,,
2025-01-22,2025,1,Capital One CC,2025 v3.xlsx,UNITED    01624531254625,UNITED    01624531254625,-304.47,67,Travel,Personal,67,Travel,Personal,,,,,
2023-05-16,2023,5,Bank of Marin,BoM master,Check #5032 — PAYEE UNKNOWN,Check #5032,-305.0,11,Flowers,Business,11,Flowers,Business,,,,,
2023-11-30,2023,11,Capital One CC,CC uploads,Torchio Nursery,TORCHIO NURSERY COMPAN,-305.5,11,Flowers,Business,11,Flowers,Business,,,,,
2025-03-20,2025,3,Capital One CC,2025 v3.xlsx,WANDERLUST PAPER FAIRE,WANDERLUST PAPER FAIRE,-305.52,11,Flowers,Business,11,Flowers,Business,,,,,
2024-05-02,2024,5,Bank of Marin,2024.xlsx Marin clean,California Department of Motor Vehicles,California Department of Motor Vehicles,-306.0,44,Car,Business,44,Car,Business,,,,,
2024-12-18,2024,12,Bank of Marin,2024.xlsx Marin clean,Venmo — RECIPIENT UNKNOWN,Transfer to Venmo,-306.0,22,Venmo,Business,22,Venmo,Business,,,,,
2024-07-23,2024,7,Bank of Marin,2024.xlsx Marin clean,Mother Denim,Mother Denim,-306.34,42,Misc,Business,42,Misc,Business,,,,,
2023-11-30,2023,11,Capital One CC,CC uploads,Mayesh Wholesale Flowers,Mayesh San Francisco,-306.51,11,Flowers,Business,11,Flowers,Business,,,,,
2024-09-30,2024,9,Bank of Marin,2024.xlsx Marin clean,Check #5178 — PAYEE UNKNOWN,Check #5178,-308.0,11,Flowers,Business,11,Flowers,Business,,,,,
2024-03-27,2024,3,Capital One CC,2024.xlsx Capital 1 Clean,Mayesh Wholesale Flowers,Mayesh San Francisco,-308.05,11,Flowers,Business,11,Flowers,Business,,,,,
2026-03-26,2026,3,Capital One CC,CC uploads,FLORAL SUPPLY SYND #1,FLORAL SUPPLY SYND #1,-308.1,11,Flowers,Business,11,Flowers,Business,,,,,
2025-11-07,2025,11,Capital One CC,2025 v3.xlsx,Miguel Flowers,SQ *MIGUEL FLOWERS,-308.28,11,Flowers,Business,11,Flowers,Business,,,,,
2023-03-21,2023,3,Capital One CC,CC uploads,Mayesh Wholesale Flowers,Mayesh San Francisco,-309.06,11,Flowers,Business,11,Flowers,Business,,,,,
2025-10-15,2025,10,Bank of Marin,2025 v3.xlsx,Venmo — RECIPIENT UNKNOWN,Transfer to Venmo,-310.0,22,Venmo,Business,22,Venmo,Business,,,,,
2023-11-27,2023,11,Bank of Marin,BoM master,Neve Bros,Neve Bros,-310.06,11,Flowers,Business,11,Flowers,Business,,,,,
2026-02-21,2026,2,Capital One CC,CC uploads,"THE REALREAL, INC","THE REALREAL, INC",-311.66,15,Merchandise,Business,15,Merchandise,Business,,,,,
2025-04-22,2025,4,Capital One CC,2025 v3.xlsx,RINGCENTRAL INC.,RINGCENTRAL INC.,-313.41,61,Subscriptions,Personal,61,Subscriptions,Personal,,,,,
2025-05-02,2025,5,Capital One CC,2025 v3.xlsx,Torchio Nursery,TORCHIO NURSERY COMPAN,-315.0,11,Flowers,Business,11,Flowers,Business,,,,,
2023-11-28,2023,11,Capital One CC,CC uploads,SAN FRANCISCO SYMPHONY,SAN FRANCISCO SYMPHONY,-315.0,14,Materials,Business,14,Materials,Business,,,,,
2023-05-15,2023,5,Capital One CC,CC uploads,HIGH STREET 100 HAND C,HIGH STREET 100 HAND C,-315.0,31,Car (shop),Business,31,Car (shop),Business,,,,,
2023-10-27,2023,10,Bank of Marin,BoM master,Neve Bros,Neve Bros,-315.19,11,Flowers,Business,11,Flowers,Business,,,,,
2024-04-10,2024,4,Bank of Marin,2024.xlsx Marin clean,Venmo — RECIPIENT UNKNOWN,Transfer to Venmo,-316.0,22,Venmo,Business,22,Venmo,Business,,,,,
2024-10-10,2024,10,Capital One CC,2024.xlsx Capital 1 Clean,Mayesh Wholesale Flowers,Mayesh San Francisco,-316.71,11,Flowers,Business,11,Flowers,Business,,,,,
2025-09-29,2025,9,Bank of Marin,2025 v3.xlsx,Venmo — RECIPIENT UNKNOWN,Transfer to Venmo,-317.0,22,Venmo,Business,22,Venmo,Business,,,,,
2025-05-20,2025,5,Capital One CC,2025 v3.xlsx,ENCINAL NURSERY,ENCINAL NURSERY,-318.15,11,Flowers,Business,11,Flowers,Business,,,,,
2024-11-05,2024,11,Capital One CC,2024.xlsx Capital 1 Clean,Mayesh Wholesale Flowers,Mayesh San Francisco,-319.26,11,Flowers,Business,11,Flowers,Business,,,,,
2026-02-25,2026,2,Bank of Marin,BoM master,Venmo — RECIPIENT UNKNOWN,Transfer to Venmo,-320.0,22,Venmo,Business,22,Venmo,Business,,,,,
2023-03-09,2023,3,Capital One CC,CC uploads,COAST WHOLESALE FLORIS,COAST WHOLESALE FLORIS,-320.0,11,Flowers,Business,11,Flowers,Business,,,,,
2023-02-01,2023,2,Capital One CC,CC uploads,Mayesh Wholesale Flowers,Mayesh San Francisco,-320.28,11,Flowers,Business,11,Flowers,Business,,,,,
2023-12-08,2023,12,Bank of Marin,BoM master,Neve Bros,Neve Bros,-320.31,11,Flowers,Business,11,Flowers,Business,,,,,
2024-04-04,2024,4,Capital One CC,2024.xlsx Capital 1 Clean,Grace Nursery,GRACE NURSERY INC,-320.57,11,Flowers,Business,11,Flowers,Business,,,,,
2026-07-17,2026,7,Bank of Marin,BoM master,Mayesh Wholesale Flowers,Mayesh San Franc Isco,-321.81,11,Flowers,Business,11,Flowers,Business,,,,,
2023-04-13,2023,4,Capital One CC,CC uploads,COAST WHOLESALE FLORIS,COAST WHOLESALE FLORIS,-322.0,11,Flowers,Business,11,Flowers,Business,,,,,
2024-08-01,2024,8,Capital One CC,2024.xlsx Capital 1 Clean,Torchio Nursery,TORCHIO NURSERY COMPAN,-323.5,11,Flowers,Business,11,Flowers,Business,,,,,
2024-12-11,2024,12,Capital One CC,2024.xlsx Capital 1 Clean,Mayesh Wholesale Flowers,Mayesh San Francisco,-323.85,11,Flowers,Business,11,Flowers,Business,,,,,
2024-05-07,2024,5,Bank of Marin,2024.xlsx Marin clean,Venmo — RECIPIENT UNKNOWN,Transfer to Venmo,-324.0,22,Venmo,Business,22,Venmo,Business,,,,,
2024-06-13,2024,6,Capital One CC,2024.xlsx Capital 1 Clean,SQUARESPACE 135589314,SQUARESPACE 135589314,-324.0,61,Subscriptions,Personal,61,Subscriptions,Personal,,,,,
2023-06-13,2023,6,Capital One CC,CC uploads,SQUARESPACE INC.,SQUARESPACE INC.,-324.0,42,Misc,Business,42,Misc,Business,,,,,
2026-03-17,2026,3,Bank of Marin,BoM master,IRS Tax Payment,IRS Tax Payment,-325.0,12,Tax,Business,12,Tax,Business,,,,,
2026-04-14,2026,4,Capital One CC,CC uploads,FLORAL SUPPLY SYND #1,FLORAL SUPPLY SYND #1,-325.35,11,Flowers,Business,11,Flowers,Business,,,,,
2025-12-05,2025,12,Capital One CC,2025 v3.xlsx,Mayesh Wholesale Flowers,Mayesh San Francisco,-325.89,11,Flowers,Business,11,Flowers,Business,,,,,
2024-02-13,2024,2,Bank of Marin,2024.xlsx Marin clean,Check #5115 — PAYEE UNKNOWN,Check #5115,-326.0,11,Flowers,Business,11,Flowers,Business,,,,,
2024-06-12,2024,6,Bank of Marin,2024.xlsx Marin clean,Venmo — RECIPIENT UNKNOWN,Transfer to Venmo,-326.0,22,Venmo,Business,22,Venmo,Business,,,,,
2025-02-11,2025,2,Bank of Marin,2025 v3.xlsx,Venmo — RECIPIENT UNKNOWN,Transfer to Venmo,-326.0,22,Venmo,Business,22,Venmo,Business,,,,,
2024-06-18,2024,6,Bank of Marin,2024.xlsx Marin clean,AT&T,AT&T,-326.17,33,Utilities,Business,33,Utilities,Business,,,,,
2025-12-05,2025,12,Capital One CC,2025 v3.xlsx,Torchio Nursery,TORCHIO NURSERY COMPAN,-326.5,11,Flowers,Business,11,Flowers,Business,,,,,
2023-03-21,2023,3,Capital One CC,CC uploads,FLORAL SUPPLY SYND #1,FLORAL SUPPLY SYND #1,-326.75,11,Flowers,Business,11,Flowers,Business,,,,,
2024-05-23,2024,5,Capital One CC,2024.xlsx Capital 1 Clean,Torchio Nursery,TORCHIO NURSERY COMPAN,-327.5,11,Flowers,Business,11,Flowers,Business,,,,,
2023-10-26,2023,10,Capital One CC,CC uploads,Mayesh Wholesale Flowers,Mayesh San Francisco,-327.93,11,Flowers,Business,11,Flowers,Business,,,,,
2023-05-10,2023,5,Bank of Marin,BoM master,Neve Bros,Neve Bros,-328.0,11,Flowers,Business,11,Flowers,Business,,,,,
2023-04-27,2023,4,Capital One CC,CC uploads,Torchio Nursery,TORCHIO NURSERY COMPAN,-328.0,11,Flowers,Business,11,Flowers,Business,,,,,
2023-10-17,2023,10,Capital One CC,CC uploads,Torchio Nursery,TORCHIO NURSERY COMPAN,-328.5,11,Flowers,Business,11,Flowers,Business,,,,,
2025-11-19,2025,11,Capital One CC,2025 v3.xlsx,NATURALIZER,NATURALIZER,-329.46,15,Merchandise,Business,15,Merchandise,Business,,,,,
2024-04-25,2024,4,Capital One CC,2024.xlsx Capital 1 Clean,Torchio Nursery,TORCHIO NURSERY COMPAN,-330.0,11,Flowers,Business,11,Flowers,Business,,,,,
2026-06-10,2026,6,Bank of Marin,BoM master,Venmo — RECIPIENT UNKNOWN,Transfer to Venmo,-330.0,22,Venmo,Business,22,Venmo,Business,,,,,
2026-04-22,2026,4,Bank of Marin,BoM master,Venmo — RECIPIENT UNKNOWN,Transfer to Venmo,-330.0,22,Venmo,Business,22,Venmo,Business,,,,,
2023-08-03,2023,8,Capital One CC,CC uploads,Torchio Nursery,TORCHIO NURSERY COMPAN,-330.0,11,Flowers,Business,11,Flowers,Business,,,,,
2026-06-30,2026,6,Capital One CC,CC uploads,Mayesh Wholesale Flowers,Mayesh - San Francisco,-330.39,11,Flowers,Business,11,Flowers,Business,,,,,
2023-10-26,2023,10,Capital One CC,CC uploads,Torchio Nursery,TORCHIO NURSERY COMPAN,-333.5,11,Flowers,Business,11,Flowers,Business,,,,,
2025-11-12,2025,11,Bank of Marin,2025 v3.xlsx,Venmo — RECIPIENT UNKNOWN,Transfer to Venmo,-334.0,22,Venmo,Business,22,Venmo,Business,,,,,
2025-05-09,2025,5,Capital One CC,2025 v3.xlsx,Mayesh Wholesale Flowers,Mayesh San Francisco,-334.05,11,Flowers,Business,11,Flowers,Business,,,,,
2025-04-22,2025,4,Bank of Marin,2025 v3.xlsx,Neve Bros Inc Sf San Franc Ca,Neve Bros Inc Sf San Franc Ca,-335.0,11,Flowers,Business,11,Flowers,Business,,,,,
2024-09-09,2024,9,Bank of Marin,2024.xlsx Marin clean,Venmo — RECIPIENT UNKNOWN,Transfer to Venmo,-336.0,22,Venmo,Business,22,Venmo,Business,,,,,
2026-06-13,2026,6,Capital One CC,CC uploads,SQSP* WEBSIT#238490329,SQSP* WEBSIT#238490329,-336.0,42,Misc,Business,42,Misc,Business,,,,,
2024-09-13,2024,9,Capital One CC,2024.xlsx Capital 1 Clean,Mayesh Wholesale Flowers,Mayesh San Francisco,-336.61,11,Flowers,Business,11,Flowers,Business,,,,,
2023-02-16,2023,2,Capital One CC,CC uploads,FLORAL SUPPLY SYND #1,FLORAL SUPPLY SYND #1,-337.0,11,Flowers,Business,11,Flowers,Business,,,,,
2023-02-07,2023,2,Capital One CC,CC uploads,COAST WHOLESALE FLORIS,COAST WHOLESALE FLORIS,-337.0,11,Flowers,Business,11,Flowers,Business,,,,,
2024-07-23,2024,7,Capital One CC,2024.xlsx Capital 1 Clean,Mayesh Wholesale Flowers,Mayesh San Francisco,-337.11,11,Flowers,Business,11,Flowers,Business,,,,,
2024-04-01,2024,4,Capital One CC,2024.xlsx Capital 1 Clean,SPIRIT AI 48703873785140,SPIRIT AI 48703873785140,-337.18,67,Travel,Personal,67,Travel,Personal,,,,,
2024-02-08,2024,2,Capital One CC,2024.xlsx Capital 1 Clean,FLORAL SUPPLY SYND #1,FLORAL SUPPLY SYND #1,-337.4,11,Flowers,Business,11,Flowers,Business,,,,,
2026-02-24,2026,2,Capital One CC,CC uploads,Miguel Flowers,SQ *MIGUEL FLOWERS,-337.42,11,Flowers,Business,11,Flowers,Business,,,,,
2025-07-25,2025,7,Bank of Marin,2025 v3.xlsx,Check #5228 — PAYEE UNKNOWN,Check #5228,-337.62,11,Flowers,Business,11,Flowers,Business,,,,,
2023-09-06,2023,9,Bank of Marin,BoM master,Floral Supply Synd,Floral Supply Synd,-338.0,11,Flowers,Business,11,Flowers,Business,,,,,
2023-10-11,2023,10,Bank of Marin,BoM master,Check #5098 — PAYEE UNKNOWN,Check #5098,-338.6,11,Flowers,Business,11,Flowers,Business,,,,,
2025-08-06,2025,8,Bank of Marin,2025 v3.xlsx,Check #5233 — PAYEE UNKNOWN,Check #5233,-338.64,11,Flowers,Business,11,Flowers,Business,,,,,
2026-04-30,2026,4,Capital One CC,CC uploads,Grace Nursery,GRACE NURSERY INC,-339.87,11,Flowers,Business,11,Flowers,Business,,,,,
2026-01-15,2026,1,Capital One CC,CC uploads,Miguel Flowers,SQ *MIGUEL FLOWERS,-339.98,11,Flowers,Business,11,Flowers,Business,,,,,
2024-08-13,2024,8,Capital One CC,2024.xlsx Capital 1 Clean,MODHER FAIRE,MODHER FAIRE,-340.0,11,Flowers,Business,11,Flowers,Business,,,,,
2026-07-20,2026,7,Bank of Marin,BoM master,Venmo — RECIPIENT UNKNOWN,Transfer to Venmo,-340.0,22,Venmo,Business,22,Venmo,Business,,,,,
2023-10-05,2023,10,Capital One CC,CC uploads,Torchio Nursery,TORCHIO NURSERY COMPAN,-340.5,11,Flowers,Business,11,Flowers,Business,,,,,
2025-12-04,2025,12,Capital One CC,2025 v3.xlsx,AMAZON MKTPL*BI23D8082,AMAZON MKTPL*BI23D8082,-340.6,62,Amazon,Personal,62,Amazon,Personal,,,,,
2023-06-08,2023,6,Capital One CC,CC uploads,MT EDEN FLORAL COMPANY,MT EDEN FLORAL COMPANY,-340.78,11,Flowers,Business,11,Flowers,Business,,,,,
2024-02-02,2024,2,Bank of Marin,2024.xlsx Marin clean,CA Dept of Tax (CDTFA),CDTFA Tax Payment,-342.0,12,Tax,Business,12,Tax,Business,,,,,
2024-12-05,2024,12,Capital One CC,2024.xlsx Capital 1 Clean,Torchio Nursery,TORCHIO NURSERY COMPAN,-342.0,11,Flowers,Business,11,Flowers,Business,,,,,
2024-01-05,2024,1,Bank of Marin,2024.xlsx Marin clean,CA Dept of Tax (CDTFA),CDTFA Tax Payment,-343.0,12,Tax,Business,12,Tax,Business,,,,,
2024-12-15,2024,12,Capital One CC,2024.xlsx Capital 1 Clean,HOOPLA STYLE FAIRE,HOOPLA STYLE FAIRE,-343.0,11,Flowers,Business,11,Flowers,Business,,,,,
2023-04-06,2023,4,Capital One CC,CC uploads,Mayesh Wholesale Flowers,Mayesh San Francisco,-343.23,11,Flowers,Business,11,Flowers,Business,,,,,
2025-09-10,2025,9,Capital One CC,2025 v3.xlsx,Grace Nursery,GRACE NURSERY INC,-343.27,11,Flowers,Business,11,Flowers,Business,,,,,
2025-09-03,2025,9,Capital One CC,2025 v3.xlsx,Mayesh Wholesale Flowers,Mayesh San Francisco,-345.27,11,Flowers,Business,11,Flowers,Business,,,,,
2023-02-21,2023,2,Bank of Marin,BoM master,AT&T,AT&T,-345.59,33,Utilities,Business,33,Utilities,Business,,,,,
2026-06-30,2026,6,Capital One CC,CC uploads,FLORAL SUPPLY SYND #1,FLORAL SUPPLY SYND #1,-346.15,11,Flowers,Business,11,Flowers,Business,,,,,
2026-01-15,2026,1,Bank of Marin,BoM master,Check #5184 — PAYEE UNKNOWN,Check #5184,-346.2,11,Flowers,Business,11,Flowers,Business,,,,,
2024-01-26,2024,1,Capital One CC,2024.xlsx Capital 1 Clean,FARMERS INS BILLING,FARMERS INS BILLING,-346.7,34,Insurance,Business,34,Insurance,Business,,,,,
2023-01-10,2023,1,Capital One CC,CC uploads,Torchio Nursery,TORCHIO NURSERY COMPAN,-347.0,11,Flowers,Business,11,Flowers,Business,,,,,
2024-05-29,2024,5,Bank of Marin,2024.xlsx Marin clean,High Street Ha Nd,High Street Ha Nd,-350.0,42,Misc,Business,42,Misc,Business,,,,,
2024-03-12,2024,3,Capital One CC,2024.xlsx Capital 1 Clean,Torchio Nursery,TORCHIO NURSERY COMPAN,-350.0,11,Flowers,Business,11,Flowers,Business,,,,,
2025-05-01,2025,5,Bank of Marin,2025 v3.xlsx,Neve Bros Inc Sf San Franc Ca,Neve Bros Inc Sf San Franc Ca,-350.0,11,Flowers,Business,11,Flowers,Business,,,,,
2023-05-22,2023,5,Bank of Marin,BoM master,Check #5014 — PAYEE UNKNOWN,Check #5014,-350.0,11,Flowers,Business,11,Flowers,Business,,,,,
2026-04-14,2026,4,Capital One CC,CC uploads,Miguel Flowers,SQ *MIGUEL FLOWERS,-350.72,11,Flowers,Business,11,Flowers,Business,,,,,
2025-12-12,2025,12,Capital One CC,2025 v3.xlsx,Mayesh Wholesale Flowers,Mayesh San Francisco,-350.88,11,Flowers,Business,11,Flowers,Business,,,,,
2023-09-07,2023,9,Capital One CC,CC uploads,Mayesh Wholesale Flowers,Mayesh San Francisco,-350.88,11,Flowers,Business,11,Flowers,Business,,,,,
2025-02-12,2025,2,Capital One CC,2025 v3.xlsx,Mayesh Wholesale Flowers,Mayesh San Francisco,-351.4,11,Flowers,Business,11,Flowers,Business,,,,,
2024-02-20,2024,2,Bank of Marin,2024.xlsx Marin clean,AT&T,AT&T,-351.42,33,Utilities,Business,33,Utilities,Business,,,,,
2023-12-27,2023,12,Capital One CC,CC uploads,Mayesh Wholesale Flowers,Mayesh San Francisco,-351.9,11,Flowers,Business,11,Flowers,Business,,,,,
2024-08-05,2024,8,Bank of Marin,2024.xlsx Marin clean,CA Dept of Tax (CDTFA),CDTFA Tax Payment,-353.0,12,Tax,Business,12,Tax,Business,,,,,
2025-08-29,2025,8,Capital One CC,2025 v3.xlsx,Torchio Nursery,TORCHIO NURSERY COMPAN,-353.5,11,Flowers,Business,11,Flowers,Business,,,,,
2023-04-12,2023,4,Bank of Marin,BoM master,Neve Bros,Neve Bros,-353.63,11,Flowers,Business,11,Flowers,Business,,,,,
2026-02-17,2026,2,Capital One CC,CC uploads,Miguel Flowers,SQ *MIGUEL FLOWERS,-353.78,11,Flowers,Business,11,Flowers,Business,,,,,
2025-02-07,2025,2,Bank of Marin,2025 v3.xlsx,Torchio Nursery,Torchio Nursery Co Mpany,-354.0,11,Flowers,Business,11,Flowers,Business,,,,,
2025-10-06,2025,10,Bank of Marin,2025 v3.xlsx,Venmo — RECIPIENT UNKNOWN,Transfer to Venmo,-354.0,22,Venmo,Business,22,Venmo,Business,,,,,
2023-06-09,2023,6,Capital One CC,CC uploads,Mayesh Wholesale Flowers,Mayesh San Francisco,-354.96,11,Flowers,Business,11,Flowers,Business,,,,,
2026-04-08,2026,4,Bank of Marin,BoM master,Venmo — RECIPIENT UNKNOWN,Transfer to Venmo,-355.0,22,Venmo,Business,22,Venmo,Business,,,,,
2024-05-02,2024,5,Capital One CC,2024.xlsx Capital 1 Clean,Mayesh Wholesale Flowers,Mayesh San Francisco,-355.98,11,Flowers,Business,11,Flowers,Business,,,,,
2023-10-10,2023,10,Capital One CC,CC uploads,Torchio Nursery,TORCHIO NURSERY COMPAN,-356.5,11,Flowers,Business,11,Flowers,Business,,,,,
2023-10-03,2023,10,Capital One CC,CC uploads,Torchio Nursery,TORCHIO NURSERY COMPAN,-356.5,11,Flowers,Business,11,Flowers,Business,,,,,
2024-12-05,2024,12,Bank of Marin,2024.xlsx Marin clean,CA Dept of Tax (CDTFA),CDTFA Tax Payment,-357.0,12,Tax,Business,12,Tax,Business,,,,,
2026-02-19,2026,2,Capital One CC,CC uploads,FLORAL SUPPLY SYND #1,FLORAL SUPPLY SYND #1,-357.1,11,Flowers,Business,11,Flowers,Business,,,,,
2024-10-21,2024,10,Bank of Marin,2024.xlsx Marin clean,Check #201 — PAYEE UNKNOWN,Check #201,-358.0,11,Flowers,Business,11,Flowers,Business,,,,,
2024-05-15,2024,5,Capital One CC,2024.xlsx Capital 1 Clean,CORCOVADO BM,CORCOVADO BM,-359.32,15,Merchandise,Business,15,Merchandise,Business,,,,,
2025-07-16,2025,7,Bank of Marin,2025 v3.xlsx,Venmo — RECIPIENT UNKNOWN,Transfer to Venmo,-360.0,22,Venmo,Business,22,Venmo,Business,,,,,
2023-05-02,2023,5,Capital One CC,CC uploads,Torchio Nursery,TORCHIO NURSERY COMPAN,-360.0,11,Flowers,Business,11,Flowers,Business,,,,,
2024-01-04,2024,1,Bank of Marin,2024.xlsx Marin clean,U.S. Small Business Administration,U.S. Small Business Administration,-361.0,35,SBA / Admin,Business,35,SBA / Admin,Business,,,,,
2024-02-02,2024,2,Bank of Marin,2024.xlsx Marin clean,U.S. Small Business Administration,U.S. Small Business Administration,-361.0,35,SBA / Admin,Business,35,SBA / Admin,Business,,,,,
2024-03-04,2024,3,Bank of Marin,2024.xlsx Marin clean,U.S. Small Business Administration,U.S. Small Business Administration,-361.0,35,SBA / Admin,Business,35,SBA / Admin,Business,,,,,
2024-04-02,2024,4,Bank of Marin,2024.xlsx Marin clean,U.S. Small Business Administration,U.S. Small Business Administration,-361.0,35,SBA / Admin,Business,35,SBA / Admin,Business,,,,,
2024-05-02,2024,5,Bank of Marin,2024.xlsx Marin clean,U.S. Small Business Administration,U.S. Small Business Administration,-361.0,35,SBA / Admin,Business,35,SBA / Admin,Business,,,,,
2024-06-03,2024,6,Bank of Marin,2024.xlsx Marin clean,U.S. Small Business Administration,U.S. Small Business Administration,-361.0,35,SBA / Admin,Business,35,SBA / Admin,Business,,,,,
2024-07-02,2024,7,Bank of Marin,2024.xlsx Marin clean,U.S. Small Business Administration,U.S. Small Business Administration,-361.0,35,SBA / Admin,Business,35,SBA / Admin,Business,,,,,
2024-08-02,2024,8,Bank of Marin,2024.xlsx Marin clean,U.S. Small Business Administration,U.S. Small Business Administration,-361.0,35,SBA / Admin,Business,35,SBA / Admin,Business,,,,,
2024-09-03,2024,9,Bank of Marin,2024.xlsx Marin clean,U.S. Small Business Administration,U.S. Small Business Administration,-361.0,35,SBA / Admin,Business,35,SBA / Admin,Business,,,,,
2024-10-02,2024,10,Bank of Marin,2024.xlsx Marin clean,U.S. Small Business Administration,U.S. Small Business Administration,-361.0,35,SBA / Admin,Business,35,SBA / Admin,Business,,,,,
2024-11-04,2024,11,Bank of Marin,2024.xlsx Marin clean,U.S. Small Business Administration,U.S. Small Business Administration,-361.0,35,SBA / Admin,Business,35,SBA / Admin,Business,,,,,
2024-12-02,2024,12,Bank of Marin,2024.xlsx Marin clean,U.S. Small Business Administration,U.S. Small Business Administration,-361.0,35,SBA / Admin,Business,35,SBA / Admin,Business,,,,,
2025-01-02,2025,1,Bank of Marin,2025 v3.xlsx,U.S. Small Business Administration,U.S. Small Business Administration,-361.0,35,SBA / Admin,Business,35,SBA / Admin,Business,,,,,
2026-07-09,2026,7,Bank of Marin,BoM master,U.S. Small Business Administration,U.S. Small Business Administration,-361.0,35,SBA / Admin,Business,35,SBA / Admin,Business,,,,,
2026-06-09,2026,6,Bank of Marin,BoM master,U.S. Small Business Administration,U.S. Small Business Administration,-361.0,35,SBA / Admin,Business,35,SBA / Admin,Business,,,,,
2026-06-09,2026,6,Bank of Marin,BoM master,U.S. Small Business Administration,U.S. Small Business Administration,-361.0,35,SBA / Admin,Business,35,SBA / Admin,Business,,,,,
2023-11-08,2023,11,Bank of Marin,BoM master,U.S. Small Business Administration,U.S. Small Business Administration,-361.0,35,SBA / Admin,Business,35,SBA / Admin,Business,,,,,
2024-05-02,2024,5,Capital One CC,2024.xlsx Capital 1 Clean,MT. EDEN FLORAL COMPAN,MT. EDEN FLORAL COMPAN,-361.48,15,Merchandise,Business,15,Merchandise,Business,,,,,
2023-10-17,2023,10,Bank of Marin,BoM master,CA Dept of Tax (CDTFA),CDTFA Tax Payment,-362.25,12,Tax,Business,12,Tax,Business,,,,,
2025-08-21,2025,8,Bank of Marin,2025 v3.xlsx,CA Dept of Tax (CDTFA),CDTFA Tax Payment,-363.0,12,Tax,Business,12,Tax,Business,,,,,
2024-09-18,2024,9,Bank of Marin,2024.xlsx Marin clean,AT&T,AT&T,-364.16,33,Utilities,Business,33,Utilities,Business,,,,,
2025-12-18,2025,12,Bank of Marin,2025 v3.xlsx,Neve Bros Inc Sf San Franc Ca,Neve Bros Inc Sf San Franc Ca,-364.5,11,Flowers,Business,11,Flowers,Business,,,,,
2023-11-02,2023,11,Capital One CC,CC uploads,Torchio Nursery,TORCHIO NURSERY COMPAN,-364.5,11,Flowers,Business,11,Flowers,Business,,,,,
2023-08-03,2023,8,Bank of Marin,BoM master,Neve Bros,Neve Bros,-365.41,11,Flowers,Business,11,Flowers,Business,,,,,
2024-10-16,2024,10,Bank of Marin,2024.xlsx Marin clean,Venmo — RECIPIENT UNKNOWN,Transfer to Venmo,-366.0,22,Venmo,Business,22,Venmo,Business,,,,,
2026-01-07,2026,1,Bank of Marin,BoM master,Neve Bros Inc Sf San Franc Ca,Neve Bros Inc Sf San Franc Ca,-367.0,11,Flowers,Business,11,Flowers,Business,,,,,
2024-07-25,2024,7,Capital One CC,2024.xlsx Capital 1 Clean,Torchio Nursery,TORCHIO NURSERY COMPAN,-368.5,11,Flowers,Business,11,Flowers,Business,,,,,
2026-02-09,2026,2,Bank of Marin,BoM master,Venmo — RECIPIENT UNKNOWN,Transfer to Venmo,-370.0,22,Venmo,Business,22,Venmo,Business,,,,,
2026-01-12,2026,1,Bank of Marin,BoM master,Venmo — RECIPIENT UNKNOWN,Transfer to Venmo,-370.0,22,Venmo,Business,22,Venmo,Business,,,,,
2023-06-20,2023,6,Capital One CC,CC uploads,Torchio Nursery,TORCHIO NURSERY COMPAN,-370.5,11,Flowers,Business,11,Flowers,Business,,,,,
2023-06-08,2023,6,Capital One CC,CC uploads,Mayesh Wholesale Flowers,Mayesh San Francisco,-371.79,11,Flowers,Business,11,Flowers,Business,,,,,
2024-03-13,2024,3,Bank of Marin,2024.xlsx Marin clean,Check #5132 — PAYEE UNKNOWN,Check #5132,-372.0,11,Flowers,Business,11,Flowers,Business,,,,,
2023-01-04,2023,1,Capital One CC,CC uploads,Mayesh Wholesale Flowers,Mayesh San Francisco,-372.3,11,Flowers,Business,11,Flowers,Business,,,,,
2025-02-05,2025,2,Bank of Marin,2025 v3.xlsx,Torchio Nursery,Torchio Nursery Co Mpany,-372.5,11,Flowers,Business,11,Flowers,Business,,,,,
2023-09-18,2023,9,Capital One CC,CC uploads,SQ *BODY MIND CHIROPRA,SQ *BODY MIND CHIROPRA,-373.0,42,Misc,Business,42,Misc,Business,,,,,
2023-08-21,2023,8,Bank of Marin,BoM master,AT&T,AT&T,-373.07,33,Utilities,Business,33,Utilities,Business,,,,,
2026-04-30,2026,4,Capital One CC,CC uploads,Miguel Flowers,SQ *MIGUEL FLOWERS,-373.21,11,Flowers,Business,11,Flowers,Business,,,,,
2024-02-20,2024,2,Capital One CC,2024.xlsx Capital 1 Clean,Mayesh Wholesale Flowers,Mayesh San Francisco,-373.32,11,Flowers,Business,11,Flowers,Business,,,,,
2023-06-27,2023,6,Capital One CC,CC uploads,Mayesh Wholesale Flowers,Mayesh San Francisco,-373.83,11,Flowers,Business,11,Flowers,Business,,,,,
2025-04-15,2025,4,Bank of Marin,2025 v3.xlsx,Neve Bros Inc Sf San Franc Ca,Neve Bros Inc Sf San Franc Ca,-374.0,11,Flowers,Business,11,Flowers,Business,,,,,
2025-06-18,2025,6,Bank of Marin,2025 v3.xlsx,Venmo — RECIPIENT UNKNOWN,Transfer to Venmo,-374.0,22,Venmo,Business,22,Venmo,Business,,,,,
2026-07-23,2026,7,Capital One CC,CC uploads,Mayesh Wholesale Flowers,Mayesh - San Francisco,-374.85,11,Flowers,Business,11,Flowers,Business,,,,,
2024-09-09,2024,9,Capital One CC,2024.xlsx Capital 1 Clean,Google ADS5237369439,Google ADS5237369439,-375.92,23,Ads & Subscriptions,Business,23,Ads & Subscriptions,Business,,,,,
2023-11-13,2023,11,Bank of Marin,BoM master,Check #5159 — PAYEE UNKNOWN,Check #5159,-376.0,11,Flowers,Business,11,Flowers,Business,,,,,
2026-04-02,2026,4,Capital One CC,CC uploads,Torchio Nursery,TORCHIO NURSERY COMPAN,-376.0,11,Flowers,Business,11,Flowers,Business,,,,,
2026-07-09,2026,7,Capital One CC,CC uploads,Mayesh Wholesale Flowers,Mayesh - San Francisco,-377.4,11,Flowers,Business,11,Flowers,Business,,,,,
2024-03-14,2024,3,Capital One CC,2024.xlsx Capital 1 Clean,Torchio Nursery,TORCHIO NURSERY COMPAN,-378.0,11,Flowers,Business,11,Flowers,Business,,,,,
2025-09-26,2025,9,Capital One CC,2025 v3.xlsx,Torchio Nursery,TORCHIO NURSERY COMPAN,-378.0,11,Flowers,Business,11,Flowers,Business,,,,,
2023-11-08,2023,11,Bank of Marin,BoM master,CA Dept of Tax (CDTFA),CDTFA Tax Payment,-378.0,12,Tax,Business,12,Tax,Business,,,,,
2023-10-05,2023,10,Bank of Marin,BoM master,Check #5092 — PAYEE UNKNOWN,Check #5092,-378.5,11,Flowers,Business,11,Flowers,Business,,,,,
2023-04-20,2023,4,Capital One CC,CC uploads,ACKERMAN S SERVICING V,ACKERMAN S SERVICING V,-379.57,31,Car (shop),Business,31,Car (shop),Business,,,,,
2023-01-03,2023,1,Capital One CC,CC uploads,FLORAL SUPPLY SYND #1,FLORAL SUPPLY SYND #1,-379.75,11,Flowers,Business,11,Flowers,Business,,,,,
2025-09-02,2025,9,Bank of Marin,2025 v3.xlsx,Check #5240 — PAYEE UNKNOWN,Check #5240,-380.0,11,Flowers,Business,11,Flowers,Business,,,,,
2026-02-03,2026,2,Capital One CC,CC uploads,Miguel Flowers,SQ *MIGUEL FLOWERS,-380.37,11,Flowers,Business,11,Flowers,Business,,,,,
2025-06-13,2025,6,Capital One CC,2025 v3.xlsx,Torchio Nursery,TORCHIO NURSERY COMPAN,-380.5,11,Flowers,Business,11,Flowers,Business,,,,,
2026-03-05,2026,3,Capital One CC,CC uploads,Miguel Flowers,SQ *MIGUEL FLOWERS,-382.42,11,Flowers,Business,11,Flowers,Business,,,,,
2023-08-18,2023,8,Capital One CC,CC uploads,Mayesh Wholesale Flowers,Mayesh San Francisco,-383.52,11,Flowers,Business,11,Flowers,Business,,,,,
2023-09-19,2023,9,Capital One CC,CC uploads,Torchio Nursery,TORCHIO NURSERY COMPAN,-384.5,11,Flowers,Business,11,Flowers,Business,,,,,
2026-05-06,2026,5,Bank of Marin,BoM master,Venmo — RECIPIENT UNKNOWN,Transfer to Venmo,-385.0,22,Venmo,Business,22,Venmo,Business,,,,,
2026-02-03,2026,2,Bank of Marin,BoM master,Neve Bros Inc Sf San Franc Ca,Neve Bros Inc Sf San Franc Ca,-385.0,11,Flowers,Business,11,Flowers,Business,,,,,
2023-09-26,2023,9,Capital One CC,CC uploads,Torchio Nursery,TORCHIO NURSERY COMPAN,-385.0,11,Flowers,Business,11,Flowers,Business,,,,,
2023-02-03,2023,2,Capital One CC,CC uploads,Lupe Farm,LUPE FARM,-385.4,11,Flowers,Business,11,Flowers,Business,,,,,
2024-09-10,2024,9,Capital One CC,2024.xlsx Capital 1 Clean,Torchio Nursery,TORCHIO NURSERY COMPAN,-385.5,11,Flowers,Business,11,Flowers,Business,,,,,
2025-02-14,2025,2,Capital One CC,2025 v3.xlsx,Rafa's Wholesale Flowers,RAFAS WHOLESALE FLOWER,-386.25,11,Flowers,Business,11,Flowers,Business,,,,,
2025-02-15,2025,2,Capital One CC,2025 v3.xlsx,AMAZON MKTPL*W69S579T3,AMAZON MKTPL*W69S579T3,-387.61,62,Amazon,Personal,62,Amazon,Personal,,,,,
2024-09-26,2024,9,Capital One CC,2024.xlsx Capital 1 Clean,Torchio Nursery,TORCHIO NURSERY COMPAN,-388.0,11,Flowers,Business,11,Flowers,Business,,,,,
2025-12-11,2025,12,Bank of Marin,2025 v3.xlsx,Neve Bros Inc Sf San Franc Ca,Neve Bros Inc Sf San Franc Ca,-388.0,11,Flowers,Business,11,Flowers,Business,,,,,
2025-09-03,2025,9,Bank of Marin,2025 v3.xlsx,CA Dept of Tax (CDTFA),CDTFA Tax Payment,-388.0,12,Tax,Business,12,Tax,Business,,,,,
2023-04-19,2023,4,Bank of Marin,BoM master,Check #5025 — PAYEE UNKNOWN,Check #5025,-389.0,11,Flowers,Business,11,Flowers,Business,,,,,
2025-01-17,2025,1,Capital One CC,2025 v3.xlsx,Torchio Nursery,TORCHIO NURSERY COMPAN,-389.5,11,Flowers,Business,11,Flowers,Business,,,,,
2023-05-12,2023,5,Bank of Marin,BoM master,Neve Bros,Neve Bros,-389.5,11,Flowers,Business,11,Flowers,Business,,,,,
2026-02-26,2026,2,Capital One CC,CC uploads,Torchio Nursery,TORCHIO NURSERY COMPAN,-389.5,11,Flowers,Business,11,Flowers,Business,,,,,
2023-04-03,2023,4,Bank of Marin,BoM master,Big Discount Tir,Big Discount Tir,-389.75,31,Car (shop),Business,31,Car (shop),Business,,,,,
2025-07-02,2025,7,Bank of Marin,2025 v3.xlsx,CA Dept of Tax (CDTFA),CDTFA Tax Payment,-390.0,12,Tax,Business,12,Tax,Business,,,,,
2026-06-04,2026,6,Bank of Marin,BoM master,Neve Bros Inc Sf San Franc Ca,Neve Bros Inc Sf San Franc Ca,-390.0,11,Flowers,Business,11,Flowers,Business,,,,,
2024-03-19,2024,3,Capital One CC,2024.xlsx Capital 1 Clean,Torchio Nursery,TORCHIO NURSERY COMPAN,-392.0,11,Flowers,Business,11,Flowers,Business,,,,,
2025-11-21,2025,11,Bank of Marin,2025 v3.xlsx,Neve Bros Inc Sf San Franc Ca,Neve Bros Inc Sf San Franc Ca,-392.5,11,Flowers,Business,11,Flowers,Business,,,,,
2025-04-09,2025,4,Bank of Marin,2025 v3.xlsx,CA Dept of Tax (CDTFA),CDTFA Tax Payment,-393.0,12,Tax,Business,12,Tax,Business,,,,,
2023-05-05,2023,5,Bank of Marin,BoM master,Neve Bros,Neve Bros,-393.6,11,Flowers,Business,11,Flowers,Business,,,,,
2026-01-22,2026,1,Bank of Marin,BoM master,Neve Bros Inc Sf San Franc Ca,Neve Bros Inc Sf San Franc Ca,-394.0,11,Flowers,Business,11,Flowers,Business,,,,,
2026-02-24,2026,2,Capital One CC,CC uploads,Mayesh Wholesale Flowers,Mayesh San Francisco,-395.25,11,Flowers,Business,11,Flowers,Business,,,,,
2023-08-29,2023,8,Bank of Marin,BoM master,Apple,Apple,-395.95,65,Entertainment,Personal,65,Entertainment,Personal,,,,,
2026-03-05,2026,3,Capital One CC,CC uploads,Torchio Nursery,TORCHIO NURSERY COMPAN,-396.0,11,Flowers,Business,11,Flowers,Business,,,,,
2024-02-12,2024,2,Capital One CC,2024.xlsx Capital 1 Clean,Mayesh Wholesale Flowers,Mayesh San Francisco,-396.27,11,Flowers,Business,11,Flowers,Business,,,,,
2025-05-12,2025,5,Bank of Marin,2025 v3.xlsx,Turo,Turo,-396.28,42,Misc,Business,42,Misc,Business,,,,,
2023-12-05,2023,12,Capital One CC,CC uploads,Torchio Nursery,TORCHIO NURSERY COMPAN,-396.5,11,Flowers,Business,11,Flowers,Business,,,,,
2025-11-26,2025,11,Capital One CC,2025 v3.xlsx,SUGARBOO  CO FAIRE,SUGARBOO  CO FAIRE,-396.9,11,Flowers,Business,11,Flowers,Business,,,,,
2024-12-09,2024,12,Bank of Marin,2024.xlsx Marin clean,Check #5205 — PAYEE UNKNOWN,Check #5205,-397.0,11,Flowers,Business,11,Flowers,Business,,,,,
2024-02-08,2024,2,Capital One CC,2024.xlsx Capital 1 Clean,Torchio Nursery,TORCHIO NURSERY COMPAN,-399.0,11,Flowers,Business,11,Flowers,Business,,,,,
2023-02-06,2023,2,Bank of Marin,BoM master,Check #4465 — PAYEE UNKNOWN,Check #4465,-399.0,11,Flowers,Business,11,Flowers,Business,,,,,
2023-04-04,2023,4,Capital One CC,CC uploads,Torchio Nursery,TORCHIO NURSERY COMPAN,-399.5,11,Flowers,Business,11,Flowers,Business,,,,,
2025-03-07,2025,3,Capital One CC,2025 v3.xlsx,Mayesh Wholesale Flowers,Mayesh San Francisco,-399.84,11,Flowers,Business,11,Flowers,Business,,,,,
2024-02-02,2024,2,Bank of Marin,2024.xlsx Marin clean,Check #5114 — PAYEE UNKNOWN,Check #5114,-400.0,11,Flowers,Business,11,Flowers,Business,,,,,
2024-11-07,2024,11,Bank of Marin,2024.xlsx Marin clean,Venmo — RECIPIENT UNKNOWN,Transfer to Venmo,-400.0,22,Venmo,Business,22,Venmo,Business,,,,,
2025-12-23,2025,12,Bank of Marin,2025 v3.xlsx,Venmo — RECIPIENT UNKNOWN,Transfer to Venmo,-400.0,22,Venmo,Business,22,Venmo,Business,,,,,
2026-05-04,2026,5,Bank of Marin,BoM master,ATM Withdrawal,ATM Withdrawal,-400.0,42,Misc,Business,42,Misc,Business,,,,,
2023-11-06,2023,11,Bank of Marin,BoM master,U.S. Small Business Administration,U.S. Small Business Administration,-400.0,35,SBA / Admin,Business,35,SBA / Admin,Business,,,,,
2023-02-21,2023,2,Bank of Marin,BoM master,Check #5062 — PAYEE UNKNOWN,Check #5062,-400.0,11,Flowers,Business,11,Flowers,Business,,,,,
2023-02-23,2023,2,Capital One CC,CC uploads,NCAL KAISER ONLINE PAY,NCAL KAISER ONLINE PAY,-400.0,42,Misc,Business,42,Misc,Business,,,,,
2023-11-14,2023,11,Capital One CC,CC uploads,Torchio Nursery,TORCHIO NURSERY COMPAN,-400.5,11,Flowers,Business,11,Flowers,Business,,,,,
2024-12-03,2024,12,Capital One CC,2024.xlsx Capital 1 Clean,Mayesh Wholesale Flowers,Mayesh San Francisco,-400.86,11,Flowers,Business,11,Flowers,Business,,,,,
2026-03-12,2026,3,Capital One CC,CC uploads,Torchio Nursery,TORCHIO NURSERY COMPAN,-402.0,11,Flowers,Business,11,Flowers,Business,,,,,
2026-03-03,2026,3,Bank of Marin,BoM master,Neve Bros Inc Sf San Franc Ca,Neve Bros Inc Sf San Franc Ca,-402.5,11,Flowers,Business,11,Flowers,Business,,,,,
2024-02-09,2024,2,Capital One CC,2024.xlsx Capital 1 Clean,Mayesh Wholesale Flowers,Mayesh San Francisco,-402.9,11,Flowers,Business,11,Flowers,Business,,,,,
2023-02-28,2023,2,Capital One CC,CC uploads,Mayesh Wholesale Flowers,Mayesh San Francisco,-404.94,11,Flowers,Business,11,Flowers,Business,,,,,
2025-02-05,2025,2,Bank of Marin,2025 v3.xlsx,CA Dept of Tax (CDTFA),CDTFA Tax Payment,-405.0,12,Tax,Business,12,Tax,Business,,,,,
2023-03-28,2023,3,Capital One CC,CC uploads,Mayesh Wholesale Flowers,Mayesh San Francisco,-405.45,11,Flowers,Business,11,Flowers,Business,,,,,
2025-04-11,2025,4,Capital One CC,2025 v3.xlsx,Torchio Nursery,TORCHIO NURSERY COMPAN,-405.5,11,Flowers,Business,11,Flowers,Business,,,,,
2023-12-12,2023,12,Bank of Marin,BoM master,CA Dept of Tax (CDTFA),CDTFA Tax Payment,-406.0,12,Tax,Business,12,Tax,Business,,,,,
2023-10-10,2023,10,Bank of Marin,BoM master,Check #5097 — PAYEE UNKNOWN,Check #5097,-406.5,11,Flowers,Business,11,Flowers,Business,,,,,
2026-02-03,2026,2,Capital One CC,CC uploads,Grace Nursery,GRACE NURSERY INC,-406.72,11,Flowers,Business,11,Flowers,Business,,,,,
2023-08-01,2023,8,Capital One CC,CC uploads,Torchio Nursery,TORCHIO NURSERY COMPAN,-407.0,11,Flowers,Business,11,Flowers,Business,,,,,
2023-04-06,2023,4,Capital One CC,CC uploads,Torchio Nursery,TORCHIO NURSERY COMPAN,-409.0,11,Flowers,Business,11,Flowers,Business,,,,,
2024-05-23,2024,5,Capital One CC,2024.xlsx Capital 1 Clean,Mayesh Wholesale Flowers,Mayesh San Francisco,-409.02,11,Flowers,Business,11,Flowers,Business,,,,,
2024-05-02,2024,5,Capital One CC,2024.xlsx Capital 1 Clean,Torchio Nursery,TORCHIO NURSERY COMPAN,-409.5,11,Flowers,Business,11,Flowers,Business,,,,,
2026-03-31,2026,3,Capital One CC,CC uploads,Miguel Flowers,SQ *MIGUEL FLOWERS,-410.02,11,Flowers,Business,11,Flowers,Business,,,,,
2024-06-06,2024,6,Bank of Marin,2024.xlsx Marin clean,Check #5169 — PAYEE UNKNOWN,Check #5169,-411.0,11,Flowers,Business,11,Flowers,Business,,,,,
2025-04-14,2025,4,Bank of Marin,2025 v3.xlsx,Check #5179 — PAYEE UNKNOWN,Check #5179,-411.0,11,Flowers,Business,11,Flowers,Business,,,,,
2025-07-18,2025,7,Capital One CC,2025 v3.xlsx,Mayesh Wholesale Flowers,Mayesh San Francisco,-411.06,11,Flowers,Business,11,Flowers,Business,,,,,
2023-11-14,2023,11,Capital One CC,CC uploads,Mayesh Wholesale Flowers,Mayesh San Francisco,-411.06,11,Flowers,Business,11,Flowers,Business,,,,,
2023-01-10,2023,1,Capital One CC,CC uploads,Mayesh Wholesale Flowers,Mayesh San Francisco,-411.06,11,Flowers,Business,11,Flowers,Business,,,,,
2024-03-05,2024,3,Capital One CC,2024.xlsx Capital 1 Clean,Mayesh Wholesale Flowers,Mayesh San Francisco,-411.57,11,Flowers,Business,11,Flowers,Business,,,,,
2025-03-14,2025,3,Bank of Marin,2025 v3.xlsx,Mayesh Wholesale Flowers,Mayesh San Francis Co,-411.57,11,Flowers,Business,11,Flowers,Business,,,,,
2024-07-15,2024,7,Bank of Marin,2024.xlsx Marin clean,CA Dept of Tax (CDTFA),CDTFA Tax Payment,-412.0,12,Tax,Business,12,Tax,Business,,,,,
2023-08-15,2023,8,Capital One CC,CC uploads,Torchio Nursery,TORCHIO NURSERY COMPAN,-412.5,11,Flowers,Business,11,Flowers,Business,,,,,
2025-01-08,2025,1,Bank of Marin,2025 v3.xlsx,CA Dept of Tax (CDTFA),CDTFA Tax Payment,-414.0,12,Tax,Business,12,Tax,Business,,,,,
2024-01-03,2024,1,Bank of Marin,2024.xlsx Marin clean,Farmers Insurance,Farmers Insurance,-415.0,34,Insurance,Business,34,Insurance,Business,,,,,
2025-08-26,2025,8,Bank of Marin,2025 v3.xlsx,Check #5239 — PAYEE UNKNOWN,Check #5239,-416.0,11,Flowers,Business,11,Flowers,Business,,,,,
2026-01-30,2026,1,Capital One CC,CC uploads,Torchio Nursery,TORCHIO NURSERY COMPAN,-416.0,11,Flowers,Business,11,Flowers,Business,,,,,
2024-01-30,2024,1,Capital One CC,2024.xlsx Capital 1 Clean,Mayesh Wholesale Flowers,Mayesh San Francisco,-416.16,11,Flowers,Business,11,Flowers,Business,,,,,
2023-03-14,2023,3,Capital One CC,CC uploads,Mayesh Wholesale Flowers,Mayesh San Francisco,-417.18,11,Flowers,Business,11,Flowers,Business,,,,,
2023-07-05,2023,7,Capital One CC,CC uploads,Mayesh Wholesale Flowers,Mayesh San Francisco,-417.69,11,Flowers,Business,11,Flowers,Business,,,,,
2024-05-02,2024,5,Bank of Marin,2024.xlsx Marin clean,CA Dept of Tax (CDTFA),CDTFA Tax Payment,-418.0,12,Tax,Business,12,Tax,Business,,,,,
2025-05-30,2025,5,Capital One CC,2025 v3.xlsx,Torchio Nursery,TORCHIO NURSERY COMPAN,-418.0,11,Flowers,Business,11,Flowers,Business,,,,,
2023-09-21,2023,9,Capital One CC,CC uploads,Mayesh Wholesale Flowers,Mayesh San Francisco,-418.82,11,Flowers,Business,11,Flowers,Business,,,,,
2025-05-27,2025,5,Bank of Marin,2025 v3.xlsx,Neve Bros Inc Sf San Franc Ca,Neve Bros Inc Sf San Franc Ca,-419.0,11,Flowers,Business,11,Flowers,Business,,,,,
2024-03-14,2024,3,Capital One CC,2024.xlsx Capital 1 Clean,Mayesh Wholesale Flowers,Mayesh San Francisco,-420.24,11,Flowers,Business,11,Flowers,Business,,,,,
2024-09-20,2024,9,Bank of Marin,2024.xlsx Marin clean,Check #5175 — PAYEE UNKNOWN,Check #5175,-421.5,11,Flowers,Business,11,Flowers,Business,,,,,
2024-05-07,2024,5,Bank of Marin,2024.xlsx Marin clean,Check #5149 — PAYEE UNKNOWN,Check #5149,-422.5,11,Flowers,Business,11,Flowers,Business,,,,,
2023-03-02,2023,3,Capital One CC,CC uploads,Torchio Nursery,TORCHIO NURSERY COMPAN,-422.5,11,Flowers,Business,11,Flowers,Business,,,,,
2023-10-12,2023,10,Capital One CC,CC uploads,Mayesh Wholesale Flowers,Mayesh San Francisco,-422.79,11,Flowers,Business,11,Flowers,Business,,,,,
2024-05-21,2024,5,Capital One CC,2024.xlsx Capital 1 Clean,Mayesh Wholesale Flowers,Mayesh San Francisco,-423.81,11,Flowers,Business,11,Flowers,Business,,,,,
2023-08-31,2023,8,Capital One CC,CC uploads,Mayesh Wholesale Flowers,Mayesh San Francisco,-425.34,11,Flowers,Business,11,Flowers,Business,,,,,
2023-04-28,2023,4,Capital One CC,CC uploads,Lupe Farm,LUPE FARM,-425.38,11,Flowers,Business,11,Flowers,Business,,,,,
2023-06-30,2023,6,Capital One CC,CC uploads,HOTEL ARCATA LLC,HOTEL ARCATA LLC,-425.6,42,Misc,Business,42,Misc,Business,,,,,
2026-03-24,2026,3,Capital One CC,CC uploads,Miguel Flowers,SQ *MIGUEL FLOWERS,-425.87,11,Flowers,Business,11,Flowers,Business,,,,,
2024-05-13,2024,5,Capital One CC,2024.xlsx Capital 1 Clean,Mayesh Wholesale Flowers,Mayesh San Francisco,-426.36,11,Flowers,Business,11,Flowers,Business,,,,,
2024-07-11,2024,7,Capital One CC,2024.xlsx Capital 1 Clean,Mayesh Wholesale Flowers,Mayesh San Francisco,-426.36,11,Flowers,Business,11,Flowers,Business,,,,,
2025-03-27,2025,3,Bank of Marin,2025 v3.xlsx,Neve Bros Inc Sf San Franc Ca,Neve Bros Inc Sf San Franc Ca,-427.0,11,Flowers,Business,11,Flowers,Business,,,,,
2024-02-20,2024,2,Capital One CC,2024.xlsx Capital 1 Clean,Torchio Nursery,TORCHIO NURSERY COMPAN,-427.5,11,Flowers,Business,11,Flowers,Business,,,,,
2026-04-21,2026,4,Capital One CC,CC uploads,Mayesh Wholesale Flowers,Mayesh - San Francisco,-428.4,11,Flowers,Business,11,Flowers,Business,,,,,
2024-10-11,2024,10,Bank of Marin,2024.xlsx Marin clean,CA Dept of Tax (CDTFA),CDTFA Tax Payment,-429.0,12,Tax,Business,12,Tax,Business,,,,,
2024-06-11,2024,6,Capital One CC,2024.xlsx Capital 1 Clean,Torchio Nursery,TORCHIO NURSERY COMPAN,-429.5,11,Flowers,Business,11,Flowers,Business,,,,,
2024-10-28,2024,10,Bank of Marin,2024.xlsx Marin clean,Check #202 — PAYEE UNKNOWN,Check #202,-431.0,11,Flowers,Business,11,Flowers,Business,,,,,
2023-07-05,2023,7,Capital One CC,CC uploads,Torchio Nursery,TORCHIO NURSERY COMPAN,-431.5,11,Flowers,Business,11,Flowers,Business,,,,,
2025-01-24,2025,1,Capital One CC,2025 v3.xlsx,Torchio Nursery,TORCHIO NURSERY COMPAN,-432.0,11,Flowers,Business,11,Flowers,Business,,,,,
2023-09-01,2023,9,Bank of Marin,BoM master,Neve Bros,Neve Bros,-433.58,11,Flowers,Business,11,Flowers,Business,,,,,
2024-04-09,2024,4,Capital One CC,2024.xlsx Capital 1 Clean,Mayesh Wholesale Flowers,Mayesh San Francisco,-434.01,11,Flowers,Business,11,Flowers,Business,,,,,
2023-06-06,2023,6,Capital One CC,CC uploads,Mayesh Wholesale Flowers,Mayesh San Francisco,-434.52,11,Flowers,Business,11,Flowers,Business,,,,,
2025-05-12,2025,5,Capital One CC,2025 v3.xlsx,Torchio Nursery,TORCHIO NURSERY COMPAN,-435.0,11,Flowers,Business,11,Flowers,Business,,,,,
2024-09-19,2024,9,Bank of Marin,2024.xlsx Marin clean,The RealReal,The RealReal,-435.8,14,Materials,Business,14,Materials,Business,,,,,
2025-08-25,2025,8,Bank of Marin,2025 v3.xlsx,Check #5235 — PAYEE UNKNOWN,Check #5235,-436.0,11,Flowers,Business,11,Flowers,Business,,,,,
2023-10-06,2023,10,Bank of Marin,BoM master,Check #5093 — PAYEE UNKNOWN,Check #5093,-437.0,11,Flowers,Business,11,Flowers,Business,,,,,
2024-07-11,2024,7,Capital One CC,2024.xlsx Capital 1 Clean,Torchio Nursery,TORCHIO NURSERY COMPAN,-437.5,11,Flowers,Business,11,Flowers,Business,,,,,
2024-02-27,2024,2,Capital One CC,2024.xlsx Capital 1 Clean,Mayesh Wholesale Flowers,Mayesh San Francisco,-438.09,11,Flowers,Business,11,Flowers,Business,,,,,
2024-10-22,2024,10,Capital One CC,2024.xlsx Capital 1 Clean,Mayesh Wholesale Flowers,Mayesh San Francisco,-438.6,11,Flowers,Business,11,Flowers,Business,,,,,
2024-04-09,2024,4,Capital One CC,2024.xlsx Capital 1 Clean,Torchio Nursery,TORCHIO NURSERY COMPAN,-439.5,11,Flowers,Business,11,Flowers,Business,,,,,
2024-04-23,2024,4,Capital One CC,2024.xlsx Capital 1 Clean,Mayesh Wholesale Flowers,Mayesh San Francisco,-440.13,11,Flowers,Business,11,Flowers,Business,,,,,
2023-05-09,2023,5,Capital One CC,CC uploads,Torchio Nursery,TORCHIO NURSERY COMPAN,-440.5,11,Flowers,Business,11,Flowers,Business,,,,,
2025-11-14,2025,11,Capital One CC,2025 v3.xlsx,Mayesh Wholesale Flowers,Mayesh San Francisco,-440.64,11,Flowers,Business,11,Flowers,Business,,,,,
2025-11-13,2025,11,Bank of Marin,2025 v3.xlsx,Neve Bros Inc Sf San Franc Ca,Neve Bros Inc Sf San Franc Ca,-441.0,11,Flowers,Business,11,Flowers,Business,,,,,
2025-01-06,2025,1,Bank of Marin,2025 v3.xlsx,Farmers Insurance,Farmers Insurance,-441.0,34,Insurance,Business,34,Insurance,Business,,,,,
2026-01-05,2026,1,Bank of Marin,BoM master,Farmers Insurance,Farmers Insurance,-441.0,34,Insurance,Business,34,Insurance,Business,,,,,
2026-01-22,2026,1,Capital One CC,CC uploads,Torchio Nursery,TORCHIO NURSERY COMPAN,-441.0,11,Flowers,Business,11,Flowers,Business,,,,,
2024-11-12,2024,11,Capital One CC,2024.xlsx Capital 1 Clean,Mayesh Wholesale Flowers,Mayesh San Francisco,-441.66,11,Flowers,Business,11,Flowers,Business,,,,,
2026-03-26,2026,3,Capital One CC,CC uploads,Torchio Nursery,TORCHIO NURSERY COMPAN,-443.0,11,Flowers,Business,11,Flowers,Business,,,,,
2023-09-28,2023,9,Capital One CC,CC uploads,Torchio Nursery,TORCHIO NURSERY COMPAN,-443.5,11,Flowers,Business,11,Flowers,Business,,,,,
2023-03-14,2023,3,Capital One CC,CC uploads,Torchio Nursery,TORCHIO NURSERY COMPAN,-443.5,11,Flowers,Business,11,Flowers,Business,,,,,
2025-12-05,2025,12,Capital One CC,2025 v3.xlsx,Miguel Flowers,SQ *MIGUEL FLOWERS,-443.76,11,Flowers,Business,11,Flowers,Business,,,,,
2026-03-17,2026,3,Bank of Marin,BoM master,Miguel Flowers,Miguel Flowers San Franc Ca,-444.79,11,Flowers,Business,11,Flowers,Business,,,,,
2025-01-23,2025,1,Bank of Marin,2025 v3.xlsx,Check #5217 — PAYEE UNKNOWN,Check #5217,-445.0,11,Flowers,Business,11,Flowers,Business,,,,,
2024-09-10,2024,9,Capital One CC,2024.xlsx Capital 1 Clean,Mayesh Wholesale Flowers,Mayesh San Francisco,-445.23,11,Flowers,Business,11,Flowers,Business,,,,,
2025-01-10,2025,1,Bank of Marin,2025 v3.xlsx,Check #5219 — PAYEE UNKNOWN,Check #5219,-446.0,11,Flowers,Business,11,Flowers,Business,,,,,
2025-06-06,2025,6,Bank of Marin,2025 v3.xlsx,Torchio Nursery,Torchio Nursery Co Mpany,-446.5,11,Flowers,Business,11,Flowers,Business,,,,,
2024-11-06,2024,11,Bank of Marin,2024.xlsx Marin clean,CA Dept of Tax (CDTFA),CDTFA Tax Payment,-447.0,12,Tax,Business,12,Tax,Business,,,,,
2023-11-07,2023,11,Capital One CC,CC uploads,Torchio Nursery,TORCHIO NURSERY COMPAN,-449.0,11,Flowers,Business,11,Flowers,Business,,,,,
2024-09-18,2024,9,Capital One CC,2024.xlsx Capital 1 Clean,Mayesh Wholesale Flowers,Mayesh San Francisco,-449.31,11,Flowers,Business,11,Flowers,Business,,,,,
2024-12-09,2024,12,Bank of Marin,2024.xlsx Marin clean,Venmo — RECIPIENT UNKNOWN,Transfer to Venmo,-450.0,22,Venmo,Business,22,Venmo,Business,,,,,
2026-05-11,2026,5,Bank of Marin,BoM master,Venmo — RECIPIENT UNKNOWN,Transfer to Venmo,-450.0,22,Venmo,Business,22,Venmo,Business,,,,,
2026-05-11,2026,5,Bank of Marin,BoM master,U.S. Small Business Administration,U.S. Small Business Administration,-450.0,35,SBA / Admin,Business,35,SBA / Admin,Business,,,,,
2026-04-13,2026,4,Bank of Marin,BoM master,U.S. Small Business Administration,U.S. Small Business Administration,-450.0,35,SBA / Admin,Business,35,SBA / Admin,Business,,,,,
2026-03-11,2026,3,Bank of Marin,BoM master,U.S. Small Business Administration,U.S. Small Business Administration,-450.0,35,SBA / Admin,Business,35,SBA / Admin,Business,,,,,
2023-11-29,2023,11,Bank of Marin,BoM master,U.S. Small Business Administration,U.S. Small Business Administration,-450.0,35,SBA / Admin,Business,35,SBA / Admin,Business,,,,,
2024-01-02,2024,1,Bank of Marin,2024.xlsx Marin clean,Debit,Debit,-450.32,44,Car,Business,44,Car,Business,,,,,
2024-01-31,2024,1,Bank of Marin,2024.xlsx Marin clean,Debit,Debit,-450.32,44,Car,Business,44,Car,Business,,,,,
2024-02-28,2024,2,Bank of Marin,2024.xlsx Marin clean,Debit,Debit,-450.32,44,Car,Business,44,Car,Business,,,,,
2024-04-01,2024,4,Bank of Marin,2024.xlsx Marin clean,Debit,Debit,-450.32,44,Car,Business,44,Car,Business,,,,,
2024-04-25,2024,4,Bank of Marin,2024.xlsx Marin clean,Debit,Debit,-450.32,44,Car,Business,44,Car,Business,,,,,
2023-11-30,2023,11,Bank of Marin,BoM master,Debit,Debit,-450.32,44,Car,Business,44,Car,Business,,,,,
2023-10-31,2023,10,Bank of Marin,BoM master,Debit,Debit,-450.32,44,Car,Business,44,Car,Business,,,,,
2023-09-28,2023,9,Bank of Marin,BoM master,Debit,Debit,-450.32,44,Car,Business,44,Car,Business,,,,,
2023-09-05,2023,9,Bank of Marin,BoM master,Debit,Debit,-450.32,44,Car,Business,44,Car,Business,,,,,
2023-08-02,2023,8,Bank of Marin,BoM master,Debit,Debit,-450.32,44,Car,Business,44,Car,Business,,,,,
2023-06-29,2023,6,Bank of Marin,BoM master,Debit,Debit,-450.32,44,Car,Business,44,Car,Business,,,,,
2023-05-24,2023,5,Bank of Marin,BoM master,Debit,Debit,-450.32,44,Car,Business,44,Car,Business,,,,,
2023-04-27,2023,4,Bank of Marin,BoM master,Debit,Debit,-450.32,44,Car,Business,44,Car,Business,,,,,
2023-03-29,2023,3,Bank of Marin,BoM master,Debit,Debit,-450.32,44,Car,Business,44,Car,Business,,,,,
2023-02-24,2023,2,Bank of Marin,BoM master,Immediat,Immediat,-450.32,42,Misc,Business,42,Misc,Business,,,,,
2023-02-01,2023,2,Bank of Marin,BoM master,Wallet,Wallet,-450.32,44,Car,Business,44,Car,Business,,,,,
2025-05-16,2025,5,Capital One CC,2025 v3.xlsx,Torchio Nursery,TORCHIO NURSERY COMPAN,-450.5,11,Flowers,Business,11,Flowers,Business,,,,,
2023-04-18,2023,4,Capital One CC,CC uploads,Torchio Nursery,TORCHIO NURSERY COMPAN,-451.0,11,Flowers,Business,11,Flowers,Business,,,,,
2025-10-02,2025,10,Bank of Marin,2025 v3.xlsx,CA Dept of Tax (CDTFA),CDTFA Tax Payment,-452.0,12,Tax,Business,12,Tax,Business,,,,,
2023-05-18,2023,5,Capital One CC,CC uploads,Torchio Nursery,TORCHIO NURSERY COMPAN,-452.0,11,Flowers,Business,11,Flowers,Business,,,,,
2024-04-30,2024,4,Capital One CC,2024.xlsx Capital 1 Clean,Torchio Nursery,TORCHIO NURSERY COMPAN,-453.0,11,Flowers,Business,11,Flowers,Business,,,,,
2026-05-14,2026,5,Bank of Marin,BoM master,CA Dept of Tax (CDTFA),CDTFA Tax Payment,-454.0,12,Tax,Business,12,Tax,Business,,,,,
2026-03-03,2026,3,Capital One CC,CC uploads,Torchio Nursery,TORCHIO NURSERY COMPAN,-454.5,11,Flowers,Business,11,Flowers,Business,,,,,
2025-06-18,2025,6,Capital One CC,2025 v3.xlsx,Torchio Nursery,TORCHIO NURSERY COMPAN,-455.5,11,Flowers,Business,11,Flowers,Business,,,,,
2025-10-31,2025,10,Capital One CC,2025 v3.xlsx,Torchio Nursery,TORCHIO NURSERY COMPAN,-456.0,11,Flowers,Business,11,Flowers,Business,,,,,
2026-06-04,2026,6,Capital One CC,CC uploads,Torchio Nursery,TORCHIO NURSERY COMPAN,-456.0,11,Flowers,Business,11,Flowers,Business,,,,,
2024-04-12,2024,4,Capital One CC,2024.xlsx Capital 1 Clean,FARMERS INS COMMERCIAL,FARMERS INS COMMERCIAL,-457.0,34,Insurance,Business,34,Insurance,Business,,,,,
2023-05-25,2023,5,Capital One CC,CC uploads,Lupe Farm,LUPE FARM,-458.18,11,Flowers,Business,11,Flowers,Business,,,,,
2023-02-15,2023,2,Capital One CC,CC uploads,Mayesh Wholesale Flowers,Mayesh San Francisco,-459.01,11,Flowers,Business,11,Flowers,Business,,,,,
2024-11-21,2024,11,Capital One CC,2024.xlsx Capital 1 Clean,Torchio Nursery,TORCHIO NURSERY COMPAN,-459.5,11,Flowers,Business,11,Flowers,Business,,,,,
2023-03-03,2023,3,Capital One CC,CC uploads,Lupe Farm,LUPE FARM,-461.25,11,Flowers,Business,11,Flowers,Business,,,,,
2026-03-19,2026,3,Bank of Marin,BoM master,Torchio Nursery,Torchio Nursery Co Mpany,-462.5,11,Flowers,Business,11,Flowers,Business,,,,,
2024-06-13,2024,6,Capital One CC,2024.xlsx Capital 1 Clean,Torchio Nursery,TORCHIO NURSERY COMPAN,-463.0,11,Flowers,Business,11,Flowers,Business,,,,,
2025-07-24,2025,7,Bank of Marin,2025 v3.xlsx,Neve Bros Inc Sf San Franc Ca,Neve Bros Inc Sf San Franc Ca,-465.5,11,Flowers,Business,11,Flowers,Business,,,,,
2024-04-02,2024,4,Capital One CC,2024.xlsx Capital 1 Clean,Torchio Nursery,TORCHIO NURSERY COMPAN,-466.0,11,Flowers,Business,11,Flowers,Business,,,,,
2026-03-12,2026,3,Bank of Marin,BoM master,Neve Bros Inc Sf San Franc Ca,Neve Bros Inc Sf San Franc Ca,-466.0,11,Flowers,Business,11,Flowers,Business,,,,,
2026-05-05,2026,5,Bank of Marin,BoM master,Miguel Flowers,Miguel Flowers San Franc Ca,-467.0,11,Flowers,Business,11,Flowers,Business,,,,,
2023-08-22,2023,8,Capital One CC,CC uploads,Torchio Nursery,TORCHIO NURSERY COMPAN,-467.0,11,Flowers,Business,11,Flowers,Business,,,,,
2023-06-15,2023,6,Capital One CC,CC uploads,Mayesh Wholesale Flowers,Mayesh San Francisco,-467.16,11,Flowers,Business,11,Flowers,Business,,,,,
2026-01-15,2026,1,Bank of Marin,BoM master,Neve Bros Inc Sf San Franc Ca,Neve Bros Inc Sf San Franc Ca,-468.0,11,Flowers,Business,11,Flowers,Business,,,,,
2026-04-07,2026,4,Capital One CC,CC uploads,FLORAL SUPPLY SYND #1,FLORAL SUPPLY SYND #1,-468.0,11,Flowers,Business,11,Flowers,Business,,,,,
2024-02-27,2024,2,Capital One CC,2024.xlsx Capital 1 Clean,Torchio Nursery,TORCHIO NURSERY COMPAN,-468.5,11,Flowers,Business,11,Flowers,Business,,,,,
2023-09-12,2023,9,Capital One CC,CC uploads,Torchio Nursery,TORCHIO NURSERY COMPAN,-470.5,11,Flowers,Business,11,Flowers,Business,,,,,
2026-07-09,2026,7,Bank of Marin,BoM master,Neve Bros Inc Sf San Franc Ca,Neve Bros Inc Sf San Franc Ca,-471.5,11,Flowers,Business,11,Flowers,Business,,,,,
2025-02-07,2025,2,Bank of Marin,2025 v3.xlsx,Mayesh Wholesale Flowers,Mayesh San Francis Co,-471.75,11,Flowers,Business,11,Flowers,Business,,,,,
2024-10-24,2024,10,Capital One CC,2024.xlsx Capital 1 Clean,Torchio Nursery,TORCHIO NURSERY COMPAN,-472.0,11,Flowers,Business,11,Flowers,Business,,,,,
2023-05-23,2023,5,Capital One CC,CC uploads,Mayesh Wholesale Flowers,Mayesh San Francisco,-472.26,11,Flowers,Business,11,Flowers,Business,,,,,
2023-02-15,2023,2,Capital One CC,CC uploads,Torchio Nursery,TORCHIO NURSERY COMPAN,-474.0,11,Flowers,Business,11,Flowers,Business,,,,,
2024-04-04,2024,4,Capital One CC,2024.xlsx Capital 1 Clean,Torchio Nursery,TORCHIO NURSERY COMPAN,-474.5,11,Flowers,Business,11,Flowers,Business,,,,,
2023-11-21,2023,11,Capital One CC,CC uploads,Torchio Nursery,TORCHIO NURSERY COMPAN,-474.5,11,Flowers,Business,11,Flowers,Business,,,,,
2024-02-08,2024,2,Capital One CC,2024.xlsx Capital 1 Clean,Mayesh Wholesale Flowers,Mayesh San Francisco,-474.81,11,Flowers,Business,11,Flowers,Business,,,,,
2025-11-07,2025,11,Capital One CC,2025 v3.xlsx,Torchio Nursery,TORCHIO NURSERY COMPAN,-477.5,11,Flowers,Business,11,Flowers,Business,,,,,
2025-05-02,2025,5,Capital One CC,2025 v3.xlsx,Mayesh Wholesale Flowers,Mayesh San Francisco,-477.87,11,Flowers,Business,11,Flowers,Business,,,,,
2025-09-10,2025,9,Capital One CC,2025 v3.xlsx,Mayesh Wholesale Flowers,Mayesh San Francisco,-478.38,11,Flowers,Business,11,Flowers,Business,,,,,
2023-07-11,2023,7,Capital One CC,CC uploads,Mayesh Wholesale Flowers,Mayesh San Francisco,-478.38,11,Flowers,Business,11,Flowers,Business,,,,,
2023-02-21,2023,2,Capital One CC,CC uploads,Mayesh Wholesale Flowers,Mayesh San Francisco,-478.38,11,Flowers,Business,11,Flowers,Business,,,,,
2026-05-28,2026,5,Capital One CC,CC uploads,Torchio Nursery,TORCHIO NURSERY COMPAN,-478.5,11,Flowers,Business,11,Flowers,Business,,,,,
2024-04-09,2024,4,Bank of Marin,2024.xlsx Marin clean,CA Dept of Tax (CDTFA),CDTFA Tax Payment,-479.0,12,Tax,Business,12,Tax,Business,,,,,
2023-04-11,2023,4,Capital One CC,CC uploads,Mayesh Wholesale Flowers,Mayesh San Francisco,-479.4,11,Flowers,Business,11,Flowers,Business,,,,,
2023-08-21,2023,8,Bank of Marin,BoM master,Check #5079 — PAYEE UNKNOWN,Check #5079,-479.5,11,Flowers,Business,11,Flowers,Business,,,,,
2024-03-26,2024,3,Capital One CC,2024.xlsx Capital 1 Clean,Mayesh Wholesale Flowers,Mayesh San Francisco,-481.44,11,Flowers,Business,11,Flowers,Business,,,,,
2026-06-28,2026,6,Capital One CC,CC uploads,ZOA HOTEL,ZOA HOTEL,-481.56,42,Misc,Business,42,Misc,Business,,,,,
2023-05-18,2023,5,Capital One CC,CC uploads,CITY OF ALAMEDA BUS LI,CITY OF ALAMEDA BUS LI,-482.0,14,Materials,Business,14,Materials,Business,,,,,
2025-01-22,2025,1,Bank of Marin,2025 v3.xlsx,Check #5212 — PAYEE UNKNOWN,Check #5212,-482.5,11,Flowers,Business,11,Flowers,Business,,,,,
2024-10-03,2024,10,Capital One CC,2024.xlsx Capital 1 Clean,Torchio Nursery,TORCHIO NURSERY COMPAN,-483.0,11,Flowers,Business,11,Flowers,Business,,,,,
2025-03-07,2025,3,Capital One CC,2025 v3.xlsx,SQ *NEVE BROS INC SF,SQ *NEVE BROS INC SF,-483.25,11,Flowers,Business,11,Flowers,Business,,,,,
2026-04-01,2026,4,Bank of Marin,BoM master,Neve Bros Inc,Neve Bros Inc,-484.0,11,Flowers,Business,11,Flowers,Business,,,,,
2024-01-17,2024,1,Capital One CC,2024.xlsx Capital 1 Clean,Mayesh Wholesale Flowers,Mayesh San Francisco,-484.5,11,Flowers,Business,11,Flowers,Business,,,,,
2025-12-04,2025,12,Bank of Marin,2025 v3.xlsx,Neve Bros Inc Sf San Franc Ca,Neve Bros Inc Sf San Franc Ca,-485.0,11,Flowers,Business,11,Flowers,Business,,,,,
2023-09-07,2023,9,Capital One CC,CC uploads,Torchio Nursery,TORCHIO NURSERY COMPAN,-485.5,11,Flowers,Business,11,Flowers,Business,,,,,
2025-11-06,2025,11,Bank of Marin,2025 v3.xlsx,Neve Bros Inc Sf San Franc Ca,Neve Bros Inc Sf San Franc Ca,-487.0,11,Flowers,Business,11,Flowers,Business,,,,,
2023-09-25,2023,9,Bank of Marin,BoM master,CA Dept of Tax (CDTFA),CDTFA Tax Payment,-487.0,12,Tax,Business,12,Tax,Business,,,,,
2026-02-19,2026,2,Bank of Marin,BoM master,Neve Bros Inc Sf San Franc Ca,Neve Bros Inc Sf San Franc Ca,-487.5,11,Flowers,Business,11,Flowers,Business,,,,,
2023-09-01,2023,9,Bank of Marin,BoM master,Check #5083 — PAYEE UNKNOWN,Check #5083,-489.0,11,Flowers,Business,11,Flowers,Business,,,,,
2024-10-15,2024,10,Capital One CC,2024.xlsx Capital 1 Clean,Mayesh Wholesale Flowers,Mayesh San Francisco,-489.09,11,Flowers,Business,11,Flowers,Business,,,,,
2023-05-12,2023,5,Capital One CC,CC uploads,Mayesh Wholesale Flowers,Mayesh San Francisco,-489.6,11,Flowers,Business,11,Flowers,Business,,,,,
2025-03-05,2025,3,Bank of Marin,2025 v3.xlsx,IRS Tax Payment,IRS Tax Payment,-490.0,12,Tax,Business,12,Tax,Business,,,,,
2025-04-10,2025,4,Capital One CC,2025 v3.xlsx,FARMERS INS COMMERCIAL,FARMERS INS COMMERCIAL,-491.0,34,Insurance,Business,34,Insurance,Business,,,,,
2026-04-02,2026,4,Bank of Marin,BoM master,CA Dept of Tax (CDTFA),CDTFA Tax Payment,-491.0,12,Tax,Business,12,Tax,Business,,,,,
2026-02-10,2026,2,Bank of Marin,BoM master,CA Dept of Tax (CDTFA),CDTFA Tax Payment,-491.0,12,Tax,Business,12,Tax,Business,,,,,
2025-11-07,2025,11,Capital One CC,2025 v3.xlsx,Mayesh Wholesale Flowers,Mayesh San Francisco,-491.13,11,Flowers,Business,11,Flowers,Business,,,,,
2024-10-08,2024,10,Capital One CC,2024.xlsx Capital 1 Clean,Torchio Nursery,TORCHIO NURSERY COMPAN,-491.5,11,Flowers,Business,11,Flowers,Business,,,,,
2023-10-02,2023,10,Bank of Marin,BoM master,Neve Bros,Neve Bros,-492.0,11,Flowers,Business,11,Flowers,Business,,,,,
2023-05-30,2023,5,Capital One CC,CC uploads,Torchio Nursery,TORCHIO NURSERY COMPAN,-492.0,11,Flowers,Business,11,Flowers,Business,,,,,
2023-09-20,2023,9,Bank of Marin,BoM master,Check #5087 — PAYEE UNKNOWN,Check #5087,-492.5,11,Flowers,Business,11,Flowers,Business,,,,,
2023-05-13,2023,5,Capital One CC,CC uploads,Mayesh Wholesale Flowers,Mayesh San Francisco,-492.66,11,Flowers,Business,11,Flowers,Business,,,,,
2024-06-11,2024,6,Capital One CC,2024.xlsx Capital 1 Clean,Mayesh Wholesale Flowers,Mayesh San Francisco,-493.17,11,Flowers,Business,11,Flowers,Business,,,,,
2023-03-29,2023,3,Bank of Marin,BoM master,Check #5018 — PAYEE UNKNOWN,Check #5018,-495.0,11,Flowers,Business,11,Flowers,Business,,,,,
2024-09-26,2024,9,Capital One CC,2024.xlsx Capital 1 Clean,FLORAL SUPPLY SYND #1,FLORAL SUPPLY SYND #1,-495.25,11,Flowers,Business,11,Flowers,Business,,,,,
2025-11-05,2025,11,Bank of Marin,2025 v3.xlsx,CA Dept of Tax (CDTFA),CDTFA Tax Payment,-496.0,12,Tax,Business,12,Tax,Business,,,,,
2024-04-11,2024,4,Capital One CC,2024.xlsx Capital 1 Clean,FLORAL SUPPLY SYND #1,FLORAL SUPPLY SYND #1,-496.85,11,Flowers,Business,11,Flowers,Business,,,,,
2024-02-27,2024,2,Bank of Marin,2024.xlsx Marin clean,Check #5122 — PAYEE UNKNOWN,Check #5122,-498.0,11,Flowers,Business,11,Flowers,Business,,,,,
2025-07-01,2025,7,Bank of Marin,2025 v3.xlsx,Neve Bros Inc Sf San Franc Ca,Neve Bros Inc Sf San Franc Ca,-499.0,11,Flowers,Business,11,Flowers,Business,,,,,
2024-11-07,2024,11,Capital One CC,2024.xlsx Capital 1 Clean,Torchio Nursery,TORCHIO NURSERY COMPAN,-499.5,11,Flowers,Business,11,Flowers,Business,,,,,
2025-03-07,2025,3,Capital One CC,2025 v3.xlsx,Torchio Nursery,TORCHIO NURSERY COMPAN,-499.5,11,Flowers,Business,11,Flowers,Business,,,,,
2024-09-09,2024,9,Bank of Marin,2024.xlsx Marin clean,Venmo — RECIPIENT UNKNOWN,Transfer to Venmo,-500.0,22,Venmo,Business,22,Venmo,Business,,,,,
2026-06-04,2026,6,Bank of Marin,BoM master,Neve Bros Inc Sf San Franc Ca,Neve Bros Inc Sf San Franc Ca,-500.0,11,Flowers,Business,11,Flowers,Business,,,,,
2026-03-10,2026,3,Capital One CC,CC uploads,Grace Nursery,GRACE NURSERY INC,-502.83,11,Flowers,Business,11,Flowers,Business,,,,,
2026-03-10,2026,3,Bank of Marin,BoM master,Neve Bros Inc Sf San Franc Ca,Neve Bros Inc Sf San Franc Ca,-503.0,11,Flowers,Business,11,Flowers,Business,,,,,
2023-12-05,2023,12,Capital One CC,CC uploads,Miguel Flowers,SQ *MIGUEL FLOWERS,-503.07,11,Flowers,Business,11,Flowers,Business,,,,,
2025-04-25,2025,4,Bank of Marin,2025 v3.xlsx,Torchio Nursery,Torchio Nursery Co Mpany,-503.5,11,Flowers,Business,11,Flowers,Business,,,,,
2023-04-11,2023,4,Capital One CC,CC uploads,Torchio Nursery,TORCHIO NURSERY COMPAN,-504.0,11,Flowers,Business,11,Flowers,Business,,,,,
2024-05-30,2024,5,Capital One CC,2024.xlsx Capital 1 Clean,Torchio Nursery,TORCHIO NURSERY COMPAN,-505.0,11,Flowers,Business,11,Flowers,Business,,,,,
2023-09-19,2023,9,Bank of Marin,BoM master,Check #5088 — PAYEE UNKNOWN,Check #5088,-507.0,11,Flowers,Business,11,Flowers,Business,,,,,
2023-09-26,2023,9,Capital One CC,CC uploads,Mayesh Wholesale Flowers,Mayesh San Francisco,-507.96,11,Flowers,Business,11,Flowers,Business,,,,,
2023-06-15,2023,6,Capital One CC,CC uploads,Lupe Farm,LUPE FARM,-508.4,11,Flowers,Business,11,Flowers,Business,,,,,
2024-05-02,2024,5,Capital One CC,2024.xlsx Capital 1 Clean,FLORAL SUPPLY SYND #1,FLORAL SUPPLY SYND #1,-508.55,11,Flowers,Business,11,Flowers,Business,,,,,
2025-06-13,2025,6,Capital One CC,2025 v3.xlsx,Miguel Flowers,SQ *MIGUEL FLOWERS,-508.69,11,Flowers,Business,11,Flowers,Business,,,,,
2023-02-07,2023,2,Capital One CC,CC uploads,Torchio Nursery,TORCHIO NURSERY COMPAN,-509.0,11,Flowers,Business,11,Flowers,Business,,,,,
2024-06-07,2024,6,Bank of Marin,2024.xlsx Marin clean,Check #5144 — PAYEE UNKNOWN,Check #5144,-510.0,11,Flowers,Business,11,Flowers,Business,,,,,
2024-07-24,2024,7,Capital One CC,2024.xlsx Capital 1 Clean,CITY OF ALAMEDA,CITY OF ALAMEDA,-511.0,42,Misc,Business,42,Misc,Business,,,,,
2024-05-14,2024,5,Bank of Marin,2024.xlsx Marin clean,Venmo — RECIPIENT UNKNOWN,Transfer to Venmo,-512.0,22,Venmo,Business,22,Venmo,Business,,,,,
2024-09-05,2024,9,Capital One CC,2024.xlsx Capital 1 Clean,Torchio Nursery,TORCHIO NURSERY COMPAN,-514.0,11,Flowers,Business,11,Flowers,Business,,,,,
2025-01-29,2025,1,Capital One CC,2025 v3.xlsx,Torchio Nursery,TORCHIO NURSERY COMPAN,-516.0,11,Flowers,Business,11,Flowers,Business,,,,,
2023-01-03,2023,1,Capital One CC,CC uploads,Mayesh Wholesale Flowers,Mayesh San Francisco,-517.14,11,Flowers,Business,11,Flowers,Business,,,,,
2025-09-24,2025,9,Capital One CC,2025 v3.xlsx,Torchio Nursery,TORCHIO NURSERY COMPAN,-517.5,11,Flowers,Business,11,Flowers,Business,,,,,
2024-10-01,2024,10,Capital One CC,2024.xlsx Capital 1 Clean,FARMERS INS COMMERCIAL,FARMERS INS COMMERCIAL,-518.0,34,Insurance,Business,34,Insurance,Business,,,,,
2025-10-31,2025,10,Bank of Marin,2025 v3.xlsx,Check #2052 — PAYEE UNKNOWN,Check #2052,-519.5,11,Flowers,Business,11,Flowers,Business,,,,,
2025-01-31,2025,1,Capital One CC,2025 v3.xlsx,Torchio Nursery,TORCHIO NURSERY COMPAN,-520.5,11,Flowers,Business,11,Flowers,Business,,,,,
2023-02-11,2023,2,Capital One CC,CC uploads,Torchio Nursery,TORCHIO NURSERY COMPAN,-520.5,11,Flowers,Business,11,Flowers,Business,,,,,
2024-07-15,2024,7,Bank of Marin,2024.xlsx Marin clean,Check #5171 — PAYEE UNKNOWN,Check #5171,-521.0,11,Flowers,Business,11,Flowers,Business,,,,,
2023-04-25,2023,4,Capital One CC,CC uploads,Mayesh Wholesale Flowers,Mayesh San Francisco,-521.22,11,Flowers,Business,11,Flowers,Business,,,,,
2023-08-24,2023,8,Bank of Marin,BoM master,Neve Bros,Neve Bros,-521.73,11,Flowers,Business,11,Flowers,Business,,,,,
2024-09-17,2024,9,Capital One CC,2024.xlsx Capital 1 Clean,FLORAL SUPPLY SYND #1,FLORAL SUPPLY SYND #1,-522.65,11,Flowers,Business,11,Flowers,Business,,,,,
2024-07-16,2024,7,Capital One CC,2024.xlsx Capital 1 Clean,Mayesh Wholesale Flowers,Mayesh San Francisco,-522.75,11,Flowers,Business,11,Flowers,Business,,,,,
2023-06-16,2023,6,Bank of Marin,BoM master,Neve Bros,Neve Bros,-522.75,11,Flowers,Business,11,Flowers,Business,,,,,
2023-12-12,2023,12,Capital One CC,CC uploads,Mayesh Wholesale Flowers,Mayesh San Francisco,-523.26,11,Flowers,Business,11,Flowers,Business,,,,,
2025-04-23,2025,4,Bank of Marin,2025 v3.xlsx,Torchio Nursery,Torchio Nursery Co Mpany,-523.5,11,Flowers,Business,11,Flowers,Business,,,,,
2023-12-20,2023,12,Bank of Marin,BoM master,Check #5105 — PAYEE UNKNOWN,Check #5105,-523.5,11,Flowers,Business,11,Flowers,Business,,,,,
2025-02-28,2025,2,Capital One CC,2025 v3.xlsx,Torchio Nursery,TORCHIO NURSERY COMPAN,-524.0,11,Flowers,Business,11,Flowers,Business,,,,,
2026-07-14,2026,7,Capital One CC,CC uploads,Torchio Nursery,TORCHIO NURSERY COMPAN,-525.0,11,Flowers,Business,11,Flowers,Business,,,,,
2023-01-31,2023,1,Capital One CC,CC uploads,Mayesh Wholesale Flowers,Mayesh San Francisco,-525.3,11,Flowers,Business,11,Flowers,Business,,,,,
2023-10-31,2023,10,Capital One CC,CC uploads,Torchio Nursery,TORCHIO NURSERY COMPAN,-525.5,11,Flowers,Business,11,Flowers,Business,,,,,
2024-09-03,2024,9,Capital One CC,2024.xlsx Capital 1 Clean,Mayesh Wholesale Flowers,Mayesh San Francisco,-525.55,11,Flowers,Business,11,Flowers,Business,,,,,
2025-10-02,2025,10,Capital One CC,2025 v3.xlsx,FARMERS INS COMMERCIAL,FARMERS INS COMMERCIAL,-527.0,34,Insurance,Business,34,Insurance,Business,,,,,
2024-10-01,2024,10,Capital One CC,2024.xlsx Capital 1 Clean,Mayesh Wholesale Flowers,Mayesh San Francisco,-527.85,11,Flowers,Business,11,Flowers,Business,,,,,
2024-08-06,2024,8,Capital One CC,2024.xlsx Capital 1 Clean,Mayesh Wholesale Flowers,Mayesh San Francisco,-528.36,11,Flowers,Business,11,Flowers,Business,,,,,
2023-05-16,2023,5,Capital One CC,CC uploads,Mayesh Wholesale Flowers,Mayesh San Francisco,-528.36,11,Flowers,Business,11,Flowers,Business,,,,,
2026-01-20,2026,1,Capital One CC,CC uploads,Mayesh Wholesale Flowers,Mayesh San Francisco,-528.36,11,Flowers,Business,11,Flowers,Business,,,,,
2024-10-08,2024,10,Capital One CC,2024.xlsx Capital 1 Clean,Mayesh Wholesale Flowers,Mayesh San Francisco,-528.87,11,Flowers,Business,11,Flowers,Business,,,,,
2024-06-04,2024,6,Capital One CC,2024.xlsx Capital 1 Clean,Mayesh Wholesale Flowers,Mayesh San Francisco,-529.38,11,Flowers,Business,11,Flowers,Business,,,,,
2025-09-10,2025,9,Capital One CC,2025 v3.xlsx,Torchio Nursery,TORCHIO NURSERY COMPAN,-530.0,11,Flowers,Business,11,Flowers,Business,,,,,
2024-10-24,2024,10,Capital One CC,2024.xlsx Capital 1 Clean,FLORAL SUPPLY SYND #1,FLORAL SUPPLY SYND #1,-531.15,11,Flowers,Business,11,Flowers,Business,,,,,
2024-01-23,2024,1,Capital One CC,2024.xlsx Capital 1 Clean,Mayesh Wholesale Flowers,Mayesh San Francisco,-531.93,11,Flowers,Business,11,Flowers,Business,,,,,
2024-06-06,2024,6,Capital One CC,2024.xlsx Capital 1 Clean,Torchio Nursery,TORCHIO NURSERY COMPAN,-532.5,11,Flowers,Business,11,Flowers,Business,,,,,
2026-04-07,2026,4,Capital One CC,CC uploads,Mayesh Wholesale Flowers,Mayesh - San Francisco,-532.95,11,Flowers,Business,11,Flowers,Business,,,,,
2024-03-19,2024,3,Capital One CC,2024.xlsx Capital 1 Clean,Mayesh Wholesale Flowers,Mayesh San Francisco,-533.46,11,Flowers,Business,11,Flowers,Business,,,,,
2025-12-23,2025,12,Capital One CC,2025 v3.xlsx,Mayesh Wholesale Flowers,Mayesh San Francisco,-533.46,11,Flowers,Business,11,Flowers,Business,,,,,
2023-05-11,2023,5,Capital One CC,CC uploads,Mayesh Wholesale Flowers,Mayesh San Francisco,-534.48,11,Flowers,Business,11,Flowers,Business,,,,,
2026-03-31,2026,3,Capital One CC,CC uploads,Mayesh Wholesale Flowers,Mayesh - San Francisco,-534.48,11,Flowers,Business,11,Flowers,Business,,,,,
2024-04-02,2024,4,Capital One CC,2024.xlsx Capital 1 Clean,Mayesh Wholesale Flowers,Mayesh San Francisco,-535.5,11,Flowers,Business,11,Flowers,Business,,,,,
2025-01-31,2025,1,Bank of Marin,2025 v3.xlsx,Check #5214 — PAYEE UNKNOWN,Check #5214,-536.0,11,Flowers,Business,11,Flowers,Business,,,,,
2026-06-05,2026,6,Capital One CC,CC uploads,CITY OF ALAMEDA,CITY OF ALAMEDA,-538.0,42,Misc,Business,42,Misc,Business,,,,,
2026-02-17,2026,2,Capital One CC,CC uploads,Mayesh Wholesale Flowers,Mayesh San Francisco,-538.05,11,Flowers,Business,11,Flowers,Business,,,,,
2023-03-08,2023,3,Bank of Marin,BoM master,Check #5069 — PAYEE UNKNOWN,Check #5069,-538.5,11,Flowers,Business,11,Flowers,Business,,,,,
2023-10-30,2023,10,Bank of Marin,BoM master,Check #208 — PAYEE UNKNOWN,Check #208,-540.0,11,Flowers,Business,11,Flowers,Business,,,,,
2024-09-19,2024,9,Capital One CC,2024.xlsx Capital 1 Clean,Mayesh Wholesale Flowers,Mayesh San Francisco,-540.09,11,Flowers,Business,11,Flowers,Business,,,,,
2025-01-08,2025,1,Capital One CC,2025 v3.xlsx,Torchio Nursery,TORCHIO NURSERY COMPAN,-541.0,11,Flowers,Business,11,Flowers,Business,,,,,
2024-03-26,2024,3,Capital One CC,2024.xlsx Capital 1 Clean,Torchio Nursery,TORCHIO NURSERY COMPAN,-541.5,11,Flowers,Business,11,Flowers,Business,,,,,
2023-09-27,2023,9,Bank of Marin,BoM master,Neve Bros,Neve Bros,-541.71,11,Flowers,Business,11,Flowers,Business,,,,,
2023-10-05,2023,10,Capital One CC,CC uploads,Lupe Farm,LUPE FARM,-543.25,11,Flowers,Business,11,Flowers,Business,,,,,
2024-12-11,2024,12,Capital One CC,2024.xlsx Capital 1 Clean,Torchio Nursery,TORCHIO NURSERY COMPAN,-545.0,11,Flowers,Business,11,Flowers,Business,,,,,
2026-02-06,2026,2,Capital One CC,CC uploads,Torchio Nursery,TORCHIO NURSERY COMPAN,-545.0,11,Flowers,Business,11,Flowers,Business,,,,,
2024-05-13,2024,5,Capital One CC,2024.xlsx Capital 1 Clean,Torchio Nursery,TORCHIO NURSERY COMPAN,-546.5,11,Flowers,Business,11,Flowers,Business,,,,,
2024-11-26,2024,11,Bank of Marin,2024.xlsx Marin clean,Check #5173 — PAYEE UNKNOWN,Check #5173,-549.5,11,Flowers,Business,11,Flowers,Business,,,,,
2025-03-28,2025,3,Capital One CC,2025 v3.xlsx,Torchio Nursery,TORCHIO NURSERY COMPAN,-550.0,11,Flowers,Business,11,Flowers,Business,,,,,
2024-07-02,2024,7,Bank of Marin,2024.xlsx Marin clean,Check #5170 — PAYEE UNKNOWN,Check #5170,-550.5,11,Flowers,Business,11,Flowers,Business,,,,,
2023-05-02,2023,5,Capital One CC,CC uploads,Mayesh Wholesale Flowers,Mayesh San Francisco,-553.86,11,Flowers,Business,11,Flowers,Business,,,,,
2023-11-06,2023,11,Bank of Marin,BoM master,Check #5155 — PAYEE UNKNOWN,Check #5155,-554.5,11,Flowers,Business,11,Flowers,Business,,,,,
2023-05-25,2023,5,Capital One CC,CC uploads,AIRBNB  HMHABAZEAY,AIRBNB  HMHABAZEAY,-554.75,42,Misc,Business,42,Misc,Business,,,,,
2023-03-07,2023,3,Capital One CC,CC uploads,Torchio Nursery,TORCHIO NURSERY COMPAN,-557.5,11,Flowers,Business,11,Flowers,Business,,,,,
2023-01-04,2023,1,Capital One CC,CC uploads,Torchio Nursery,TORCHIO NURSERY COMPAN,-558.0,11,Flowers,Business,11,Flowers,Business,,,,,
2024-09-24,2024,9,Capital One CC,2024.xlsx Capital 1 Clean,Mayesh Wholesale Flowers,Mayesh San Francisco,-558.96,11,Flowers,Business,11,Flowers,Business,,,,,
2023-11-21,2023,11,Capital One CC,CC uploads,Mayesh Wholesale Flowers,Mayesh San Francisco,-558.96,11,Flowers,Business,11,Flowers,Business,,,,,
2024-04-01,2024,4,Bank of Marin,2024.xlsx Marin clean,Check #5139 — PAYEE UNKNOWN,Check #5139,-559.0,11,Flowers,Business,11,Flowers,Business,,,,,
2024-03-25,2024,3,Bank of Marin,2024.xlsx Marin clean,Check #5135 — PAYEE UNKNOWN,Check #5135,-559.5,11,Flowers,Business,11,Flowers,Business,,,,,
2023-10-13,2023,10,Bank of Marin,BoM master,Check #5100 — PAYEE UNKNOWN,Check #5100,-560.0,11,Flowers,Business,11,Flowers,Business,,,,,
2025-07-02,2025,7,Capital One CC,2025 v3.xlsx,Torchio Nursery,TORCHIO NURSERY COMPAN,-561.5,11,Flowers,Business,11,Flowers,Business,,,,,
2026-02-11,2026,2,Bank of Marin,BoM master,Torchio Nursery,Torchio Nursery Co Mpany,-562.5,11,Flowers,Business,11,Flowers,Business,,,,,
2025-08-27,2025,8,Capital One CC,2025 v3.xlsx,Torchio Nursery,TORCHIO NURSERY COMPAN,-564.5,11,Flowers,Business,11,Flowers,Business,,,,,
2025-07-17,2025,7,Bank of Marin,2025 v3.xlsx,Neve Bros Inc Sf San Franc Ca,Neve Bros Inc Sf San Franc Ca,-565.0,11,Flowers,Business,11,Flowers,Business,,,,,
2023-10-03,2023,10,Capital One CC,CC uploads,Mayesh Wholesale Flowers,Mayesh San Francisco,-565.59,11,Flowers,Business,11,Flowers,Business,,,,,
2023-05-04,2023,5,Capital One CC,CC uploads,Mayesh Wholesale Flowers,Mayesh San Francisco,-566.61,11,Flowers,Business,11,Flowers,Business,,,,,
2024-10-01,2024,10,Capital One CC,2024.xlsx Capital 1 Clean,Torchio Nursery,TORCHIO NURSERY COMPAN,-568.0,11,Flowers,Business,11,Flowers,Business,,,,,
2025-11-22,2025,11,Capital One CC,2025 v3.xlsx,Torchio Nursery,TORCHIO NURSERY COMPAN,-568.0,11,Flowers,Business,11,Flowers,Business,,,,,
2026-02-06,2026,2,Capital One CC,CC uploads,Mayesh Wholesale Flowers,Mayesh San Francisco,-568.14,11,Flowers,Business,11,Flowers,Business,,,,,
2024-04-23,2024,4,Capital One CC,2024.xlsx Capital 1 Clean,Torchio Nursery,TORCHIO NURSERY COMPAN,-568.5,11,Flowers,Business,11,Flowers,Business,,,,,
2023-10-20,2023,10,Bank of Marin,BoM master,Check #203 — PAYEE UNKNOWN,Check #203,-568.5,11,Flowers,Business,11,Flowers,Business,,,,,
2023-09-22,2023,9,Bank of Marin,BoM master,Check #5091 — PAYEE UNKNOWN,Check #5091,-568.5,11,Flowers,Business,11,Flowers,Business,,,,,
2023-03-22,2023,3,Bank of Marin,BoM master,Check #5016 — PAYEE UNKNOWN,Check #5016,-569.0,11,Flowers,Business,11,Flowers,Business,,,,,
2024-07-11,2024,7,Capital One CC,2024.xlsx Capital 1 Clean,FLORAL SUPPLY SYND #1,FLORAL SUPPLY SYND #1,-569.4,11,Flowers,Business,11,Flowers,Business,,,,,
2025-08-21,2025,8,Bank of Marin,2025 v3.xlsx,CA Dept of Tax (CDTFA),CDTFA Tax Payment,-569.81,12,Tax,Business,12,Tax,Business,,,,,
2025-06-05,2025,6,Bank of Marin,2025 v3.xlsx,Neve Bros Inc Sf San Franc Ca,Neve Bros Inc Sf San Franc Ca,-570.0,11,Flowers,Business,11,Flowers,Business,,,,,
2024-04-15,2024,4,Bank of Marin,2024.xlsx Marin clean,Check #5142 — PAYEE UNKNOWN,Check #5142,-571.0,11,Flowers,Business,11,Flowers,Business,,,,,
2024-03-05,2024,3,Capital One CC,2024.xlsx Capital 1 Clean,Torchio Nursery,TORCHIO NURSERY COMPAN,-571.0,11,Flowers,Business,11,Flowers,Business,,,,,
2024-05-05,2024,5,Capital One CC,2024.xlsx Capital 1 Clean,TACA INT  0000000002HVSR4,TACA INT  0000000002HVSR4,-573.76,67,Travel,Personal,67,Travel,Personal,,,,,
2024-02-09,2024,2,Capital One CC,2024.xlsx Capital 1 Clean,Torchio Nursery,TORCHIO NURSERY COMPAN,-574.0,11,Flowers,Business,11,Flowers,Business,,,,,
2025-02-19,2025,2,Bank of Marin,2025 v3.xlsx,Check #5210 — PAYEE UNKNOWN,Check #5210,-575.0,11,Flowers,Business,11,Flowers,Business,,,,,
2023-04-05,2023,4,Bank of Marin,BoM master,Check #5021 — PAYEE UNKNOWN,Check #5021,-577.5,11,Flowers,Business,11,Flowers,Business,,,,,
2023-06-20,2023,6,Capital One CC,CC uploads,Mayesh Wholesale Flowers,Mayesh San Francisco,-577.83,11,Flowers,Business,11,Flowers,Business,,,,,
2023-06-15,2023,6,Capital One CC,CC uploads,Torchio Nursery,TORCHIO NURSERY COMPAN,-578.0,11,Flowers,Business,11,Flowers,Business,,,,,
2023-11-07,2023,11,Capital One CC,CC uploads,Mayesh Wholesale Flowers,Mayesh San Francisco,-579.87,11,Flowers,Business,11,Flowers,Business,,,,,
2025-10-01,2025,10,Capital One CC,2025 v3.xlsx,Torchio Nursery,TORCHIO NURSERY COMPAN,-581.0,11,Flowers,Business,11,Flowers,Business,,,,,
2025-01-16,2025,1,Bank of Marin,2025 v3.xlsx,Check #5213 — PAYEE UNKNOWN,Check #5213,-581.5,11,Flowers,Business,11,Flowers,Business,,,,,
2024-07-09,2024,7,Capital One CC,2024.xlsx Capital 1 Clean,Torchio Nursery,TORCHIO NURSERY COMPAN,-582.5,11,Flowers,Business,11,Flowers,Business,,,,,
2023-06-06,2023,6,Capital One CC,CC uploads,Torchio Nursery,TORCHIO NURSERY COMPAN,-583.0,11,Flowers,Business,11,Flowers,Business,,,,,
2023-10-24,2023,10,Capital One CC,CC uploads,Mayesh Wholesale Flowers,Mayesh San Francisco,-584.97,11,Flowers,Business,11,Flowers,Business,,,,,
2024-05-08,2024,5,Capital One CC,2024.xlsx Capital 1 Clean,Torchio Nursery,TORCHIO NURSERY COMPAN,-586.0,11,Flowers,Business,11,Flowers,Business,,,,,
2025-05-02,2025,5,Capital One CC,2025 v3.xlsx,Miguel Flowers,SQ *MIGUEL FLOWERS,-586.92,11,Flowers,Business,11,Flowers,Business,,,,,
2023-03-28,2023,3,Capital One CC,CC uploads,Torchio Nursery,TORCHIO NURSERY COMPAN,-587.0,11,Flowers,Business,11,Flowers,Business,,,,,
2023-02-09,2023,2,Capital One CC,CC uploads,Torchio Nursery,TORCHIO NURSERY COMPAN,-587.0,11,Flowers,Business,11,Flowers,Business,,,,,
2026-06-04,2026,6,Capital One CC,CC uploads,Mayesh Wholesale Flowers,Mayesh - San Francisco,-587.01,11,Flowers,Business,11,Flowers,Business,,,,,
2025-09-25,2025,9,Bank of Marin,2025 v3.xlsx,Neve Bros Inc Sf San Franc Ca,Neve Bros Inc Sf San Franc Ca,-587.5,11,Flowers,Business,11,Flowers,Business,,,,,
2025-10-29,2025,10,Capital One CC,2025 v3.xlsx,Torchio Nursery,TORCHIO NURSERY COMPAN,-588.0,11,Flowers,Business,11,Flowers,Business,,,,,
2023-06-08,2023,6,Capital One CC,CC uploads,Torchio Nursery,TORCHIO NURSERY COMPAN,-589.0,11,Flowers,Business,11,Flowers,Business,,,,,
2026-07-21,2026,7,Capital One CC,CC uploads,Torchio Nursery,TORCHIO NURSERY COMPAN,-590.0,11,Flowers,Business,11,Flowers,Business,,,,,
2023-09-05,2023,9,Capital One CC,CC uploads,Mayesh Wholesale Flowers,Mayesh San Francisco,-590.58,11,Flowers,Business,11,Flowers,Business,,,,,
2025-10-28,2025,10,Capital One CC,2025 v3.xlsx,ACKERMAN S SERVICING V,ACKERMAN S SERVICING V,-592.18,31,Car (shop),Business,31,Car (shop),Business,,,,,
2024-05-06,2024,5,Capital One CC,2024.xlsx Capital 1 Clean,Mayesh Wholesale Flowers,Mayesh San Francisco,-592.62,11,Flowers,Business,11,Flowers,Business,,,,,
2023-02-07,2023,2,Capital One CC,CC uploads,Mayesh Wholesale Flowers,Mayesh San Francisco,-594.16,11,Flowers,Business,11,Flowers,Business,,,,,
2023-08-14,2023,8,Bank of Marin,BoM master,Check #5076 — PAYEE UNKNOWN,Check #5076,-594.5,11,Flowers,Business,11,Flowers,Business,,,,,
2024-05-11,2024,5,Capital One CC,2024.xlsx Capital 1 Clean,Torchio Nursery,TORCHIO NURSERY COMPAN,-595.0,11,Flowers,Business,11,Flowers,Business,,,,,
2023-09-12,2023,9,Capital One CC,CC uploads,Mayesh Wholesale Flowers,Mayesh San Francisco,-595.68,11,Flowers,Business,11,Flowers,Business,,,,,
2024-01-22,2024,1,Bank of Marin,2024.xlsx Marin clean,Check #5111 — PAYEE UNKNOWN,Check #5111,-597.0,11,Flowers,Business,11,Flowers,Business,,,,,
2025-03-04,2025,3,Bank of Marin,2025 v3.xlsx,Check #5178 — PAYEE UNKNOWN,Check #5178,-598.0,11,Flowers,Business,11,Flowers,Business,,,,,
2023-03-15,2023,3,Bank of Marin,BoM master,Check #5071 — PAYEE UNKNOWN,Check #5071,-598.0,11,Flowers,Business,11,Flowers,Business,,,,,
2023-07-11,2023,7,Capital One CC,CC uploads,Torchio Nursery,TORCHIO NURSERY COMPAN,-598.5,11,Flowers,Business,11,Flowers,Business,,,,,
2025-02-18,2025,2,Bank of Marin,2025 v3.xlsx,Venmo — RECIPIENT UNKNOWN,Transfer to Venmo,-600.0,22,Venmo,Business,22,Venmo,Business,,,,,
2025-03-13,2025,3,Bank of Marin,2025 v3.xlsx,Venmo — RECIPIENT UNKNOWN,Transfer to Venmo,-600.0,22,Venmo,Business,22,Venmo,Business,,,,,
2025-01-14,2025,1,Bank of Marin,2025 v3.xlsx,U.S. Small Business Administration,U.S. Small Business Administration,-600.0,35,SBA / Admin,Business,35,SBA / Admin,Business,,,,,
2025-02-14,2025,2,Bank of Marin,2025 v3.xlsx,U.S. Small Business Administration,U.S. Small Business Administration,-600.0,35,SBA / Admin,Business,35,SBA / Admin,Business,,,,,
2025-03-14,2025,3,Bank of Marin,2025 v3.xlsx,U.S. Small Business Administration,U.S. Small Business Administration,-600.0,35,SBA / Admin,Business,35,SBA / Admin,Business,,,,,
2025-04-14,2025,4,Bank of Marin,2025 v3.xlsx,U.S. Small Business Administration,U.S. Small Business Administration,-600.0,35,SBA / Admin,Business,35,SBA / Admin,Business,,,,,
2025-05-14,2025,5,Bank of Marin,2025 v3.xlsx,U.S. Small Business Administration,U.S. Small Business Administration,-600.0,35,SBA / Admin,Business,35,SBA / Admin,Business,,,,,
2025-06-16,2025,6,Bank of Marin,2025 v3.xlsx,U.S. Small Business Administration,U.S. Small Business Administration,-600.0,35,SBA / Admin,Business,35,SBA / Admin,Business,,,,,
2025-07-14,2025,7,Bank of Marin,2025 v3.xlsx,U.S. Small Business Administration,U.S. Small Business Administration,-600.0,35,SBA / Admin,Business,35,SBA / Admin,Business,,,,,
2025-08-14,2025,8,Bank of Marin,2025 v3.xlsx,U.S. Small Business Administration,U.S. Small Business Administration,-600.0,35,SBA / Admin,Business,35,SBA / Admin,Business,,,,,
2025-09-15,2025,9,Bank of Marin,2025 v3.xlsx,U.S. Small Business Administration,U.S. Small Business Administration,-600.0,35,SBA / Admin,Business,35,SBA / Admin,Business,,,,,
2025-10-14,2025,10,Bank of Marin,2025 v3.xlsx,U.S. Small Business Administration,U.S. Small Business Administration,-600.0,35,SBA / Admin,Business,35,SBA / Admin,Business,,,,,
2025-11-14,2025,11,Bank of Marin,2025 v3.xlsx,U.S. Small Business Administration,U.S. Small Business Administration,-600.0,35,SBA / Admin,Business,35,SBA / Admin,Business,,,,,
2025-12-15,2025,12,Bank of Marin,2025 v3.xlsx,U.S. Small Business Administration,U.S. Small Business Administration,-600.0,35,SBA / Admin,Business,35,SBA / Admin,Business,,,,,
2026-02-17,2026,2,Bank of Marin,BoM master,Venmo — RECIPIENT UNKNOWN,Transfer to Venmo,-600.0,22,Venmo,Business,22,Venmo,Business,,,,,
2023-04-27,2023,4,Bank of Marin,BoM master,Check #5013 — PAYEE UNKNOWN,Check #5013,-600.0,11,Flowers,Business,11,Flowers,Business,,,,,
2025-01-15,2025,1,Capital One CC,2025 v3.xlsx,Torchio Nursery,TORCHIO NURSERY COMPAN,-600.5,11,Flowers,Business,11,Flowers,Business,,,,,
2025-08-22,2025,8,Capital One CC,2025 v3.xlsx,Torchio Nursery,TORCHIO NURSERY COMPAN,-600.5,11,Flowers,Business,11,Flowers,Business,,,,,
2023-09-19,2023,9,Capital One CC,CC uploads,Mayesh Wholesale Flowers,Mayesh San Francisco,-600.78,11,Flowers,Business,11,Flowers,Business,,,,,
2024-05-10,2024,5,Capital One CC,2024.xlsx Capital 1 Clean,Torchio Nursery,TORCHIO NURSERY COMPAN,-601.0,11,Flowers,Business,11,Flowers,Business,,,,,
2025-11-25,2025,11,Bank of Marin,2025 v3.xlsx,Neve Bros Inc Sf San Franc Ca,Neve Bros Inc Sf San Franc Ca,-601.0,11,Flowers,Business,11,Flowers,Business,,,,,
2026-05-12,2026,5,Bank of Marin,BoM master,Neve Bros Inc Sf San Franc Ca,Neve Bros Inc Sf San Franc Ca,-601.0,11,Flowers,Business,11,Flowers,Business,,,,,
2025-10-08,2025,10,Capital One CC,2025 v3.xlsx,Torchio Nursery,TORCHIO NURSERY COMPAN,-602.0,11,Flowers,Business,11,Flowers,Business,,,,,
2025-07-16,2025,7,Capital One CC,2025 v3.xlsx,Mayesh Wholesale Flowers,Mayesh San Francisco,-603.33,11,Flowers,Business,11,Flowers,Business,,,,,
2023-04-04,2023,4,Capital One CC,CC uploads,Mayesh Wholesale Flowers,Mayesh San Francisco,-604.35,11,Flowers,Business,11,Flowers,Business,,,,,
2025-08-07,2025,8,Bank of Marin,2025 v3.xlsx,Check #5244 — PAYEE UNKNOWN,Check #5244,-605.0,11,Flowers,Business,11,Flowers,Business,,,,,
2025-10-24,2025,10,Bank of Marin,2025 v3.xlsx,Check #5219 — PAYEE UNKNOWN,Check #5219,-605.5,11,Flowers,Business,11,Flowers,Business,,,,,
2023-11-01,2023,11,Capital One CC,CC uploads,Mayesh Wholesale Flowers,Mayesh San Francisco,-606.39,11,Flowers,Business,11,Flowers,Business,,,,,
2024-03-15,2024,3,Bank of Marin,2024.xlsx Marin clean,Check #5134 — PAYEE UNKNOWN,Check #5134,-607.0,11,Flowers,Business,11,Flowers,Business,,,,,
2025-11-12,2025,11,Capital One CC,2025 v3.xlsx,Torchio Nursery,TORCHIO NURSERY COMPAN,-607.0,11,Flowers,Business,11,Flowers,Business,,,,,
2025-09-05,2025,9,Capital One CC,2025 v3.xlsx,Torchio Nursery,TORCHIO NURSERY COMPAN,-607.5,11,Flowers,Business,11,Flowers,Business,,,,,
2024-09-09,2024,9,Bank of Marin,2024.xlsx Marin clean,Check #5174 — PAYEE UNKNOWN,Check #5174,-608.0,11,Flowers,Business,11,Flowers,Business,,,,,
2026-03-24,2026,3,Bank of Marin,BoM master,Neve Bros Inc Sf San Franc Ca,Neve Bros Inc Sf San Franc Ca,-608.0,11,Flowers,Business,11,Flowers,Business,,,,,
2023-01-31,2023,1,Capital One CC,CC uploads,FLORAL SUPPLY SYND #1,FLORAL SUPPLY SYND #1,-608.0,11,Flowers,Business,11,Flowers,Business,,,,,
2025-09-11,2025,9,Bank of Marin,2025 v3.xlsx,Neve Bros Inc Sf San Franc Ca,Neve Bros Inc Sf San Franc Ca,-609.0,11,Flowers,Business,11,Flowers,Business,,,,,
2024-04-30,2024,4,Capital One CC,2024.xlsx Capital 1 Clean,Mayesh Wholesale Flowers,Mayesh San Francisco,-610.47,11,Flowers,Business,11,Flowers,Business,,,,,
2026-01-15,2026,1,Capital One CC,CC uploads,FLORAL SUPPLY SYND #1,FLORAL SUPPLY SYND #1,-611.5,11,Flowers,Business,11,Flowers,Business,,,,,
2023-08-01,2023,8,Capital One CC,CC uploads,Mayesh Wholesale Flowers,Mayesh San Francisco,-614.04,11,Flowers,Business,11,Flowers,Business,,,,,
2023-12-05,2023,12,Capital One CC,CC uploads,Mayesh Wholesale Flowers,Mayesh San Francisco,-616.59,11,Flowers,Business,11,Flowers,Business,,,,,
2026-05-28,2026,5,Capital One CC,CC uploads,Mayesh Wholesale Flowers,Mayesh - San Francisco,-616.59,11,Flowers,Business,11,Flowers,Business,,,,,
2023-10-18,2023,10,Capital One CC,CC uploads,Mayesh Wholesale Flowers,Mayesh San Francisco,-618.63,11,Flowers,Business,11,Flowers,Business,,,,,
2024-10-29,2024,10,Capital One CC,2024.xlsx Capital 1 Clean,Mayesh Wholesale Flowers,Mayesh San Francisco,-619.14,11,Flowers,Business,11,Flowers,Business,,,,,
2025-05-14,2025,5,Bank of Marin,2025 v3.xlsx,Venmo — RECIPIENT UNKNOWN,Transfer to Venmo,-620.0,22,Venmo,Business,22,Venmo,Business,,,,,
2026-05-11,2026,5,Bank of Marin,BoM master,Venmo — RECIPIENT UNKNOWN,Transfer to Venmo,-620.0,22,Venmo,Business,22,Venmo,Business,,,,,
2023-05-24,2023,5,Bank of Marin,BoM master,Neve Bros,Neve Bros,-622.69,11,Flowers,Business,11,Flowers,Business,,,,,
2023-10-05,2023,10,Capital One CC,CC uploads,Mayesh Wholesale Flowers,Mayesh San Francisco,-623.22,11,Flowers,Business,11,Flowers,Business,,,,,
2025-05-07,2025,5,Capital One CC,2025 v3.xlsx,Mayesh Wholesale Flowers,Mayesh San Francisco,-624.25,11,Flowers,Business,11,Flowers,Business,,,,,
2023-08-15,2023,8,Capital One CC,CC uploads,Mayesh Wholesale Flowers,Mayesh San Francisco,-626.79,11,Flowers,Business,11,Flowers,Business,,,,,
2025-08-28,2025,8,Bank of Marin,2025 v3.xlsx,Check #5249 — PAYEE UNKNOWN,Check #5249,-627.0,11,Flowers,Business,11,Flowers,Business,,,,,
2025-10-22,2025,10,Capital One CC,2025 v3.xlsx,Torchio Nursery,TORCHIO NURSERY COMPAN,-629.0,11,Flowers,Business,11,Flowers,Business,,,,,
2025-09-04,2025,9,Bank of Marin,2025 v3.xlsx,Neve Bros Inc Sf San Franc Ca,Neve Bros Inc Sf San Franc Ca,-629.5,11,Flowers,Business,11,Flowers,Business,,,,,
2024-01-02,2024,1,Capital One CC,2024.xlsx Capital 1 Clean,FLORAL SUPPLY SYND #1,FLORAL SUPPLY SYND #1,-629.75,11,Flowers,Business,11,Flowers,Business,,,,,
2024-02-14,2024,2,Capital One CC,2024.xlsx Capital 1 Clean,Mayesh Wholesale Flowers,Mayesh San Francisco,-630.36,11,Flowers,Business,11,Flowers,Business,,,,,
2023-04-18,2023,4,Capital One CC,CC uploads,Mayesh Wholesale Flowers,Mayesh San Francisco,-630.36,11,Flowers,Business,11,Flowers,Business,,,,,
2024-07-23,2024,7,Capital One CC,2024.xlsx Capital 1 Clean,Torchio Nursery,TORCHIO NURSERY COMPAN,-630.5,11,Flowers,Business,11,Flowers,Business,,,,,
2025-06-12,2025,6,Bank of Marin,2025 v3.xlsx,Neve Bros Inc Sf San Franc Ca,Neve Bros Inc Sf San Franc Ca,-631.0,11,Flowers,Business,11,Flowers,Business,,,,,
2025-06-13,2025,6,Capital One CC,2025 v3.xlsx,Mayesh Wholesale Flowers,Mayesh San Francisco,-633.42,11,Flowers,Business,11,Flowers,Business,,,,,
2023-05-04,2023,5,Capital One CC,CC uploads,Lupe Farm,LUPE FARM,-633.45,11,Flowers,Business,11,Flowers,Business,,,,,
2023-05-30,2023,5,Capital One CC,CC uploads,Mayesh Wholesale Flowers,Mayesh San Francisco,-634.44,11,Flowers,Business,11,Flowers,Business,,,,,
2025-04-18,2025,4,Capital One CC,2025 v3.xlsx,Torchio Nursery,TORCHIO NURSERY COMPAN,-635.0,11,Flowers,Business,11,Flowers,Business,,,,,
2023-05-11,2023,5,Capital One CC,CC uploads,Torchio Nursery,TORCHIO NURSERY COMPAN,-635.0,11,Flowers,Business,11,Flowers,Business,,,,,
2025-12-03,2025,12,Capital One CC,2025 v3.xlsx,Torchio Nursery,TORCHIO NURSERY COMPAN,-637.5,11,Flowers,Business,11,Flowers,Business,,,,,
2025-03-14,2025,3,Bank of Marin,2025 v3.xlsx,Check #5180 — PAYEE UNKNOWN,Check #5180,-638.5,11,Flowers,Business,11,Flowers,Business,,,,,
2024-10-22,2024,10,Capital One CC,2024.xlsx Capital 1 Clean,Torchio Nursery,TORCHIO NURSERY COMPAN,-639.0,11,Flowers,Business,11,Flowers,Business,,,,,
2025-08-05,2025,8,Bank of Marin,2025 v3.xlsx,Check #5232 — PAYEE UNKNOWN,Check #5232,-639.0,11,Flowers,Business,11,Flowers,Business,,,,,
2024-06-18,2024,6,Capital One CC,2024.xlsx Capital 1 Clean,Torchio Nursery,TORCHIO NURSERY COMPAN,-643.0,11,Flowers,Business,11,Flowers,Business,,,,,
2025-10-16,2025,10,Bank of Marin,2025 v3.xlsx,Neve Bros Inc Sf San Franc Ca,Neve Bros Inc Sf San Franc Ca,-643.0,11,Flowers,Business,11,Flowers,Business,,,,,
2026-05-21,2026,5,Capital One CC,CC uploads,Torchio Nursery,TORCHIO NURSERY COMPAN,-643.0,11,Flowers,Business,11,Flowers,Business,,,,,
2025-12-03,2025,12,Capital One CC,2025 v3.xlsx,Mayesh Wholesale Flowers,Mayesh San Francisco,-643.11,11,Flowers,Business,11,Flowers,Business,,,,,
2024-04-08,2024,4,Bank of Marin,2024.xlsx Marin clean,Check #5136 — PAYEE UNKNOWN,Check #5136,-645.0,11,Flowers,Business,11,Flowers,Business,,,,,
2025-05-28,2025,5,Capital One CC,2025 v3.xlsx,Miguel Flowers,SQ *MIGUEL FLOWERS,-647.75,11,Flowers,Business,11,Flowers,Business,,,,,
2025-09-18,2025,9,Bank of Marin,2025 v3.xlsx,Check #2054 — PAYEE UNKNOWN,Check #2054,-648.0,11,Flowers,Business,11,Flowers,Business,,,,,
2025-01-15,2025,1,Capital One CC,2025 v3.xlsx,Mayesh Wholesale Flowers,Mayesh San Francisco,-648.21,11,Flowers,Business,11,Flowers,Business,,,,,
2026-07-09,2026,7,Capital One CC,CC uploads,Torchio Nursery,TORCHIO NURSERY COMPAN,-649.0,11,Flowers,Business,11,Flowers,Business,,,,,
2025-09-26,2025,9,Capital One CC,2025 v3.xlsx,Mayesh Wholesale Flowers,Mayesh San Francisco,-652.29,11,Flowers,Business,11,Flowers,Business,,,,,
2025-09-03,2025,9,Capital One CC,2025 v3.xlsx,Torchio Nursery,TORCHIO NURSERY COMPAN,-655.0,11,Flowers,Business,11,Flowers,Business,,,,,
2024-02-14,2024,2,Bank of Marin,2024.xlsx Marin clean,Check #5117 — PAYEE UNKNOWN,Check #5117,-656.0,11,Flowers,Business,11,Flowers,Business,,,,,
2024-03-04,2024,3,Bank of Marin,2024.xlsx Marin clean,Check #5128 — PAYEE UNKNOWN,Check #5128,-656.0,11,Flowers,Business,11,Flowers,Business,,,,,
2025-05-14,2025,5,Capital One CC,2025 v3.xlsx,Torchio Nursery,TORCHIO NURSERY COMPAN,-656.5,11,Flowers,Business,11,Flowers,Business,,,,,
2026-06-16,2026,6,Capital One CC,CC uploads,Mayesh Wholesale Flowers,Mayesh - San Francisco,-657.9,11,Flowers,Business,11,Flowers,Business,,,,,
2026-06-16,2026,6,Bank of Marin,BoM master,Neve Bros Inc Sf San Franc Ca,Neve Bros Inc Sf San Franc Ca,-659.0,11,Flowers,Business,11,Flowers,Business,,,,,
2023-08-08,2023,8,Capital One CC,CC uploads,Mayesh Wholesale Flowers,Mayesh San Francisco,-660.45,11,Flowers,Business,11,Flowers,Business,,,,,
2025-10-15,2025,10,Capital One CC,2025 v3.xlsx,Torchio Nursery,TORCHIO NURSERY COMPAN,-662.0,11,Flowers,Business,11,Flowers,Business,,,,,
2023-08-30,2023,8,Bank of Marin,BoM master,Mayesh Wholesale Flowers,Mayesh San Francis Co,-662.49,11,Flowers,Business,11,Flowers,Business,,,,,
2025-05-21,2025,5,Capital One CC,2025 v3.xlsx,Torchio Nursery,TORCHIO NURSERY COMPAN,-662.5,11,Flowers,Business,11,Flowers,Business,,,,,
2025-06-25,2025,6,Capital One CC,2025 v3.xlsx,Torchio Nursery,TORCHIO NURSERY COMPAN,-663.0,11,Flowers,Business,11,Flowers,Business,,,,,
2023-12-12,2023,12,Capital One CC,CC uploads,Torchio Nursery,TORCHIO NURSERY COMPAN,-665.0,11,Flowers,Business,11,Flowers,Business,,,,,
2023-02-13,2023,2,Capital One CC,CC uploads,Torchio Nursery,TORCHIO NURSERY COMPAN,-665.0,11,Flowers,Business,11,Flowers,Business,,,,,
2024-04-16,2024,4,Capital One CC,2024.xlsx Capital 1 Clean,Mayesh Wholesale Flowers,Mayesh San Francisco,-668.61,11,Flowers,Business,11,Flowers,Business,,,,,
2026-05-28,2026,5,Bank of Marin,BoM master,Neve Bros Inc Sf San Franc Ca,Neve Bros Inc Sf San Franc Ca,-669.0,11,Flowers,Business,11,Flowers,Business,,,,,
2023-02-28,2023,2,Capital One CC,CC uploads,Torchio Nursery,TORCHIO NURSERY COMPAN,-670.5,11,Flowers,Business,11,Flowers,Business,,,,,
2024-02-06,2024,2,Capital One CC,2024.xlsx Capital 1 Clean,Mayesh Wholesale Flowers,Mayesh San Francisco,-674.22,11,Flowers,Business,11,Flowers,Business,,,,,
2025-03-05,2025,3,Bank of Marin,2025 v3.xlsx,CA Dept of Tax (CDTFA),CDTFA Tax Payment,-675.0,12,Tax,Business,12,Tax,Business,,,,,
2025-02-06,2025,2,Bank of Marin,2025 v3.xlsx,Neve Bros Inc Sf San Franc Ca,Neve Bros Inc Sf San Franc Ca,-677.0,11,Flowers,Business,11,Flowers,Business,,,,,
2025-05-14,2025,5,Bank of Marin,2025 v3.xlsx,Venmo — RECIPIENT UNKNOWN,Transfer to Venmo,-680.0,22,Venmo,Business,22,Venmo,Business,,,,,
2025-11-26,2025,11,Capital One CC,2025 v3.xlsx,Torchio Nursery,TORCHIO NURSERY COMPAN,-680.5,11,Flowers,Business,11,Flowers,Business,,,,,
2025-10-31,2025,10,Capital One CC,2025 v3.xlsx,Mayesh Wholesale Flowers,Mayesh San Francisco,-681.87,11,Flowers,Business,11,Flowers,Business,,,,,
2024-10-10,2024,10,Capital One CC,2024.xlsx Capital 1 Clean,Torchio Nursery,TORCHIO NURSERY COMPAN,-682.0,11,Flowers,Business,11,Flowers,Business,,,,,
2025-10-24,2025,10,Capital One CC,2025 v3.xlsx,Torchio Nursery,TORCHIO NURSERY COMPAN,-682.5,11,Flowers,Business,11,Flowers,Business,,,,,
2023-08-04,2023,8,Bank of Marin,BoM master,Check #5050 — PAYEE UNKNOWN,Check #5050,-685.5,11,Flowers,Business,11,Flowers,Business,,,,,
2023-03-01,2023,3,Bank of Marin,BoM master,Check #5065 — PAYEE UNKNOWN,Check #5065,-687.0,11,Flowers,Business,11,Flowers,Business,,,,,
2024-03-12,2024,3,Capital One CC,2024.xlsx Capital 1 Clean,Mayesh Wholesale Flowers,Mayesh San Francisco,-689.52,11,Flowers,Business,11,Flowers,Business,,,,,
2024-05-09,2024,5,Capital One CC,2024.xlsx Capital 1 Clean,Mayesh Wholesale Flowers,Mayesh San Francisco,-689.52,11,Flowers,Business,11,Flowers,Business,,,,,
2026-06-30,2026,6,Bank of Marin,BoM master,Neve Bros Inc Sf San Franc Ca,Neve Bros Inc Sf San Franc Ca,-694.5,11,Flowers,Business,11,Flowers,Business,,,,,
2025-08-19,2025,8,Bank of Marin,2025 v3.xlsx,Check #5236 — PAYEE UNKNOWN,Check #5236,-698.0,11,Flowers,Business,11,Flowers,Business,,,,,
2023-04-12,2023,4,Bank of Marin,BoM master,Check #5020 — PAYEE UNKNOWN,Check #5020,-698.5,11,Flowers,Business,11,Flowers,Business,,,,,
2025-02-18,2025,2,Bank of Marin,2025 v3.xlsx,Venmo — RECIPIENT UNKNOWN,Transfer to Venmo,-700.0,22,Venmo,Business,22,Venmo,Business,,,,,
2023-05-15,2023,5,Bank of Marin,BoM master,Checking,Checking,-700.0,42,Misc,Business,42,Misc,Business,,,,,
2023-05-16,2023,5,Capital One CC,CC uploads,Torchio Nursery,TORCHIO NURSERY COMPAN,-702.0,11,Flowers,Business,11,Flowers,Business,,,,,
2025-08-15,2025,8,Bank of Marin,2025 v3.xlsx,Check #5227 — PAYEE UNKNOWN,Check #5227,-702.27,11,Flowers,Business,11,Flowers,Business,,,,,
2024-09-24,2024,9,Capital One CC,2024.xlsx Capital 1 Clean,Torchio Nursery,TORCHIO NURSERY COMPAN,-702.5,11,Flowers,Business,11,Flowers,Business,,,,,
2026-04-30,2026,4,Capital One CC,CC uploads,Torchio Nursery,TORCHIO NURSERY COMPAN,-703.5,11,Flowers,Business,11,Flowers,Business,,,,,
2023-10-10,2023,10,Capital One CC,CC uploads,Mayesh Wholesale Flowers,Mayesh San Francisco,-703.55,11,Flowers,Business,11,Flowers,Business,,,,,
2025-12-19,2025,12,Capital One CC,2025 v3.xlsx,Mayesh Wholesale Flowers,Mayesh San Francisco,-703.8,11,Flowers,Business,11,Flowers,Business,,,,,
2025-11-22,2025,11,Capital One CC,2025 v3.xlsx,Mayesh Wholesale Flowers,Mayesh San Francisco,-709.42,11,Flowers,Business,11,Flowers,Business,,,,,
2023-06-15,2023,6,Capital One CC,CC uploads,Mayesh Wholesale Flowers,Mayesh San Francisco,-711.96,11,Flowers,Business,11,Flowers,Business,,,,,
2024-09-03,2024,9,Capital One CC,2024.xlsx Capital 1 Clean,Torchio Nursery,TORCHIO NURSERY COMPAN,-717.0,11,Flowers,Business,11,Flowers,Business,,,,,
2026-03-03,2026,3,Capital One CC,CC uploads,Torchio Nursery,TORCHIO NURSERY COMPAN,-717.0,11,Flowers,Business,11,Flowers,Business,,,,,
2023-05-13,2023,5,Capital One CC,CC uploads,Torchio Nursery,TORCHIO NURSERY COMPAN,-719.0,11,Flowers,Business,11,Flowers,Business,,,,,
2024-10-17,2024,10,Capital One CC,2024.xlsx Capital 1 Clean,Torchio Nursery,TORCHIO NURSERY COMPAN,-722.0,11,Flowers,Business,11,Flowers,Business,,,,,
2025-03-26,2025,3,Capital One CC,2025 v3.xlsx,Mayesh Wholesale Flowers,Mayesh San Francisco,-722.18,11,Flowers,Business,11,Flowers,Business,,,,,
2025-07-16,2025,7,Capital One CC,2025 v3.xlsx,Torchio Nursery,TORCHIO NURSERY COMPAN,-723.0,11,Flowers,Business,11,Flowers,Business,,,,,
2024-12-03,2024,12,Capital One CC,2024.xlsx Capital 1 Clean,Torchio Nursery,TORCHIO NURSERY COMPAN,-723.5,11,Flowers,Business,11,Flowers,Business,,,,,
2023-11-20,2023,11,Bank of Marin,BoM master,Check #5157 — PAYEE UNKNOWN,Check #5157,-725.5,11,Flowers,Business,11,Flowers,Business,,,,,
2024-05-08,2024,5,Capital One CC,2024.xlsx Capital 1 Clean,Mayesh Wholesale Flowers,Mayesh San Francisco,-726.75,11,Flowers,Business,11,Flowers,Business,,,,,
2025-03-14,2025,3,Bank of Marin,2025 v3.xlsx,Check #5187 — PAYEE UNKNOWN,Check #5187,-727.0,11,Flowers,Business,11,Flowers,Business,,,,,
2023-05-17,2023,5,Capital One CC,CC uploads,Lupe Farm,LUPE FARM,-727.75,11,Flowers,Business,11,Flowers,Business,,,,,
2024-11-25,2024,11,Capital One CC,2024.xlsx Capital 1 Clean,Torchio Nursery,TORCHIO NURSERY COMPAN,-728.5,11,Flowers,Business,11,Flowers,Business,,,,,
2025-10-03,2025,10,Capital One CC,2025 v3.xlsx,Torchio Nursery,TORCHIO NURSERY COMPAN,-728.5,11,Flowers,Business,11,Flowers,Business,,,,,
2025-07-14,2025,7,Bank of Marin,2025 v3.xlsx,Check #5230 — PAYEE UNKNOWN,Check #5230,-730.5,11,Flowers,Business,11,Flowers,Business,,,,,
2025-05-19,2025,5,Bank of Marin,2025 v3.xlsx,Check #5222 — PAYEE UNKNOWN,Check #5222,-732.0,11,Flowers,Business,11,Flowers,Business,,,,,
2023-03-23,2023,3,Capital One CC,CC uploads,BIG DISCOUNT TIRE ALAM,BIG DISCOUNT TIRE ALAM,-732.3,31,Car (shop),Business,31,Car (shop),Business,,,,,
2025-02-26,2025,2,Capital One CC,2025 v3.xlsx,Torchio Nursery,TORCHIO NURSERY COMPAN,-733.0,11,Flowers,Business,11,Flowers,Business,,,,,
2025-04-09,2025,4,Capital One CC,2025 v3.xlsx,Mayesh Wholesale Flowers,Mayesh San Francisco,-733.9,11,Flowers,Business,11,Flowers,Business,,,,,
2025-12-12,2025,12,Capital One CC,2025 v3.xlsx,Torchio Nursery,TORCHIO NURSERY COMPAN,-735.0,11,Flowers,Business,11,Flowers,Business,,,,,
2023-04-27,2023,4,Bank of Marin,BoM master,Check #5026 — PAYEE UNKNOWN,Check #5026,-738.0,11,Flowers,Business,11,Flowers,Business,,,,,
2024-09-19,2024,9,Capital One CC,2024.xlsx Capital 1 Clean,Torchio Nursery,TORCHIO NURSERY COMPAN,-741.0,11,Flowers,Business,11,Flowers,Business,,,,,
2023-09-01,2023,9,Bank of Marin,BoM master,Check #5082 — PAYEE UNKNOWN,Check #5082,-741.0,11,Flowers,Business,11,Flowers,Business,,,,,
2026-02-19,2026,2,Capital One CC,CC uploads,Torchio Nursery,TORCHIO NURSERY COMPAN,-741.0,11,Flowers,Business,11,Flowers,Business,,,,,
2026-01-30,2026,1,Capital One CC,CC uploads,Mayesh Wholesale Flowers,Mayesh San Francisco,-743.58,11,Flowers,Business,11,Flowers,Business,,,,,
2023-06-26,2023,6,Bank of Marin,BoM master,Check #5075 — PAYEE UNKNOWN,Check #5075,-747.5,11,Flowers,Business,11,Flowers,Business,,,,,
2023-08-31,2023,8,Capital One CC,CC uploads,Torchio Nursery,TORCHIO NURSERY COMPAN,-749.5,11,Flowers,Business,11,Flowers,Business,,,,,
2023-06-09,2023,6,Bank of Marin,BoM master,Check #5044 — PAYEE UNKNOWN,Check #5044,-751.0,11,Flowers,Business,11,Flowers,Business,,,,,
2023-04-21,2023,4,Capital One CC,CC uploads,FLORAL SUPPLY SYND #1,FLORAL SUPPLY SYND #1,-751.15,11,Flowers,Business,11,Flowers,Business,,,,,
2023-06-02,2023,6,Bank of Marin,BoM master,Check #5041 — PAYEE UNKNOWN,Check #5041,-752.0,11,Flowers,Business,11,Flowers,Business,,,,,
2026-05-12,2026,5,Capital One CC,CC uploads,Torchio Nursery,TORCHIO NURSERY COMPAN,-753.5,11,Flowers,Business,11,Flowers,Business,,,,,
2026-02-04,2026,2,Capital One CC,CC uploads,Torchio Nursery,TORCHIO NURSERY COMPAN,-754.5,11,Flowers,Business,11,Flowers,Business,,,,,
2025-11-05,2025,11,Capital One CC,2025 v3.xlsx,Torchio Nursery,TORCHIO NURSERY COMPAN,-756.0,11,Flowers,Business,11,Flowers,Business,,,,,
2025-05-28,2025,5,Capital One CC,2025 v3.xlsx,Torchio Nursery,TORCHIO NURSERY COMPAN,-757.5,11,Flowers,Business,11,Flowers,Business,,,,,
2023-05-04,2023,5,Bank of Marin,BoM master,Check #5031 — PAYEE UNKNOWN,Check #5031,-758.0,11,Flowers,Business,11,Flowers,Business,,,,,
2024-01-02,2024,1,Capital One CC,2024.xlsx Capital 1 Clean,Mayesh Wholesale Flowers,Mayesh San Francisco,-758.88,11,Flowers,Business,11,Flowers,Business,,,,,
2025-12-19,2025,12,Capital One CC,2025 v3.xlsx,Torchio Nursery,TORCHIO NURSERY COMPAN,-759.5,11,Flowers,Business,11,Flowers,Business,,,,,
2023-12-12,2023,12,Bank of Marin,BoM master,Check #5165 — PAYEE UNKNOWN,Check #5165,-759.5,11,Flowers,Business,11,Flowers,Business,,,,,
2025-10-02,2025,10,Bank of Marin,2025 v3.xlsx,Neve Bros Inc Sf San Franc Ca,Neve Bros Inc Sf San Franc Ca,-765.5,11,Flowers,Business,11,Flowers,Business,,,,,
2025-12-10,2025,12,Capital One CC,2025 v3.xlsx,Torchio Nursery,TORCHIO NURSERY COMPAN,-765.5,11,Flowers,Business,11,Flowers,Business,,,,,
2024-08-06,2024,8,Capital One CC,2024.xlsx Capital 1 Clean,Torchio Nursery,TORCHIO NURSERY COMPAN,-768.0,11,Flowers,Business,11,Flowers,Business,,,,,
2026-03-03,2026,3,Capital One CC,CC uploads,Mayesh Wholesale Flowers,Mayesh San Francisco,-774.69,11,Flowers,Business,11,Flowers,Business,,,,,
2025-06-10,2025,6,Bank of Marin,2025 v3.xlsx,Neve Bros Inc Sf San Franc Ca,Neve Bros Inc Sf San Franc Ca,-775.0,11,Flowers,Business,11,Flowers,Business,,,,,
2024-06-04,2024,6,Capital One CC,2024.xlsx Capital 1 Clean,Torchio Nursery,TORCHIO NURSERY COMPAN,-778.5,11,Flowers,Business,11,Flowers,Business,,,,,
2023-05-12,2023,5,Capital One CC,CC uploads,Torchio Nursery,TORCHIO NURSERY COMPAN,-780.0,11,Flowers,Business,11,Flowers,Business,,,,,
2023-03-21,2023,3,Capital One CC,CC uploads,Torchio Nursery,TORCHIO NURSERY COMPAN,-783.0,11,Flowers,Business,11,Flowers,Business,,,,,
2026-06-30,2026,6,Capital One CC,CC uploads,Torchio Nursery,TORCHIO NURSERY COMPAN,-783.0,11,Flowers,Business,11,Flowers,Business,,,,,
2025-03-05,2025,3,Capital One CC,2025 v3.xlsx,Torchio Nursery,TORCHIO NURSERY COMPAN,-783.5,11,Flowers,Business,11,Flowers,Business,,,,,
2026-05-08,2026,5,Bank of Marin,BoM master,Neve Bros Inc Sf San Franc Ca,Neve Bros Inc Sf San Franc Ca,-787.71,11,Flowers,Business,11,Flowers,Business,,,,,
2023-06-28,2023,6,Bank of Marin,BoM master,Macy's,Macy's,-787.75,14,Materials,Business,14,Materials,Business,,,,,
2026-02-09,2026,2,Bank of Marin,BoM master,Neve Bros Inc Sf San Franc Ca,Neve Bros Inc Sf San Franc Ca,-792.5,11,Flowers,Business,11,Flowers,Business,,,,,
2025-03-26,2025,3,Capital One CC,2025 v3.xlsx,Torchio Nursery,TORCHIO NURSERY COMPAN,-797.5,11,Flowers,Business,11,Flowers,Business,,,,,
2025-06-04,2025,6,Capital One CC,2025 v3.xlsx,Torchio Nursery,TORCHIO NURSERY COMPAN,-798.5,11,Flowers,Business,11,Flowers,Business,,,,,
2026-04-21,2026,4,Capital One CC,CC uploads,Torchio Nursery,TORCHIO NURSERY COMPAN,-798.5,11,Flowers,Business,11,Flowers,Business,,,,,
2026-01-07,2026,1,Capital One CC,CC uploads,Torchio Nursery,TORCHIO NURSERY COMPAN,-799.0,11,Flowers,Business,11,Flowers,Business,,,,,
2025-10-24,2025,10,Capital One CC,2025 v3.xlsx,Mayesh Wholesale Flowers,Mayesh San Francisco,-799.17,11,Flowers,Business,11,Flowers,Business,,,,,
2025-07-02,2025,7,Capital One CC,2025 v3.xlsx,Mayesh Wholesale Flowers,Mayesh San Francisco,-799.69,11,Flowers,Business,11,Flowers,Business,,,,,
2024-03-27,2024,3,Bank of Marin,2024.xlsx Marin clean,Venmo — RECIPIENT UNKNOWN,Transfer to Venmo,-800.0,22,Venmo,Business,22,Venmo,Business,,,,,
2023-03-13,2023,3,Bank of Marin,BoM master,Check #5070 — PAYEE UNKNOWN,Check #5070,-800.0,11,Flowers,Business,11,Flowers,Business,,,,,
2023-02-02,2023,2,Bank of Marin,BoM master,Checking,Checking,-800.0,42,Misc,Business,42,Misc,Business,,,,,
2023-01-17,2023,1,Bank of Marin,BoM master,Checking,Checking,-800.0,42,Misc,Business,42,Misc,Business,,,,,
2024-10-29,2024,10,Capital One CC,2024.xlsx Capital 1 Clean,Torchio Nursery,TORCHIO NURSERY COMPAN,-802.5,11,Flowers,Business,11,Flowers,Business,,,,,
2025-01-22,2025,1,Capital One CC,2025 v3.xlsx,Torchio Nursery,TORCHIO NURSERY COMPAN,-803.5,11,Flowers,Business,11,Flowers,Business,,,,,
2023-05-24,2023,5,Capital One CC,CC uploads,AIRBNB  HMKZJRMQN2,AIRBNB  HMKZJRMQN2,-804.16,42,Misc,Business,42,Misc,Business,,,,,
2024-12-10,2024,12,Capital One CC,2024.xlsx Capital 1 Clean,Torchio Nursery,TORCHIO NURSERY COMPAN,-810.0,11,Flowers,Business,11,Flowers,Business,,,,,
2025-08-15,2025,8,Bank of Marin,2025 v3.xlsx,Check #5247 — PAYEE UNKNOWN,Check #5247,-814.5,11,Flowers,Business,11,Flowers,Business,,,,,
2025-11-14,2025,11,Capital One CC,2025 v3.xlsx,Torchio Nursery,TORCHIO NURSERY COMPAN,-814.5,11,Flowers,Business,11,Flowers,Business,,,,,
2025-07-09,2025,7,Bank of Marin,2025 v3.xlsx,Torchio Nursery,Torchio Nursery Co Mpany,-815.5,11,Flowers,Business,11,Flowers,Business,,,,,
2025-08-15,2025,8,Bank of Marin,2025 v3.xlsx,Check #5234 — PAYEE UNKNOWN,Check #5234,-823.5,11,Flowers,Business,11,Flowers,Business,,,,,
2025-09-10,2025,9,Capital One CC,2025 v3.xlsx,Torchio Nursery,TORCHIO NURSERY COMPAN,-823.5,11,Flowers,Business,11,Flowers,Business,,,,,
2025-10-03,2025,10,Capital One CC,2025 v3.xlsx,Mayesh Wholesale Flowers,Mayesh San Francisco,-824.67,11,Flowers,Business,11,Flowers,Business,,,,,
2024-03-29,2024,3,Capital One CC,2024.xlsx Capital 1 Clean,ACKERMAN S SERVICING V,ACKERMAN S SERVICING V,-825.04,31,Car (shop),Business,31,Car (shop),Business,,,,,
2024-09-17,2024,9,Capital One CC,2024.xlsx Capital 1 Clean,Torchio Nursery,TORCHIO NURSERY COMPAN,-828.5,11,Flowers,Business,11,Flowers,Business,,,,,
2025-05-28,2025,5,Capital One CC,2025 v3.xlsx,Mayesh Wholesale Flowers,Mayesh San Francisco,-836.92,11,Flowers,Business,11,Flowers,Business,,,,,
2025-06-11,2025,6,Capital One CC,2025 v3.xlsx,Torchio Nursery,TORCHIO NURSERY COMPAN,-840.0,11,Flowers,Business,11,Flowers,Business,,,,,
2023-05-12,2023,5,Bank of Marin,BoM master,Check #5035 — PAYEE UNKNOWN,Check #5035,-840.5,11,Flowers,Business,11,Flowers,Business,,,,,
2026-04-09,2026,4,Capital One CC,CC uploads,Torchio Nursery,TORCHIO NURSERY COMPAN,-844.5,11,Flowers,Business,11,Flowers,Business,,,,,
2025-07-17,2025,7,Bank of Marin,2025 v3.xlsx,Check #5229 — PAYEE UNKNOWN,Check #5229,-845.5,11,Flowers,Business,11,Flowers,Business,,,,,
2023-01-03,2023,1,Capital One CC,CC uploads,Torchio Nursery,TORCHIO NURSERY COMPAN,-846.0,11,Flowers,Business,11,Flowers,Business,,,,,
2025-01-31,2025,1,Capital One CC,2025 v3.xlsx,Mayesh Wholesale Flowers,Mayesh San Francisco,-846.6,11,Flowers,Business,11,Flowers,Business,,,,,
2023-05-09,2023,5,Capital One CC,CC uploads,Mayesh Wholesale Flowers,Mayesh San Francisco,-849.15,11,Flowers,Business,11,Flowers,Business,,,,,
2025-05-09,2025,5,Bank of Marin,2025 v3.xlsx,Neve Bros Inc Sf San Franc Ca,Neve Bros Inc Sf San Franc Ca,-850.0,11,Flowers,Business,11,Flowers,Business,,,,,
2026-05-11,2026,5,Bank of Marin,BoM master,Venmo — RECIPIENT UNKNOWN,Transfer to Venmo,-850.0,22,Venmo,Business,22,Venmo,Business,,,,,
2026-02-17,2026,2,Bank of Marin,BoM master,Venmo — RECIPIENT UNKNOWN,Transfer to Venmo,-850.0,22,Venmo,Business,22,Venmo,Business,,,,,
2024-02-07,2024,2,Bank of Marin,2024.xlsx Marin clean,Check #5116 — PAYEE UNKNOWN,Check #5116,-852.0,11,Flowers,Business,11,Flowers,Business,,,,,
2025-08-05,2025,8,Bank of Marin,2025 v3.xlsx,Check #5224 — PAYEE UNKNOWN,Check #5224,-852.5,11,Flowers,Business,11,Flowers,Business,,,,,
2026-04-28,2026,4,Capital One CC,CC uploads,FLORAL SUPPLY SYND #1,FLORAL SUPPLY SYND #1,-853.08,11,Flowers,Business,11,Flowers,Business,,,,,
2026-06-02,2026,6,Capital One CC,CC uploads,Torchio Nursery,TORCHIO NURSERY COMPAN,-854.5,11,Flowers,Business,11,Flowers,Business,,,,,
2024-01-25,2024,1,Capital One CC,2024.xlsx Capital 1 Clean,FLORAL SUPPLY SYND #1,FLORAL SUPPLY SYND #1,-854.6,11,Flowers,Business,11,Flowers,Business,,,,,
2024-05-06,2024,5,Capital One CC,2024.xlsx Capital 1 Clean,Torchio Nursery,TORCHIO NURSERY COMPAN,-856.5,11,Flowers,Business,11,Flowers,Business,,,,,
2024-05-10,2024,5,Capital One CC,2024.xlsx Capital 1 Clean,Mayesh Wholesale Flowers,Mayesh San Francisco,-856.8,11,Flowers,Business,11,Flowers,Business,,,,,
2025-06-25,2025,6,Capital One CC,2025 v3.xlsx,Miguel Flowers,SQ *MIGUEL FLOWERS,-858.9,11,Flowers,Business,11,Flowers,Business,,,,,
2025-10-10,2025,10,Capital One CC,2025 v3.xlsx,Mayesh Wholesale Flowers,Mayesh San Francisco,-859.86,11,Flowers,Business,11,Flowers,Business,,,,,
2023-06-16,2023,6,Bank of Marin,BoM master,Check #5073 — PAYEE UNKNOWN,Check #5073,-865.0,11,Flowers,Business,11,Flowers,Business,,,,,
2024-01-02,2024,1,Capital One CC,2024.xlsx Capital 1 Clean,Torchio Nursery,TORCHIO NURSERY COMPAN,-867.5,11,Flowers,Business,11,Flowers,Business,,,,,
2026-06-15,2026,6,Bank of Marin,BoM master,"Stitches, Llc Alameda Ca","Stitches, Llc Alameda Ca",-870.0,42,Misc,Business,42,Misc,Business,,,,,
2023-08-22,2023,8,Capital One CC,CC uploads,Mayesh Wholesale Flowers,Mayesh San Francisco,-870.06,11,Flowers,Business,11,Flowers,Business,,,,,
2025-10-10,2025,10,Bank of Marin,2025 v3.xlsx,Check #2051 — PAYEE UNKNOWN,Check #2051,-870.5,11,Flowers,Business,11,Flowers,Business,,,,,
2025-11-18,2025,11,Bank of Marin,2025 v3.xlsx,Torchio Nursery,Torchio Nursery Co Mpany,-876.5,11,Flowers,Business,11,Flowers,Business,,,,,
2026-03-17,2026,3,Bank of Marin,BoM master,Torchio Nursery,Torchio Nursery Co Mpany,-877.0,11,Flowers,Business,11,Flowers,Business,,,,,
2024-11-12,2024,11,Bank of Marin,2024.xlsx Marin clean,Check #5172 — PAYEE UNKNOWN,Check #5172,-877.5,11,Flowers,Business,11,Flowers,Business,,,,,
2026-02-24,2026,2,Capital One CC,CC uploads,Torchio Nursery,TORCHIO NURSERY COMPAN,-878.5,11,Flowers,Business,11,Flowers,Business,,,,,
2026-01-20,2026,1,Capital One CC,CC uploads,Torchio Nursery,TORCHIO NURSERY COMPAN,-880.0,11,Flowers,Business,11,Flowers,Business,,,,,
2025-04-09,2025,4,Capital One CC,2025 v3.xlsx,Torchio Nursery,TORCHIO NURSERY COMPAN,-883.5,11,Flowers,Business,11,Flowers,Business,,,,,
2024-02-14,2024,2,Capital One CC,2024.xlsx Capital 1 Clean,Torchio Nursery,TORCHIO NURSERY COMPAN,-885.0,11,Flowers,Business,11,Flowers,Business,,,,,
2026-02-13,2026,2,Capital One CC,CC uploads,Mayesh Wholesale Flowers,Mayesh San Francisco,-885.87,11,Flowers,Business,11,Flowers,Business,,,,,
2024-05-09,2024,5,Capital One CC,2024.xlsx Capital 1 Clean,Torchio Nursery,TORCHIO NURSERY COMPAN,-887.5,11,Flowers,Business,11,Flowers,Business,,,,,
2023-08-25,2023,8,Bank of Marin,BoM master,Check #5080 — PAYEE UNKNOWN,Check #5080,-887.5,11,Flowers,Business,11,Flowers,Business,,,,,
2024-11-12,2024,11,Capital One CC,2024.xlsx Capital 1 Clean,Torchio Nursery,TORCHIO NURSERY COMPAN,-890.5,11,Flowers,Business,11,Flowers,Business,,,,,
2026-03-24,2026,3,Capital One CC,CC uploads,Torchio Nursery,TORCHIO NURSERY COMPAN,-891.5,11,Flowers,Business,11,Flowers,Business,,,,,
2023-02-21,2023,2,Capital One CC,CC uploads,Torchio Nursery,TORCHIO NURSERY COMPAN,-894.0,11,Flowers,Business,11,Flowers,Business,,,,,
2025-01-27,2025,1,Bank of Marin,2025 v3.xlsx,Check #5216 — PAYEE UNKNOWN,Check #5216,-897.0,11,Flowers,Business,11,Flowers,Business,,,,,
2026-01-06,2026,1,Bank of Marin,BoM master,CA Dept of Tax (CDTFA),CDTFA Tax Payment,-901.0,12,Tax,Business,12,Tax,Business,,,,,
2023-02-15,2023,2,Capital One CC,CC uploads,Lupe Farm,LUPE FARM,-902.0,11,Flowers,Business,11,Flowers,Business,,,,,
2026-06-16,2026,6,Capital One CC,CC uploads,Torchio Nursery,TORCHIO NURSERY COMPAN,-902.0,11,Flowers,Business,11,Flowers,Business,,,,,
2024-03-05,2024,3,Bank of Marin,2024.xlsx Marin clean,CA Dept of Tax (CDTFA),CDTFA Tax Payment,-910.0,12,Tax,Business,12,Tax,Business,,,,,
2026-03-05,2026,3,Bank of Marin,BoM master,CA Dept of Tax (CDTFA),CDTFA Tax Payment,-910.0,12,Tax,Business,12,Tax,Business,,,,,
2025-01-10,2025,1,Capital One CC,2025 v3.xlsx,Mayesh Wholesale Flowers,Mayesh San Francisco,-919.53,11,Flowers,Business,11,Flowers,Business,,,,,
2025-03-12,2025,3,Capital One CC,2025 v3.xlsx,Torchio Nursery,TORCHIO NURSERY COMPAN,-921.0,11,Flowers,Business,11,Flowers,Business,,,,,
2026-01-15,2026,1,Capital One CC,CC uploads,Torchio Nursery,TORCHIO NURSERY COMPAN,-921.0,11,Flowers,Business,11,Flowers,Business,,,,,
2025-07-28,2025,7,Bank of Marin,2025 v3.xlsx,Hertz Car Rental,Hertz Car Rental,-922.6,42,Misc,Business,42,Misc,Business,,,,,
2025-10-17,2025,10,Capital One CC,2025 v3.xlsx,Mayesh Wholesale Flowers,Mayesh San Francisco,-928.2,11,Flowers,Business,11,Flowers,Business,,,,,
2024-11-19,2024,11,Capital One CC,2024.xlsx Capital 1 Clean,Torchio Nursery,TORCHIO NURSERY COMPAN,-930.0,11,Flowers,Business,11,Flowers,Business,,,,,
2025-04-02,2025,4,Capital One CC,2025 v3.xlsx,Torchio Nursery,TORCHIO NURSERY COMPAN,-932.5,11,Flowers,Business,11,Flowers,Business,,,,,
2026-05-06,2026,5,Capital One CC,CC uploads,Mayesh Wholesale Flowers,Mayesh - San Francisco,-936.78,11,Flowers,Business,11,Flowers,Business,,,,,
2025-09-19,2025,9,Capital One CC,2025 v3.xlsx,Mayesh Wholesale Flowers,Mayesh San Francisco,-941.46,11,Flowers,Business,11,Flowers,Business,,,,,
2024-07-26,2024,7,Capital One CC,2024.xlsx Capital 1 Clean,PURCHASE ADJUSTMENT,PURCHASE ADJUSTMENT,-950.0,14,Materials,Business,14,Materials,Business,,,,,
2024-07-26,2024,7,Capital One CC,2024.xlsx Capital 1 Clean,THE UPS STORE 1056,THE UPS STORE 1056,-950.0,14,Materials,Business,14,Materials,Business,,,,,
2025-05-15,2025,5,Bank of Marin,2025 v3.xlsx,Check #5221 — PAYEE UNKNOWN,Check #5221,-950.0,11,Flowers,Business,11,Flowers,Business,,,,,
2023-02-08,2023,2,Bank of Marin,BoM master,Check #5056 — PAYEE UNKNOWN,Check #5056,-952.0,11,Flowers,Business,11,Flowers,Business,,,,,
2025-06-09,2025,6,Bank of Marin,2025 v3.xlsx,CA Dept of Tax (CDTFA),CDTFA Tax Payment,-957.0,12,Tax,Business,12,Tax,Business,,,,,
2025-01-22,2025,1,Capital One CC,2025 v3.xlsx,Mayesh Wholesale Flowers,Mayesh San Francisco,-958.8,11,Flowers,Business,11,Flowers,Business,,,,,
2023-11-27,2023,11,Capital One CC,CC uploads,Torchio Nursery,TORCHIO NURSERY COMPAN,-961.0,11,Flowers,Business,11,Flowers,Business,,,,,
2026-02-18,2026,2,Bank of Marin,BoM master,Check #5190 — PAYEE UNKNOWN,Check #5190,-964.0,11,Flowers,Business,11,Flowers,Business,,,,,
2024-07-26,2024,7,Capital One CC,2024.xlsx Capital 1 Clean,PURCHASE ADJUSTMENT,PURCHASE ADJUSTMENT,-965.19,14,Materials,Business,14,Materials,Business,,,,,
2024-07-26,2024,7,Capital One CC,2024.xlsx Capital 1 Clean,THE UPS STORE 1056,THE UPS STORE 1056,-965.19,14,Materials,Business,14,Materials,Business,,,,,
2024-05-21,2024,5,Capital One CC,2024.xlsx Capital 1 Clean,Torchio Nursery,TORCHIO NURSERY COMPAN,-967.5,11,Flowers,Business,11,Flowers,Business,,,,,
2026-07-07,2026,7,Capital One CC,CC uploads,Torchio Nursery,TORCHIO NURSERY COMPAN,-970.0,11,Flowers,Business,11,Flowers,Business,,,,,
2026-04-14,2026,4,Capital One CC,CC uploads,Torchio Nursery,TORCHIO NURSERY COMPAN,-971.5,11,Flowers,Business,11,Flowers,Business,,,,,
2026-01-06,2026,1,Capital One CC,CC uploads,Torchio Nursery,TORCHIO NURSERY COMPAN,-974.5,11,Flowers,Business,11,Flowers,Business,,,,,
2025-04-16,2025,4,Capital One CC,2025 v3.xlsx,Torchio Nursery,TORCHIO NURSERY COMPAN,-978.5,11,Flowers,Business,11,Flowers,Business,,,,,
2023-05-30,2023,5,Bank of Marin,BoM master,Check #5037 — PAYEE UNKNOWN,Check #5037,-983.0,11,Flowers,Business,11,Flowers,Business,,,,,
2024-11-05,2024,11,Capital One CC,2024.xlsx Capital 1 Clean,Torchio Nursery,TORCHIO NURSERY COMPAN,-988.5,11,Flowers,Business,11,Flowers,Business,,,,,
2026-03-10,2026,3,Capital One CC,CC uploads,Torchio Nursery,TORCHIO NURSERY COMPAN,-991.5,11,Flowers,Business,11,Flowers,Business,,,,,
2026-04-09,2026,4,Bank of Marin,BoM master,Neve Bros Inc Sf San Franc Ca,Neve Bros Inc Sf San Franc Ca,-994.5,11,Flowers,Business,11,Flowers,Business,,,,,
2025-08-01,2025,8,Bank of Marin,2025 v3.xlsx,Check #5231 — PAYEE UNKNOWN,Check #5231,-1000.0,11,Flowers,Business,11,Flowers,Business,,,,,
2023-10-18,2023,10,Bank of Marin,BoM master,Check #5096 — PAYEE UNKNOWN,Check #5096,-1000.0,11,Flowers,Business,11,Flowers,Business,,,,,
2023-06-26,2023,6,Bank of Marin,BoM master,Checking,Checking,-1000.0,42,Misc,Business,42,Misc,Business,,,,,
2026-06-03,2026,6,Bank of Marin,BoM master,CA Dept of Tax (CDTFA),CDTFA Tax Payment,-1002.0,12,Tax,Business,12,Tax,Business,,,,,
2023-02-09,2023,2,Bank of Marin,BoM master,CA Dept of Tax (CDTFA),CDTFA Tax Payment,-1006.0,12,Tax,Business,12,Tax,Business,,,,,
2024-06-07,2024,6,Bank of Marin,2024.xlsx Marin clean,CA Dept of Tax (CDTFA),CDTFA Tax Payment,-1010.0,12,Tax,Business,12,Tax,Business,,,,,
2025-03-19,2025,3,Capital One CC,2025 v3.xlsx,Torchio Nursery,TORCHIO NURSERY COMPAN,-1015.0,11,Flowers,Business,11,Flowers,Business,,,,,
2026-03-31,2026,3,Capital One CC,CC uploads,Torchio Nursery,TORCHIO NURSERY COMPAN,-1017.5,11,Flowers,Business,11,Flowers,Business,,,,,
2026-07-09,2026,7,Bank of Marin,BoM master,Neve Bros Inc Sf San Franc Ca,Neve Bros Inc Sf San Franc Ca,-1020.5,11,Flowers,Business,11,Flowers,Business,,,,,
2025-04-30,2025,4,Bank of Marin,2025 v3.xlsx,Torchio Nursery,Torchio Nursery Co Mpany,-1026.5,11,Flowers,Business,11,Flowers,Business,,,,,
2026-04-30,2026,4,Bank of Marin,BoM master,Neve Bros Inc Sf San Franc Ca,Neve Bros Inc Sf San Franc Ca,-1038.0,11,Flowers,Business,11,Flowers,Business,,,,,
2025-02-28,2025,2,Capital One CC,2025 v3.xlsx,Mayesh Wholesale Flowers,Mayesh San Francisco,-1038.36,11,Flowers,Business,11,Flowers,Business,,,,,
2025-10-17,2025,10,Capital One CC,2025 v3.xlsx,Torchio Nursery,TORCHIO NURSERY COMPAN,-1052.5,11,Flowers,Business,11,Flowers,Business,,,,,
2026-05-26,2026,5,Capital One CC,CC uploads,Torchio Nursery,TORCHIO NURSERY COMPAN,-1076.5,11,Flowers,Business,11,Flowers,Business,,,,,
2026-05-19,2026,5,Capital One CC,CC uploads,Torchio Nursery,TORCHIO NURSERY COMPAN,-1077.0,11,Flowers,Business,11,Flowers,Business,,,,,
2025-02-13,2025,2,Capital One CC,2025 v3.xlsx,ACKERMAN S SERVICING V,ACKERMAN S SERVICING V,-1086.65,31,Car (shop),Business,31,Car (shop),Business,,,,,
2024-04-29,2024,4,Bank of Marin,2024.xlsx Marin clean,Check #5148 — PAYEE UNKNOWN,Check #5148,-1091.0,11,Flowers,Business,11,Flowers,Business,,,,,
2025-07-10,2025,7,Bank of Marin,2025 v3.xlsx,Neve Bros Inc Sf San Franc Ca,Neve Bros Inc Sf San Franc Ca,-1100.0,11,Flowers,Business,11,Flowers,Business,,,,,
2025-09-29,2025,9,Bank of Marin,2025 v3.xlsx,Check #2053 — PAYEE UNKNOWN,Check #2053,-1102.0,11,Flowers,Business,11,Flowers,Business,,,,,
2025-12-23,2025,12,Capital One CC,2025 v3.xlsx,Torchio Nursery,TORCHIO NURSERY COMPAN,-1113.0,11,Flowers,Business,11,Flowers,Business,,,,,
2026-05-21,2026,5,Bank of Marin,BoM master,Neve Bros Inc Sf San Franc Ca,Neve Bros Inc Sf San Franc Ca,-1140.0,11,Flowers,Business,11,Flowers,Business,,,,,
2023-05-18,2023,5,Bank of Marin,BoM master,Check #5040 — PAYEE UNKNOWN,Check #5040,-1159.0,11,Flowers,Business,11,Flowers,Business,,,,,
2026-02-03,2026,2,Capital One CC,CC uploads,Torchio Nursery,TORCHIO NURSERY COMPAN,-1161.0,11,Flowers,Business,11,Flowers,Business,,,,,
2025-04-25,2025,4,Bank of Marin,2025 v3.xlsx,Mayesh Wholesale Flowers,Mayesh San Francis Co,-1162.8,11,Flowers,Business,11,Flowers,Business,,,,,
2026-05-13,2026,5,Bank of Marin,BoM master,Farmers Insurance,Farmers Insurance,-1167.88,34,Insurance,Business,34,Insurance,Business,,,,,
2025-08-15,2025,8,Bank of Marin,2025 v3.xlsx,Check #5248 — PAYEE UNKNOWN,Check #5248,-1178.0,11,Flowers,Business,11,Flowers,Business,,,,,
2025-09-15,2025,9,Bank of Marin,2025 v3.xlsx,Check #5250 — PAYEE UNKNOWN,Check #5250,-1178.0,11,Flowers,Business,11,Flowers,Business,,,,,
2025-03-31,2025,3,Bank of Marin,2025 v3.xlsx,Check #5209 — PAYEE UNKNOWN,Check #5209,-1180.0,11,Flowers,Business,11,Flowers,Business,,,,,
2025-06-06,2025,6,Bank of Marin,2025 v3.xlsx,Mayesh Wholesale Flowers,Mayesh San Francis Co,-1182.69,11,Flowers,Business,11,Flowers,Business,,,,,
2026-04-21,2026,4,Bank of Marin,BoM master,Neve Bros Inc Sf San Franc Ca,Neve Bros Inc Sf San Franc Ca,-1187.5,11,Flowers,Business,11,Flowers,Business,,,,,
2026-04-28,2026,4,Capital One CC,CC uploads,Torchio Nursery,TORCHIO NURSERY COMPAN,-1188.5,11,Flowers,Business,11,Flowers,Business,,,,,
2025-10-10,2025,10,Capital One CC,2025 v3.xlsx,Torchio Nursery,TORCHIO NURSERY COMPAN,-1194.0,11,Flowers,Business,11,Flowers,Business,,,,,
2025-02-18,2025,2,Bank of Marin,2025 v3.xlsx,Venmo — RECIPIENT UNKNOWN,Transfer to Venmo,-1200.0,22,Venmo,Business,22,Venmo,Business,,,,,
2024-02-12,2024,2,Capital One CC,2024.xlsx Capital 1 Clean,Torchio Nursery,TORCHIO NURSERY COMPAN,-1210.0,11,Flowers,Business,11,Flowers,Business,,,,,
2026-02-10,2026,2,Capital One CC,CC uploads,Mayesh Wholesale Flowers,Mayesh San Francisco,-1211.67,11,Flowers,Business,11,Flowers,Business,,,,,
2023-07-12,2023,7,Bank of Marin,BoM master,Check #5072 — PAYEE UNKNOWN,Check #5072,-1220.5,11,Flowers,Business,11,Flowers,Business,,,,,
2025-05-12,2025,5,Bank of Marin,2025 v3.xlsx,Doubletree Hotel,Doubletree Hotel,-1224.28,42,Misc,Business,42,Misc,Business,,,,,
2023-05-13,2023,5,Capital One CC,CC uploads,BIG DISCOUNT TIRE ALAM,BIG DISCOUNT TIRE ALAM,-1231.76,31,Car (shop),Business,31,Car (shop),Business,,,,,
2026-01-27,2026,1,Capital One CC,CC uploads,Torchio Nursery,TORCHIO NURSERY COMPAN,-1235.5,11,Flowers,Business,11,Flowers,Business,,,,,
2023-12-04,2023,12,Bank of Marin,BoM master,Check #5101 — PAYEE UNKNOWN,Check #5101,-1240.0,11,Flowers,Business,11,Flowers,Business,,,,,
2025-12-17,2025,12,Capital One CC,2025 v3.xlsx,Torchio Nursery,TORCHIO NURSERY COMPAN,-1266.0,11,Flowers,Business,11,Flowers,Business,,,,,
2026-05-09,2026,5,Capital One CC,CC uploads,Torchio Nursery,TORCHIO NURSERY COMPAN,-1279.5,11,Flowers,Business,11,Flowers,Business,,,,,
2023-05-10,2023,5,Capital One CC,CC uploads,ACKERMAN S SERVICING V,ACKERMAN S SERVICING V,-1290.68,31,Car (shop),Business,31,Car (shop),Business,,,,,
2026-02-10,2026,2,Capital One CC,CC uploads,Torchio Nursery,TORCHIO NURSERY COMPAN,-1292.5,11,Flowers,Business,11,Flowers,Business,,,,,
2026-01-13,2026,1,Capital One CC,CC uploads,Torchio Nursery,TORCHIO NURSERY COMPAN,-1307.0,11,Flowers,Business,11,Flowers,Business,,,,,
2023-10-05,2023,10,Bank of Marin,BoM master,Check #5094 — PAYEE UNKNOWN,Check #5094,-1313.25,11,Flowers,Business,11,Flowers,Business,,,,,
2023-09-05,2023,9,Bank of Marin,BoM master,Check #5084 — PAYEE UNKNOWN,Check #5084,-1313.25,11,Flowers,Business,11,Flowers,Business,,,,,
2023-08-07,2023,8,Bank of Marin,BoM master,Check #5048 — PAYEE UNKNOWN,Check #5048,-1313.25,11,Flowers,Business,11,Flowers,Business,,,,,
2023-07-05,2023,7,Bank of Marin,BoM master,Check #5045 — PAYEE UNKNOWN,Check #5045,-1313.25,11,Flowers,Business,11,Flowers,Business,,,,,
2023-06-05,2023,6,Bank of Marin,BoM master,Check #5043 — PAYEE UNKNOWN,Check #5043,-1313.25,11,Flowers,Business,11,Flowers,Business,,,,,
2023-05-02,2023,5,Bank of Marin,BoM master,Check #5029 — PAYEE UNKNOWN,Check #5029,-1313.25,11,Flowers,Business,11,Flowers,Business,,,,,
2023-04-05,2023,4,Bank of Marin,BoM master,Check #5019 — PAYEE UNKNOWN,Check #5019,-1313.25,11,Flowers,Business,11,Flowers,Business,,,,,
2023-03-02,2023,3,Bank of Marin,BoM master,Check #5064 — PAYEE UNKNOWN,Check #5064,-1313.25,11,Flowers,Business,11,Flowers,Business,,,,,
2023-02-06,2023,2,Bank of Marin,BoM master,Check #5051 — PAYEE UNKNOWN,Check #5051,-1313.25,11,Flowers,Business,11,Flowers,Business,,,,,
2023-01-04,2023,1,Bank of Marin,BoM master,Check #4467 — PAYEE UNKNOWN,Check #4467,-1313.25,11,Flowers,Business,11,Flowers,Business,,,,,
2026-05-06,2026,5,Bank of Marin,BoM master,Neve Bros Inc Sf San Franc Ca,Neve Bros Inc Sf San Franc Ca,-1316.0,11,Flowers,Business,11,Flowers,Business,,,,,
2025-05-08,2025,5,Bank of Marin,2025 v3.xlsx,Farmers Insurance,Farmers Insurance,-1316.88,34,Insurance,Business,34,Insurance,Business,,,,,
2026-04-07,2026,4,Capital One CC,CC uploads,Torchio Nursery,TORCHIO NURSERY COMPAN,-1330.0,11,Flowers,Business,11,Flowers,Business,,,,,
2024-01-03,2024,1,Bank of Marin,2024.xlsx Marin clean,Check #5107 — PAYEE UNKNOWN,Check #5107,-1346.0,11,Flowers,Business,11,Flowers,Business,,,,,
2024-02-05,2024,2,Bank of Marin,2024.xlsx Marin clean,Check #51084 — PAYEE UNKNOWN,Check #51084,-1346.0,11,Flowers,Business,11,Flowers,Business,,,,,
2024-03-07,2024,3,Bank of Marin,2024.xlsx Marin clean,Check #5126 — PAYEE UNKNOWN,Check #5126,-1346.0,11,Flowers,Business,11,Flowers,Business,,,,,
2024-04-03,2024,4,Bank of Marin,2024.xlsx Marin clean,Check #5137 — PAYEE UNKNOWN,Check #5137,-1346.0,11,Flowers,Business,11,Flowers,Business,,,,,
2023-12-04,2023,12,Bank of Marin,BoM master,Check #5102 — PAYEE UNKNOWN,Check #5102,-1346.0,11,Flowers,Business,11,Flowers,Business,,,,,
2023-11-03,2023,11,Bank of Marin,BoM master,Check #5152 — PAYEE UNKNOWN,Check #5152,-1346.0,11,Flowers,Business,11,Flowers,Business,,,,,
2024-05-13,2024,5,Bank of Marin,2024.xlsx Marin clean,Check #5146 — PAYEE UNKNOWN,Check #5146,-1380.0,11,Flowers,Business,11,Flowers,Business,,,,,
2024-06-05,2024,6,Bank of Marin,2024.xlsx Marin clean,Check #205 — PAYEE UNKNOWN,Check #205,-1380.0,11,Flowers,Business,11,Flowers,Business,,,,,
2024-07-10,2024,7,Bank of Marin,2024.xlsx Marin clean,Check #5141 — PAYEE UNKNOWN,Check #5141,-1380.0,11,Flowers,Business,11,Flowers,Business,,,,,
2024-08-06,2024,8,Bank of Marin,2024.xlsx Marin clean,Check #5183 — PAYEE UNKNOWN,Check #5183,-1380.0,11,Flowers,Business,11,Flowers,Business,,,,,
2024-09-09,2024,9,Bank of Marin,2024.xlsx Marin clean,Check #5185 — PAYEE UNKNOWN,Check #5185,-1380.0,11,Flowers,Business,11,Flowers,Business,,,,,
2024-10-10,2024,10,Bank of Marin,2024.xlsx Marin clean,Check #5177 — PAYEE UNKNOWN,Check #5177,-1380.0,11,Flowers,Business,11,Flowers,Business,,,,,
2024-11-05,2024,11,Bank of Marin,2024.xlsx Marin clean,Check #5200 — PAYEE UNKNOWN,Check #5200,-1380.0,11,Flowers,Business,11,Flowers,Business,,,,,
2024-12-12,2024,12,Bank of Marin,2024.xlsx Marin clean,Check #5206 — PAYEE UNKNOWN,Check #5206,-1380.0,11,Flowers,Business,11,Flowers,Business,,,,,
2026-07-03,2026,7,Bank of Marin,BoM master,Check #5191 — PAYEE UNKNOWN,Check #5191,-1380.0,11,Flowers,Business,11,Flowers,Business,,,,,
2026-06-03,2026,6,Bank of Marin,BoM master,Check #5189 — PAYEE UNKNOWN,Check #5189,-1380.0,11,Flowers,Business,11,Flowers,Business,,,,,
2026-05-06,2026,5,Bank of Marin,BoM master,Check #5193 — PAYEE UNKNOWN,Check #5193,-1380.0,11,Flowers,Business,11,Flowers,Business,,,,,
2026-04-08,2026,4,Bank of Marin,BoM master,Check #5188 — PAYEE UNKNOWN,Check #5188,-1380.0,11,Flowers,Business,11,Flowers,Business,,,,,
2026-03-05,2026,3,Bank of Marin,BoM master,Check #5186 — PAYEE UNKNOWN,Check #5186,-1380.0,11,Flowers,Business,11,Flowers,Business,,,,,
2026-02-05,2026,2,Bank of Marin,BoM master,Check #5008 — PAYEE UNKNOWN,Check #5008,-1380.0,11,Flowers,Business,11,Flowers,Business,,,,,
2026-01-12,2026,1,Bank of Marin,BoM master,Check #5004 — PAYEE UNKNOWN,Check #5004,-1380.0,11,Flowers,Business,11,Flowers,Business,,,,,
2025-05-10,2025,5,Capital One CC,2025 v3.xlsx,Torchio Nursery,TORCHIO NURSERY COMPAN,-1382.0,11,Flowers,Business,11,Flowers,Business,,,,,
2026-06-09,2026,6,Capital One CC,CC uploads,Torchio Nursery,TORCHIO NURSERY COMPAN,-1385.0,11,Flowers,Business,11,Flowers,Business,,,,,
2023-05-12,2023,5,Bank of Marin,BoM master,Check #5033 — PAYEE UNKNOWN,Check #5033,-1452.5,11,Flowers,Business,11,Flowers,Business,,,,,
2023-06-14,2023,6,Bank of Marin,BoM master,CA Dept of Tax (CDTFA),CDTFA Tax Payment,-1476.19,12,Tax,Business,12,Tax,Business,,,,,
2026-05-12,2026,5,Capital One CC,CC uploads,Mayesh Wholesale Flowers,Mayesh - San Francisco,-1490.73,11,Flowers,Business,11,Flowers,Business,,,,,
2023-10-19,2023,10,Bank of Marin,BoM master,Check #204 — PAYEE UNKNOWN,Check #204,-1500.0,11,Flowers,Business,11,Flowers,Business,,,,,
2023-09-22,2023,9,Bank of Marin,BoM master,Check #5090 — PAYEE UNKNOWN,Check #5090,-1500.0,11,Flowers,Business,11,Flowers,Business,,,,,
2024-04-16,2024,4,Capital One CC,2024.xlsx Capital 1 Clean,Torchio Nursery,TORCHIO NURSERY COMPAN,-1500.5,11,Flowers,Business,11,Flowers,Business,,,,,
2026-05-08,2026,5,Capital One CC,CC uploads,Torchio Nursery,TORCHIO NURSERY COMPAN,-1502.0,11,Flowers,Business,11,Flowers,Business,,,,,
2025-05-09,2025,5,Capital One CC,2025 v3.xlsx,Torchio Nursery,TORCHIO NURSERY COMPAN,-1518.0,11,Flowers,Business,11,Flowers,Business,,,,,
2025-05-08,2025,5,Bank of Marin,2025 v3.xlsx,Neve Bros Inc Sf San Franc Ca,Neve Bros Inc Sf San Franc Ca,-1555.0,11,Flowers,Business,11,Flowers,Business,,,,,
2026-05-12,2026,5,Bank of Marin,BoM master,Venmo — RECIPIENT UNKNOWN,Transfer to Venmo,-1600.0,22,Venmo,Business,22,Venmo,Business,,,,,
2023-10-05,2023,10,Capital One CC,CC uploads,COPA      02300026562041,COPA      02300026562041,-1641.04,67,Travel,Personal,67,Travel,Personal,,,,,
2024-11-26,2024,11,Bank of Marin,2024.xlsx Marin clean,Farmers Insurance,Farmers Insurance,-1681.88,34,Insurance,Business,34,Insurance,Business,,,,,
2023-02-16,2023,2,Bank of Marin,BoM master,Check #5057 — PAYEE UNKNOWN,Check #5057,-1711.0,11,Flowers,Business,11,Flowers,Business,,,,,
2025-05-10,2025,5,Capital One CC,2025 v3.xlsx,Miguel Flowers,SQ *MIGUEL FLOWERS,-1713.71,11,Flowers,Business,11,Flowers,Business,,,,,
2024-05-08,2024,5,Bank of Marin,2024.xlsx Marin clean,Farmers Insurance,Farmers Insurance,-1721.06,34,Insurance,Business,34,Insurance,Business,,,,,
2023-04-18,2023,4,Bank of Marin,BoM master,CA Dept of Tax (CDTFA),CDTFA Tax Payment,-1763.0,12,Tax,Business,12,Tax,Business,,,,,
2026-05-06,2026,5,Bank of Marin,BoM master,Torchio Nursery,Torchio Nursery Co Mpany,-1856.0,11,Flowers,Business,11,Flowers,Business,,,,,
2023-01-06,2023,1,Bank of Marin,BoM master,CA Dept of Tax (CDTFA),CDTFA Tax Payment,-1899.0,12,Tax,Business,12,Tax,Business,,,,,
2025-05-16,2025,5,Capital One CC,2025 v3.xlsx,Mayesh Wholesale Flowers,Mayesh San Francisco,-1917.6,11,Flowers,Business,11,Flowers,Business,,,,,
2025-05-07,2025,5,Capital One CC,2025 v3.xlsx,Torchio Nursery,TORCHIO NURSERY COMPAN,-1944.5,11,Flowers,Business,11,Flowers,Business,,,,,
2023-06-23,2023,6,Capital One CC,CC uploads,YURI VEBER DDS,YURI VEBER DDS,-2050.0,42,Misc,Business,42,Misc,Business,,,,,
2024-05-22,2024,5,Bank of Marin,2024.xlsx Marin clean,Venmo — RECIPIENT UNKNOWN,Transfer to Venmo,-2207.0,22,Venmo,Business,22,Venmo,Business,,,,,
2026-05-06,2026,5,Capital One CC,CC uploads,Torchio Nursery,TORCHIO NURSERY COMPAN,-2294.0,11,Flowers,Business,11,Flowers,Business,,,,,
2024-01-12,2024,1,Bank of Marin,2024.xlsx Marin clean,Cerda Zein Real Estate (home rent),Cerda Zein Real Web,-2382.0,51,House / Rent,Personal,51,House / Rent,Personal,,,,,
2024-02-01,2024,2,Bank of Marin,2024.xlsx Marin clean,Cerda Zein Real Estate (home rent),Cerda Zein Real Web,-2382.0,51,House / Rent,Personal,51,House / Rent,Personal,,,,,
2024-02-29,2024,2,Bank of Marin,2024.xlsx Marin clean,Cerda Zein Real Estate (home rent),Cerda Zein Real Web,-2382.0,51,House / Rent,Personal,51,House / Rent,Personal,,,,,
2024-04-01,2024,4,Bank of Marin,2024.xlsx Marin clean,Cerda Zein Real Estate (home rent),Cerda Zein Real Web,-2382.0,51,House / Rent,Personal,51,House / Rent,Personal,,,,,
2024-05-01,2024,5,Bank of Marin,2024.xlsx Marin clean,Cerda Zein Real Estate (home rent),Cerda Zein Real Web Kskxy,-2382.0,51,House / Rent,Personal,51,House / Rent,Personal,,,,,
2024-05-30,2024,5,Bank of Marin,2024.xlsx Marin clean,Cerda Zein Real Estate (home rent),Cerda Zein Real Web,-2382.0,51,House / Rent,Personal,51,House / Rent,Personal,,,,,
2024-06-26,2024,6,Bank of Marin,2024.xlsx Marin clean,Cerda Zein Real Estate (home rent),Cerda Zein Real Web,-2382.25,51,House / Rent,Personal,51,House / Rent,Personal,,,,,
2024-07-30,2024,7,Bank of Marin,2024.xlsx Marin clean,Cerda Zein Real Estate (home rent),Cerda Zein Real Web,-2382.25,51,House / Rent,Personal,51,House / Rent,Personal,,,,,
2024-09-03,2024,9,Bank of Marin,2024.xlsx Marin clean,Cerda Zein Real Estate (home rent),Cerda Zein Real Web,-2382.25,51,House / Rent,Personal,51,House / Rent,Personal,,,,,
2024-09-26,2024,9,Bank of Marin,2024.xlsx Marin clean,Cerda Zein Real Estate (home rent),Cerda Zein Real Web,-2382.25,51,House / Rent,Personal,51,House / Rent,Personal,,,,,
2026-06-02,2026,6,Bank of Marin,BoM master,Cerda Zein Real Estate (home rent),Cerda Zein Real Web,-2431.04,51,House / Rent,Personal,51,House / Rent,Personal,,,,,
2025-02-14,2025,2,Capital One CC,2025 v3.xlsx,Mayesh Wholesale Flowers,Mayesh San Francisco,-2438.31,11,Flowers,Business,11,Flowers,Business,,,,,
2024-11-04,2024,11,Bank of Marin,2024.xlsx Marin clean,Cerda Zein Real Estate (home rent),Cerda Zein Real Web,-2446.38,51,House / Rent,Personal,51,House / Rent,Personal,,,,,
2024-12-03,2024,12,Bank of Marin,2024.xlsx Marin clean,Cerda Zein Real Estate (home rent),Cerda Zein Real Web,-2446.38,51,House / Rent,Personal,51,House / Rent,Personal,,,,,
2025-01-02,2025,1,Bank of Marin,2025 v3.xlsx,Cerda Zein Real Estate (home rent),Cerda Zein Real Web,-2446.38,51,House / Rent,Personal,51,House / Rent,Personal,,,,,
2025-02-03,2025,2,Bank of Marin,2025 v3.xlsx,Cerda Zein Real Estate (home rent),Cerda Zein Real Web,-2446.38,51,House / Rent,Personal,51,House / Rent,Personal,,,,,
2025-02-26,2025,2,Bank of Marin,2025 v3.xlsx,Cerda Zein Real Estate (home rent),Cerda Zein Real Web,-2446.38,51,House / Rent,Personal,51,House / Rent,Personal,,,,,
2025-03-31,2025,3,Bank of Marin,2025 v3.xlsx,Cerda Zein Real Estate (home rent),Cerda Zein Real Web,-2446.38,51,House / Rent,Personal,51,House / Rent,Personal,,,,,
2025-05-01,2025,5,Bank of Marin,2025 v3.xlsx,Cerda Zein Real Estate (home rent),Cerda Zein Real Web,-2446.38,51,House / Rent,Personal,51,House / Rent,Personal,,,,,
2025-05-29,2025,5,Bank of Marin,2025 v3.xlsx,Cerda Zein Real Estate (home rent),Cerda Zein Real Web J Dyc,-2446.38,51,House / Rent,Personal,51,House / Rent,Personal,,,,,
2025-07-02,2025,7,Bank of Marin,2025 v3.xlsx,Cerda Zein Real Estate (home rent),Cerda Zein Real Web,-2446.46,51,House / Rent,Personal,51,House / Rent,Personal,,,,,
2025-08-04,2025,8,Bank of Marin,2025 v3.xlsx,Cerda Zein Real Estate (home rent),Cerda Zein Real Web,-2446.46,51,House / Rent,Personal,51,House / Rent,Personal,,,,,
2025-09-02,2025,9,Bank of Marin,2025 v3.xlsx,Cerda Zein Real Estate (home rent),Cerda Zein Real Web,-2446.46,51,House / Rent,Personal,51,House / Rent,Personal,,,,,
2025-10-02,2025,10,Bank of Marin,2025 v3.xlsx,Cerda Zein Real Estate (home rent),Cerda Zein Real Web,-2446.46,51,House / Rent,Personal,51,House / Rent,Personal,,,,,
2025-11-03,2025,11,Bank of Marin,2025 v3.xlsx,Cerda Zein Real Estate (home rent),Cerda Zein Real Web,-2446.46,51,House / Rent,Personal,51,House / Rent,Personal,,,,,
2025-12-02,2025,12,Bank of Marin,2025 v3.xlsx,Cerda Zein Real Estate (home rent),Cerda Zein Real Web W Wyd,-2446.46,51,House / Rent,Personal,51,House / Rent,Personal,,,,,
2026-05-04,2026,5,Bank of Marin,BoM master,Cerda Zein Real Estate (home rent),Cerda Zein Real Web Cyd,-2446.46,51,House / Rent,Personal,51,House / Rent,Personal,,,,,
2026-04-02,2026,4,Bank of Marin,BoM master,Cerda Zein Real Estate (home rent),Cerda Zein Real Web,-2446.46,51,House / Rent,Personal,51,House / Rent,Personal,,,,,
2026-03-02,2026,3,Bank of Marin,BoM master,Cerda Zein Real Estate (home rent),Cerda Zein Real Web,-2446.46,51,House / Rent,Personal,51,House / Rent,Personal,,,,,
2026-02-02,2026,2,Bank of Marin,BoM master,Cerda Zein Real Estate (home rent),Cerda Zein Real Web,-2446.46,51,House / Rent,Personal,51,House / Rent,Personal,,,,,
2026-01-05,2026,1,Bank of Marin,BoM master,Cerda Zein Real Estate (home rent),Cerda Zein Real Web,-2446.46,51,House / Rent,Personal,51,House / Rent,Personal,,,,,
2026-07-02,2026,7,Bank of Marin,BoM master,Cerda Zein Real Estate (home rent),Cerda Zein Real Web,-2446.71,51,House / Rent,Personal,51,House / Rent,Personal,,,,,
2025-02-19,2025,2,Bank of Marin,2025 v3.xlsx,Check #5188 — PAYEE UNKNOWN,Check #5188,-2500.0,11,Flowers,Business,11,Flowers,Business,,,,,
2025-08-12,2025,8,Bank of Marin,2025 v3.xlsx,Check #5245 — PAYEE UNKNOWN,Check #5245,-2500.0,11,Flowers,Business,11,Flowers,Business,,,,,
2023-09-18,2023,9,Bank of Marin,BoM master,Checking,Checking,-2500.0,42,Misc,Business,42,Misc,Business,,,,,
2024-12-12,2024,12,Capital One CC,2024.xlsx Capital 1 Clean,AEROMEXICO COM,AEROMEXICO COM,-2525.33,67,Travel,Personal,67,Travel,Personal,,,,,
2024-12-12,2024,12,Capital One CC,2024.xlsx Capital 1 Clean,AEROMEXICO COM,AEROMEXICO COM,-2525.33,67,Travel,Personal,67,Travel,Personal,,,,,
2024-12-13,2024,12,Capital One CC,2024.xlsx Capital 1 Clean,AEROMEXICO COM,AEROMEXICO COM,-2525.33,67,Travel,Personal,67,Travel,Personal,,,,,
2024-12-13,2024,12,Capital One CC,2024.xlsx Capital 1 Clean,AEROMEXICO COM,AEROMEXICO COM,-2525.33,67,Travel,Personal,67,Travel,Personal,,,,,
2024-12-12,2024,12,Capital One CC,2024.xlsx Capital 1 Clean,PURCHASE ADJUSTMENT,PURCHASE ADJUSTMENT,-2525.33,67,Travel,Personal,67,Travel,Personal,,,,,
2024-12-12,2024,12,Capital One CC,2024.xlsx Capital 1 Clean,PURCHASE ADJUSTMENT,PURCHASE ADJUSTMENT,-2525.33,67,Travel,Personal,67,Travel,Personal,,,,,
2024-12-12,2024,12,Capital One CC,2024.xlsx Capital 1 Clean,PURCHASE ADJUSTMENT,PURCHASE ADJUSTMENT,-2525.33,67,Travel,Personal,67,Travel,Personal,,,,,
2024-12-12,2024,12,Capital One CC,2024.xlsx Capital 1 Clean,PURCHASE ADJUSTMENT,PURCHASE ADJUSTMENT,-2525.33,67,Travel,Personal,67,Travel,Personal,,,,,
2025-02-14,2025,2,Capital One CC,2025 v3.xlsx,Torchio Nursery,TORCHIO NURSERY COMPAN,-2734.5,11,Flowers,Business,11,Flowers,Business,,,,,
2026-02-13,2026,2,Capital One CC,CC uploads,Torchio Nursery,TORCHIO NURSERY COMPAN,-2788.5,11,Flowers,Business,11,Flowers,Business,,,,,
2024-05-24,2024,5,Bank of Marin,2024.xlsx Marin clean,Check #5150 — PAYEE UNKNOWN,Check #5150,-2978.0,11,Flowers,Business,11,Flowers,Business,,,,,
2023-05-03,2023,5,Bank of Marin,BoM master,CA Dept of Tax (CDTFA),CDTFA Tax Payment,-3075.0,12,Tax,Business,12,Tax,Business,,,,,
2026-02-17,2026,2,Capital One CC,CC uploads,Torchio Nursery,TORCHIO NURSERY COMPAN,-3253.5,11,Flowers,Business,11,Flowers,Business,,,,,
2023-07-10,2023,7,Bank of Marin,BoM master,CA Dept of Tax (CDTFA),CDTFA Tax Payment,-3478.81,12,Tax,Business,12,Tax,Business,,,,,
2024-02-20,2024,2,Bank of Marin,2024.xlsx Marin clean,Check #5120 — PAYEE UNKNOWN,Check #5120,-3510.0,11,Flowers,Business,11,Flowers,Business,,,,,
2023-03-09,2023,3,Bank of Marin,BoM master,CA Dept of Tax (CDTFA),CDTFA Tax Payment,-4200.0,12,Tax,Business,12,Tax,Business,,,,,
